rating_id,ride_id,user_id,driver_id,rating_from,rating_to,rating,rating_timestamp,comment_category
1,1,144,25,User,Driver,5,2025-05-16 08:59:51,Excellent
2,1,144,25,Driver,User,4,2025-05-16 08:59:51,Good
3,2,17,1,User,Driver,4,2024-07-25 21:42:20,Good
4,2,17,1,Driver,User,3,2024-07-25 21:42:20,Average
5,3,218,70,User,Driver,1,2025-05-31 07:29:36,Very Poor
6,3,218,70,Driver,User,5,2025-05-31 07:29:36,Excellent
7,5,422,67,User,Driver,5,2024-07-05 06:40:03,Excellent
8,6,401,56,Driver,User,2,2025-01-20 14:57:21,Poor
9,10,161,80,User,Driver,5,2024-04-04 16:12:06,Excellent
10,10,161,80,Driver,User,5,2024-04-04 16:12:06,Excellent
11,11,324,20,User,Driver,4,2025-03-11 12:09:24,Good
12,11,324,20,Driver,User,5,2025-03-11 12:09:24,Excellent
13,12,356,33,User,Driver,5,2025-09-14 17:36:43,Excellent
14,14,234,9,User,Driver,5,2025-10-23 17:11:03,Excellent
15,14,234,9,Driver,User,5,2025-10-23 17:11:03,Excellent
16,15,187,93,User,Driver,5,2024-11-18 09:12:09,Excellent
17,16,145,49,User,Driver,4,2025-10-27 06:56:47,Good
18,17,261,60,User,Driver,4,2025-03-27 01:50:21,Good
19,17,261,60,Driver,User,3,2025-03-27 01:50:21,Average
20,20,391,9,User,Driver,4,2024-10-12 11:09:10,Good
21,20,391,9,Driver,User,4,2024-10-12 11:09:10,Good
22,21,144,25,User,Driver,1,2024-08-19 10:54:14,Very Poor
23,24,96,40,User,Driver,5,2025-01-28 01:34:44,Excellent
24,24,96,40,Driver,User,5,2025-01-28 01:34:44,Excellent
25,27,424,81,User,Driver,3,2025-12-14 16:37:30,Average
26,31,31,15,User,Driver,2,2025-03-07 05:22:00,Poor
27,32,252,48,User,Driver,5,2024-06-19 03:43:02,Excellent
28,34,376,58,User,Driver,4,2025-10-03 06:22:01,Good
29,35,366,33,User,Driver,5,2024-03-27 09:07:29,Excellent
30,35,366,33,Driver,User,5,2024-03-27 09:07:29,Excellent
31,37,9,33,User,Driver,5,2025-07-19 07:43:25,Excellent
32,37,9,33,Driver,User,5,2025-07-19 07:43:25,Excellent
33,38,92,96,User,Driver,5,2024-06-24 10:45:19,Excellent
34,38,92,96,Driver,User,5,2024-06-24 10:45:19,Excellent
35,39,161,82,User,Driver,4,2025-05-08 18:56:33,Good
36,39,161,82,Driver,User,3,2025-05-08 18:56:33,Average
37,40,211,42,User,Driver,3,2024-09-18 22:04:04,Average
38,42,253,12,User,Driver,5,2025-09-13 16:05:38,Excellent
39,42,253,12,Driver,User,4,2025-09-13 16:05:38,Good
40,43,164,49,User,Driver,4,2025-03-06 14:46:33,Good
41,44,122,81,User,Driver,5,2025-02-06 14:47:45,Excellent
42,44,122,81,Driver,User,1,2025-02-06 14:47:45,Very Poor
43,45,131,29,User,Driver,3,2024-12-03 12:34:56,Average
44,45,131,29,Driver,User,4,2024-12-03 12:34:56,Good
45,49,202,29,User,Driver,4,2024-09-04 15:13:31,Good
46,49,202,29,Driver,User,4,2024-09-04 15:13:31,Good
47,50,111,36,User,Driver,5,2025-11-17 03:30:11,Excellent
48,51,89,80,User,Driver,3,2024-06-10 12:24:48,Average
49,52,56,47,User,Driver,5,2024-11-25 12:01:27,Excellent
50,52,56,47,Driver,User,5,2024-11-25 12:01:27,Excellent
51,55,381,22,User,Driver,5,2025-12-17 13:46:24,Excellent
52,57,338,31,User,Driver,2,2024-04-05 22:02:41,Poor
53,57,338,31,Driver,User,5,2024-04-05 22:02:41,Excellent
54,58,497,49,User,Driver,5,2024-02-17 16:45:11,Excellent
55,58,497,49,Driver,User,5,2024-02-17 16:45:11,Excellent
56,60,488,14,Driver,User,5,2025-09-26 12:56:00,Excellent
57,61,20,60,User,Driver,4,2024-12-04 04:43:13,Good
58,62,356,29,User,Driver,5,2024-12-11 23:32:30,Excellent
59,62,356,29,Driver,User,3,2024-12-11 23:32:30,Average
60,63,213,46,User,Driver,4,2024-07-19 23:35:46,Good
61,63,213,46,Driver,User,5,2024-07-19 23:35:46,Excellent
62,64,242,12,User,Driver,5,2024-07-26 20:07:09,Excellent
63,64,242,12,Driver,User,5,2024-07-26 20:07:09,Excellent
64,67,331,36,Driver,User,4,2025-11-03 20:35:44,Good
65,68,78,45,Driver,User,1,2024-09-22 23:25:44,Very Poor
66,69,117,61,User,Driver,5,2024-11-12 03:30:43,Excellent
67,72,86,29,User,Driver,5,2025-12-29 15:19:27,Excellent
68,73,102,20,User,Driver,5,2025-09-18 09:29:22,Excellent
69,74,20,59,Driver,User,1,2024-08-13 20:49:17,Very Poor
70,75,116,20,User,Driver,4,2024-12-23 11:02:12,Good
71,75,116,20,Driver,User,5,2024-12-23 11:02:12,Excellent
72,79,410,98,Driver,User,2,2025-09-22 00:32:16,Poor
73,80,294,20,User,Driver,5,2025-07-14 12:15:46,Excellent
74,80,294,20,Driver,User,3,2025-07-14 12:15:46,Average
75,81,240,4,User,Driver,5,2024-06-20 06:20:30,Excellent
76,81,240,4,Driver,User,5,2024-06-20 06:20:30,Excellent
77,82,30,29,User,Driver,4,2024-11-03 01:56:14,Good
78,85,134,54,User,Driver,5,2024-05-05 20:26:46,Excellent
79,85,134,54,Driver,User,5,2024-05-05 20:26:46,Excellent
80,86,53,93,User,Driver,5,2025-02-14 00:07:21,Excellent
81,86,53,93,Driver,User,4,2025-02-14 00:07:21,Good
82,89,195,72,User,Driver,5,2025-07-06 23:41:44,Excellent
83,89,195,72,Driver,User,3,2025-07-06 23:41:44,Average
84,90,332,93,User,Driver,5,2025-07-11 07:45:33,Excellent
85,90,332,93,Driver,User,5,2025-07-11 07:45:33,Excellent
86,91,313,22,User,Driver,3,2024-04-08 00:24:36,Average
87,95,161,82,User,Driver,3,2024-12-24 08:03:21,Average
88,95,161,82,Driver,User,5,2024-12-24 08:03:21,Excellent
89,96,225,74,User,Driver,4,2024-06-04 13:15:06,Good
90,99,294,89,User,Driver,3,2024-09-18 05:01:28,Average
91,99,294,89,Driver,User,4,2024-09-18 05:01:28,Good
92,100,221,38,User,Driver,4,2025-01-10 12:28:27,Good
93,100,221,38,Driver,User,4,2025-01-10 12:28:27,Good
94,101,30,9,User,Driver,5,2025-07-28 20:42:36,Excellent
95,102,160,43,User,Driver,5,2025-10-09 08:17:06,Excellent
96,103,288,42,User,Driver,2,2024-03-14 23:21:20,Poor
97,103,288,42,Driver,User,5,2024-03-14 23:21:20,Excellent
98,104,480,96,User,Driver,4,2025-08-15 12:42:51,Good
99,104,480,96,Driver,User,1,2025-08-15 12:42:51,Very Poor
100,105,304,65,User,Driver,2,2024-11-28 11:14:30,Poor
101,105,304,65,Driver,User,4,2024-11-28 11:14:30,Good
102,106,78,22,User,Driver,4,2024-05-21 21:40:06,Good
103,107,479,42,User,Driver,5,2024-02-20 18:16:21,Excellent
104,108,460,65,User,Driver,5,2024-02-12 02:56:01,Excellent
105,110,62,84,User,Driver,4,2025-05-03 20:32:02,Good
106,110,62,84,Driver,User,5,2025-05-03 20:32:02,Excellent
107,113,281,31,User,Driver,3,2024-10-08 05:35:32,Average
108,119,16,9,User,Driver,4,2024-10-06 13:58:27,Good
109,119,16,9,Driver,User,4,2024-10-06 13:58:27,Good
110,121,403,15,User,Driver,4,2025-12-31 01:31:25,Good
111,123,88,6,User,Driver,5,2024-12-28 16:51:53,Excellent
112,123,88,6,Driver,User,5,2024-12-28 16:51:53,Excellent
113,124,276,22,User,Driver,5,2024-12-03 22:26:39,Excellent
114,125,15,70,User,Driver,5,2025-04-17 06:04:52,Excellent
115,127,135,83,User,Driver,5,2025-06-26 03:56:03,Excellent
116,128,229,36,User,Driver,4,2025-02-12 11:20:32,Good
117,128,229,36,Driver,User,4,2025-02-12 11:20:32,Good
118,131,16,9,User,Driver,4,2024-05-02 19:32:18,Good
119,131,16,9,Driver,User,4,2024-05-02 19:32:18,Good
120,132,126,81,User,Driver,3,2024-04-10 11:15:35,Average
121,132,126,81,Driver,User,4,2024-04-10 11:15:35,Good
122,133,187,25,User,Driver,5,2024-10-22 01:19:22,Excellent
123,136,68,75,User,Driver,5,2025-10-04 02:48:40,Excellent
124,136,68,75,Driver,User,5,2025-10-04 02:48:40,Excellent
125,139,465,36,User,Driver,5,2024-01-10 10:12:35,Excellent
126,140,31,54,Driver,User,5,2024-04-06 23:06:39,Excellent
127,141,294,16,User,Driver,5,2025-01-12 07:07:51,Excellent
128,141,294,16,Driver,User,5,2025-01-12 07:07:51,Excellent
129,142,259,54,Driver,User,3,2024-08-31 11:26:27,Average
130,143,362,65,User,Driver,4,2024-07-30 08:32:02,Good
131,143,362,65,Driver,User,4,2024-07-30 08:32:02,Good
132,145,136,78,User,Driver,5,2025-03-31 08:02:18,Excellent
133,145,136,78,Driver,User,4,2025-03-31 08:02:18,Good
134,147,99,57,User,Driver,5,2024-06-06 21:57:38,Excellent
135,149,323,60,User,Driver,5,2025-11-25 00:45:23,Excellent
136,153,79,98,User,Driver,3,2024-01-31 07:09:30,Average
137,154,204,49,User,Driver,5,2024-11-25 06:57:04,Excellent
138,156,166,36,User,Driver,1,2024-03-16 02:07:55,Very Poor
139,157,146,18,User,Driver,5,2024-09-21 18:56:40,Excellent
140,158,163,12,User,Driver,5,2025-03-15 10:48:16,Excellent
141,158,163,12,Driver,User,4,2025-03-15 10:48:16,Good
142,159,216,29,User,Driver,4,2025-11-23 03:16:12,Good
143,159,216,29,Driver,User,5,2025-11-23 03:16:12,Excellent
144,160,221,84,User,Driver,4,2025-03-09 17:53:34,Good
145,164,229,5,User,Driver,4,2025-06-21 05:48:36,Good
146,167,489,96,User,Driver,4,2024-11-23 23:48:35,Good
147,167,489,96,Driver,User,4,2024-11-23 23:48:35,Good
148,171,483,38,User,Driver,5,2025-11-23 15:52:37,Excellent
149,171,483,38,Driver,User,5,2025-11-23 15:52:37,Excellent
150,172,8,15,User,Driver,5,2025-12-30 20:26:15,Excellent
151,173,127,98,User,Driver,5,2025-03-01 20:34:01,Excellent
152,174,390,87,User,Driver,4,2024-10-09 04:48:22,Good
153,174,390,87,Driver,User,4,2024-10-09 04:48:22,Good
154,176,233,54,User,Driver,3,2024-05-20 13:50:56,Average
155,176,233,54,Driver,User,5,2024-05-20 13:50:56,Excellent
156,177,476,75,User,Driver,1,2025-10-09 16:10:59,Very Poor
157,177,476,75,Driver,User,5,2025-10-09 16:10:59,Excellent
158,178,238,9,User,Driver,5,2024-05-01 23:29:14,Excellent
159,178,238,9,Driver,User,5,2024-05-01 23:29:14,Excellent
160,181,50,14,User,Driver,2,2024-03-04 23:23:59,Poor
161,182,161,82,User,Driver,5,2024-01-18 14:35:42,Excellent
162,184,283,98,Driver,User,5,2024-05-25 01:09:31,Excellent
163,185,171,12,User,Driver,4,2025-01-01 19:54:10,Good
164,185,171,12,Driver,User,4,2025-01-01 19:54:10,Good
165,186,134,42,User,Driver,5,2024-07-16 10:56:44,Excellent
166,187,500,55,User,Driver,4,2025-02-25 15:39:40,Good
167,188,337,9,User,Driver,5,2025-02-18 16:45:55,Excellent
168,190,398,33,User,Driver,5,2024-09-27 17:29:18,Excellent
169,190,398,33,Driver,User,5,2024-09-27 17:29:18,Excellent
170,192,31,15,Driver,User,5,2024-07-16 23:54:27,Excellent
171,193,265,93,User,Driver,5,2024-09-23 15:33:54,Excellent
172,196,255,15,User,Driver,4,2025-10-12 19:08:45,Good
173,199,165,46,User,Driver,5,2025-01-07 20:14:10,Excellent
174,199,165,46,Driver,User,3,2025-01-07 20:14:10,Average
175,200,357,36,Driver,User,4,2025-11-23 14:00:33,Good
176,201,370,18,User,Driver,5,2024-06-04 16:06:34,Excellent
177,202,30,87,User,Driver,5,2024-09-19 07:51:09,Excellent
178,202,30,87,Driver,User,2,2024-09-19 07:51:09,Poor
179,204,158,55,User,Driver,4,2025-05-09 18:50:22,Good
180,206,392,49,User,Driver,5,2024-02-14 08:37:58,Excellent
181,208,191,82,User,Driver,4,2024-09-08 10:02:13,Good
182,209,142,55,Driver,User,4,2024-06-05 08:08:35,Good
183,211,294,20,User,Driver,4,2025-01-09 02:04:53,Good
184,213,63,49,User,Driver,4,2025-02-23 19:28:04,Good
185,213,63,49,Driver,User,5,2025-02-23 19:28:04,Excellent
186,214,386,10,User,Driver,2,2024-04-02 10:00:48,Poor
187,215,179,54,User,Driver,5,2025-12-08 15:51:39,Excellent
188,218,407,81,User,Driver,5,2025-04-27 03:25:28,Excellent
189,218,407,81,Driver,User,5,2025-04-27 03:25:28,Excellent
190,220,279,15,User,Driver,4,2025-01-15 16:43:25,Good
191,220,279,15,Driver,User,1,2025-01-15 16:43:25,Very Poor
192,221,82,75,User,Driver,5,2025-03-14 04:14:29,Excellent
193,222,317,79,User,Driver,5,2024-09-27 02:26:38,Excellent
194,223,479,15,User,Driver,2,2025-05-13 14:22:59,Poor
195,224,377,14,User,Driver,4,2025-07-31 19:22:19,Good
196,226,283,46,User,Driver,5,2025-05-27 17:42:54,Excellent
197,227,378,55,User,Driver,5,2025-10-20 02:12:33,Excellent
198,227,378,55,Driver,User,5,2025-10-20 02:12:33,Excellent
199,228,62,65,User,Driver,5,2024-01-06 06:41:38,Excellent
200,232,205,33,User,Driver,3,2025-12-30 16:16:24,Average
201,232,205,33,Driver,User,4,2025-12-30 16:16:24,Good
202,233,360,59,User,Driver,5,2025-09-09 09:06:29,Excellent
203,233,360,59,Driver,User,5,2025-09-09 09:06:29,Excellent
204,235,196,93,Driver,User,5,2024-08-19 20:06:25,Excellent
205,238,333,2,User,Driver,4,2025-08-02 05:45:20,Good
206,238,333,2,Driver,User,4,2025-08-02 05:45:20,Good
207,239,267,10,User,Driver,5,2024-01-24 02:42:35,Excellent
208,240,27,32,User,Driver,5,2024-10-18 21:01:49,Excellent
209,240,27,32,Driver,User,4,2024-10-18 21:01:49,Good
210,241,226,34,User,Driver,5,2025-08-19 17:06:38,Excellent
211,241,226,34,Driver,User,4,2025-08-19 17:06:38,Good
212,242,181,42,User,Driver,5,2025-11-19 16:00:26,Excellent
213,243,103,1,User,Driver,4,2024-02-26 14:09:15,Good
214,243,103,1,Driver,User,3,2024-02-26 14:09:15,Average
215,244,194,80,User,Driver,5,2025-12-08 05:33:22,Excellent
216,245,328,25,User,Driver,5,2025-05-12 17:42:57,Excellent
217,245,328,25,Driver,User,4,2025-05-12 17:42:57,Good
218,246,365,93,User,Driver,3,2024-08-27 04:52:42,Average
219,246,365,93,Driver,User,5,2024-08-27 04:52:42,Excellent
220,247,415,94,User,Driver,4,2025-06-25 20:05:47,Good
221,247,415,94,Driver,User,4,2025-06-25 20:05:47,Good
222,248,382,84,User,Driver,5,2025-01-24 10:18:13,Excellent
223,248,382,84,Driver,User,4,2025-01-24 10:18:13,Good
224,249,284,67,User,Driver,3,2025-12-01 14:57:06,Average
225,250,495,65,User,Driver,5,2025-10-08 20:37:52,Excellent
226,250,495,65,Driver,User,4,2025-10-08 20:37:52,Good
227,251,156,4,Driver,User,3,2025-07-19 08:50:44,Average
228,257,144,21,Driver,User,4,2024-01-20 01:01:12,Good
229,258,98,96,User,Driver,4,2024-07-21 11:28:42,Good
230,258,98,96,Driver,User,3,2024-07-21 11:28:42,Average
231,259,87,96,User,Driver,4,2025-03-10 22:18:44,Good
232,259,87,96,Driver,User,4,2025-03-10 22:18:44,Good
233,261,207,97,User,Driver,4,2024-04-01 20:26:07,Good
234,261,207,97,Driver,User,3,2024-04-01 20:26:07,Average
235,263,350,70,User,Driver,4,2025-07-11 00:18:32,Good
236,264,98,98,User,Driver,5,2024-09-17 09:09:40,Excellent
237,264,98,98,Driver,User,5,2024-09-17 09:09:40,Excellent
238,265,171,12,User,Driver,5,2025-03-18 03:16:20,Excellent
239,266,121,74,User,Driver,5,2024-06-11 14:05:23,Excellent
240,266,121,74,Driver,User,4,2024-06-11 14:05:23,Good
241,267,246,87,User,Driver,5,2024-01-25 19:38:07,Excellent
242,267,246,87,Driver,User,5,2024-01-25 19:38:07,Excellent
243,268,495,38,User,Driver,3,2025-05-28 05:43:09,Average
244,268,495,38,Driver,User,4,2025-05-28 05:43:09,Good
245,269,166,31,User,Driver,4,2024-05-28 15:19:47,Good
246,269,166,31,Driver,User,5,2024-05-28 15:19:47,Excellent
247,270,483,61,User,Driver,3,2024-07-28 01:04:58,Average
248,273,232,32,User,Driver,4,2024-11-15 19:20:23,Good
249,273,232,32,Driver,User,5,2024-11-15 19:20:23,Excellent
250,276,263,84,Driver,User,5,2025-07-22 16:15:55,Excellent
251,278,22,98,User,Driver,1,2024-10-26 12:06:53,Very Poor
252,278,22,98,Driver,User,4,2024-10-26 12:06:53,Good
253,279,169,37,User,Driver,5,2024-08-31 00:12:16,Excellent
254,279,169,37,Driver,User,1,2024-08-31 00:12:16,Very Poor
255,282,488,72,Driver,User,4,2024-09-07 12:19:24,Good
256,287,296,13,User,Driver,4,2024-01-10 04:13:24,Good
257,287,296,13,Driver,User,2,2024-01-10 04:13:24,Poor
258,288,201,98,User,Driver,4,2025-03-30 01:24:54,Good
259,288,201,98,Driver,User,5,2025-03-30 01:24:54,Excellent
260,289,471,55,User,Driver,4,2025-04-08 12:53:04,Good
261,290,354,11,User,Driver,3,2025-08-09 17:12:07,Average
262,291,476,65,User,Driver,4,2024-10-19 14:13:47,Good
263,292,253,42,User,Driver,5,2024-02-01 20:36:59,Excellent
264,293,135,52,User,Driver,5,2024-04-28 17:06:41,Excellent
265,293,135,52,Driver,User,3,2024-04-28 17:06:41,Average
266,294,207,40,User,Driver,5,2025-01-06 20:16:47,Excellent
267,296,175,16,User,Driver,1,2024-05-16 13:12:37,Very Poor
268,296,175,16,Driver,User,5,2024-05-16 13:12:37,Excellent
269,297,361,13,User,Driver,5,2025-07-22 08:11:16,Excellent
270,297,361,13,Driver,User,5,2025-07-22 08:11:16,Excellent
271,298,390,33,User,Driver,3,2024-12-24 00:12:37,Average
272,299,3,98,User,Driver,5,2024-01-20 13:24:22,Excellent
273,299,3,98,Driver,User,5,2024-01-20 13:24:22,Excellent
274,300,234,4,Driver,User,4,2025-07-11 22:52:34,Good
275,302,34,42,User,Driver,4,2024-07-15 10:50:56,Good
276,303,167,70,User,Driver,5,2025-09-17 01:43:56,Excellent
277,305,389,81,User,Driver,4,2025-06-19 10:48:43,Good
278,305,389,81,Driver,User,5,2025-06-19 10:48:43,Excellent
279,306,321,4,User,Driver,4,2025-11-16 17:31:46,Good
280,306,321,4,Driver,User,3,2025-11-16 17:31:46,Average
281,307,482,82,User,Driver,3,2024-07-04 03:35:14,Average
282,307,482,82,Driver,User,5,2024-07-04 03:35:14,Excellent
283,310,64,10,User,Driver,4,2024-06-23 15:44:39,Good
284,312,175,22,Driver,User,5,2025-03-28 01:22:50,Excellent
285,314,167,70,Driver,User,3,2025-05-10 23:50:21,Average
286,318,14,29,Driver,User,1,2024-01-07 12:16:17,Very Poor
287,322,98,46,User,Driver,5,2024-07-16 09:52:53,Excellent
288,322,98,46,Driver,User,5,2024-07-16 09:52:53,Excellent
289,323,46,68,User,Driver,4,2025-03-13 02:14:04,Good
290,323,46,68,Driver,User,4,2025-03-13 02:14:04,Good
291,325,483,61,User,Driver,4,2025-12-20 02:34:36,Good
292,325,483,61,Driver,User,5,2025-12-20 02:34:36,Excellent
293,326,217,49,User,Driver,5,2025-05-28 08:36:59,Excellent
294,326,217,49,Driver,User,5,2025-05-28 08:36:59,Excellent
295,327,165,98,User,Driver,3,2025-05-11 02:31:14,Average
296,327,165,98,Driver,User,5,2025-05-11 02:31:14,Excellent
297,330,209,98,User,Driver,3,2024-01-08 07:20:13,Average
298,331,381,22,User,Driver,4,2024-10-12 07:53:08,Good
299,331,381,22,Driver,User,5,2024-10-12 07:53:08,Excellent
300,332,305,98,Driver,User,4,2025-08-28 17:27:02,Good
301,333,230,74,Driver,User,5,2025-09-15 11:47:17,Excellent
302,334,237,14,User,Driver,3,2024-03-15 19:10:09,Average
303,334,237,14,Driver,User,5,2024-03-15 19:10:09,Excellent
304,335,277,20,Driver,User,4,2025-07-26 04:55:17,Good
305,336,145,49,User,Driver,4,2024-08-29 14:37:17,Good
306,336,145,49,Driver,User,5,2024-08-29 14:37:17,Excellent
307,339,112,14,User,Driver,3,2024-01-17 04:37:50,Average
308,341,228,55,User,Driver,5,2025-03-22 06:38:50,Excellent
309,343,153,33,Driver,User,5,2024-10-17 16:00:24,Excellent
310,345,183,97,User,Driver,5,2025-12-31 07:53:28,Excellent
311,346,110,89,User,Driver,2,2025-05-20 00:52:25,Poor
312,347,184,55,Driver,User,3,2024-08-11 02:41:29,Average
313,348,182,11,Driver,User,4,2025-09-18 19:50:10,Good
314,349,53,6,User,Driver,4,2024-04-16 20:01:11,Good
315,349,53,6,Driver,User,4,2024-04-16 20:01:11,Good
316,350,209,29,Driver,User,4,2025-06-08 22:45:00,Good
317,351,48,45,Driver,User,2,2024-08-03 19:47:38,Poor
318,352,347,12,User,Driver,2,2025-04-07 19:38:13,Poor
319,353,386,11,User,Driver,5,2025-05-18 13:43:25,Excellent
320,353,386,11,Driver,User,5,2025-05-18 13:43:25,Excellent
321,355,202,96,User,Driver,4,2024-09-20 00:01:07,Good
322,356,205,33,User,Driver,4,2025-01-31 09:17:14,Good
323,356,205,33,Driver,User,5,2025-01-31 09:17:14,Excellent
324,357,113,96,User,Driver,5,2024-02-17 09:20:11,Excellent
325,357,113,96,Driver,User,3,2024-02-17 09:20:11,Average
326,358,4,18,User,Driver,4,2025-06-17 18:12:53,Good
327,358,4,18,Driver,User,5,2025-06-17 18:12:53,Excellent
328,359,304,64,User,Driver,4,2024-07-30 09:30:52,Good
329,359,304,64,Driver,User,4,2024-07-30 09:30:52,Good
330,361,346,16,User,Driver,4,2025-09-28 13:05:27,Good
331,362,111,5,User,Driver,4,2024-10-10 23:50:43,Good
332,362,111,5,Driver,User,3,2024-10-10 23:50:43,Average
333,363,344,61,Driver,User,5,2024-01-28 22:13:18,Excellent
334,366,183,8,User,Driver,2,2024-12-11 12:20:35,Poor
335,366,183,8,Driver,User,3,2024-12-11 12:20:35,Average
336,368,177,4,Driver,User,5,2025-09-25 01:33:23,Excellent
337,369,355,94,User,Driver,3,2025-01-01 13:18:17,Average
338,369,355,94,Driver,User,4,2025-01-01 13:18:17,Good
339,370,291,3,User,Driver,3,2024-03-13 16:48:42,Average
340,371,456,58,User,Driver,4,2025-03-06 07:12:03,Good
341,371,456,58,Driver,User,5,2025-03-06 07:12:03,Excellent
342,374,403,90,User,Driver,5,2025-02-12 01:51:59,Excellent
343,374,403,90,Driver,User,1,2025-02-12 01:51:59,Very Poor
344,375,93,14,Driver,User,5,2024-08-21 03:22:39,Excellent
345,377,260,49,User,Driver,5,2024-05-29 22:28:01,Excellent
346,377,260,49,Driver,User,4,2024-05-29 22:28:01,Good
347,378,490,49,User,Driver,4,2024-03-09 15:40:39,Good
348,379,88,60,User,Driver,4,2025-03-25 21:15:31,Good
349,381,146,62,User,Driver,5,2024-08-26 23:15:20,Excellent
350,381,146,62,Driver,User,5,2024-08-26 23:15:20,Excellent
351,386,329,93,Driver,User,4,2025-09-30 05:31:50,Good
352,387,308,62,User,Driver,4,2025-08-14 10:28:52,Good
353,388,346,10,User,Driver,5,2024-07-13 08:37:03,Excellent
354,389,129,33,Driver,User,4,2025-08-23 01:05:44,Good
355,391,212,29,User,Driver,3,2024-06-18 21:27:00,Average
356,391,212,29,Driver,User,2,2024-06-18 21:27:00,Poor
357,392,103,37,User,Driver,4,2024-08-30 08:41:03,Good
358,393,296,2,Driver,User,5,2025-01-06 06:42:02,Excellent
359,394,282,20,User,Driver,4,2024-06-08 11:02:01,Good
360,396,238,87,Driver,User,5,2025-09-21 14:19:23,Excellent
361,399,340,15,User,Driver,4,2025-02-25 08:07:20,Good
362,399,340,15,Driver,User,4,2025-02-25 08:07:20,Good
363,401,8,15,User,Driver,1,2025-12-09 21:21:00,Very Poor
364,401,8,15,Driver,User,3,2025-12-09 21:21:00,Average
365,404,306,49,User,Driver,5,2025-04-28 19:07:05,Excellent
366,404,306,49,Driver,User,3,2025-04-28 19:07:05,Average
367,405,491,42,User,Driver,4,2024-02-07 21:02:58,Good
368,406,378,55,Driver,User,5,2024-09-24 12:22:02,Excellent
369,408,324,45,User,Driver,3,2024-03-21 00:39:16,Average
370,408,324,45,Driver,User,3,2024-03-21 00:39:16,Average
371,409,285,47,User,Driver,3,2024-04-20 03:28:22,Average
372,409,285,47,Driver,User,4,2024-04-20 03:28:22,Good
373,410,215,55,Driver,User,4,2025-06-12 00:56:24,Good
374,411,230,74,User,Driver,3,2024-07-05 04:39:24,Average
375,412,373,45,User,Driver,2,2024-09-28 02:37:59,Poor
376,418,410,96,User,Driver,4,2025-05-27 19:15:24,Good
377,418,410,96,Driver,User,4,2025-05-27 19:15:24,Good
378,419,495,65,User,Driver,5,2025-03-08 16:21:00,Excellent
379,422,81,81,User,Driver,5,2024-08-16 18:20:45,Excellent
380,422,81,81,Driver,User,5,2024-08-16 18:20:45,Excellent
381,424,364,49,User,Driver,4,2024-05-08 05:51:27,Good
382,424,364,49,Driver,User,5,2024-05-08 05:51:27,Excellent
383,425,118,67,User,Driver,4,2025-11-14 23:58:52,Good
384,425,118,67,Driver,User,4,2025-11-14 23:58:52,Good
385,426,216,33,Driver,User,4,2024-12-02 14:35:20,Good
386,428,198,74,User,Driver,4,2025-07-11 08:36:38,Good
387,428,198,74,Driver,User,4,2025-07-11 08:36:38,Good
388,430,150,15,User,Driver,5,2024-06-25 20:54:49,Excellent
389,431,469,90,User,Driver,5,2025-06-03 07:02:50,Excellent
390,434,473,70,User,Driver,5,2025-04-20 11:21:39,Excellent
391,435,343,69,User,Driver,4,2025-05-24 12:59:53,Good
392,435,343,69,Driver,User,5,2025-05-24 12:59:53,Excellent
393,438,17,37,User,Driver,5,2025-10-04 19:31:15,Excellent
394,438,17,37,Driver,User,4,2025-10-04 19:31:15,Good
395,439,215,55,User,Driver,4,2025-11-14 06:22:36,Good
396,440,419,48,User,Driver,4,2024-08-04 21:50:00,Good
397,440,419,48,Driver,User,5,2024-08-04 21:50:00,Excellent
398,441,472,54,User,Driver,5,2024-02-04 16:30:38,Excellent
399,441,472,54,Driver,User,5,2024-02-04 16:30:38,Excellent
400,442,370,2,User,Driver,3,2025-04-25 12:32:24,Average
401,442,370,2,Driver,User,4,2025-04-25 12:32:24,Good
402,443,79,98,User,Driver,4,2024-11-12 05:22:08,Good
403,443,79,98,Driver,User,5,2024-11-12 05:22:08,Excellent
404,445,469,12,User,Driver,3,2025-01-12 11:27:22,Average
405,445,469,12,Driver,User,5,2025-01-12 11:27:22,Excellent
406,449,182,16,User,Driver,5,2024-10-25 08:44:36,Excellent
407,449,182,16,Driver,User,4,2024-10-25 08:44:36,Good
408,450,400,33,User,Driver,5,2024-07-02 07:35:38,Excellent
409,453,255,55,User,Driver,4,2025-07-24 13:45:17,Good
410,453,255,55,Driver,User,5,2025-07-24 13:45:17,Excellent
411,454,163,54,Driver,User,5,2024-08-21 19:07:12,Excellent
412,455,413,74,User,Driver,5,2024-09-21 02:43:22,Excellent
413,456,6,12,User,Driver,5,2024-06-15 06:24:34,Excellent
414,457,18,89,User,Driver,5,2025-10-25 01:54:19,Excellent
415,458,249,12,Driver,User,3,2024-04-21 02:52:18,Average
416,459,157,89,User,Driver,4,2025-05-11 12:20:48,Good
417,459,157,89,Driver,User,5,2025-05-11 12:20:48,Excellent
418,461,279,49,User,Driver,3,2024-04-30 19:35:17,Average
419,462,357,31,User,Driver,5,2024-03-18 04:48:29,Excellent
420,462,357,31,Driver,User,4,2024-03-18 04:48:29,Good
421,463,422,28,User,Driver,5,2024-08-22 20:15:21,Excellent
422,463,422,28,Driver,User,3,2024-08-22 20:15:21,Average
423,466,122,6,User,Driver,3,2025-10-13 06:40:58,Average
424,466,122,6,Driver,User,5,2025-10-13 06:40:58,Excellent
425,468,33,57,User,Driver,3,2025-10-28 09:14:43,Average
426,468,33,57,Driver,User,4,2025-10-28 09:14:43,Good
427,470,106,75,Driver,User,3,2024-07-20 14:46:05,Average
428,471,397,42,User,Driver,5,2025-05-14 20:42:45,Excellent
429,471,397,42,Driver,User,3,2025-05-14 20:42:45,Average
430,472,333,83,User,Driver,5,2025-10-21 00:17:27,Excellent
431,472,333,83,Driver,User,5,2025-10-21 00:17:27,Excellent
432,473,382,43,User,Driver,4,2024-12-08 06:06:06,Good
433,473,382,43,Driver,User,5,2024-12-08 06:06:06,Excellent
434,476,209,96,User,Driver,2,2024-08-08 08:06:01,Poor
435,476,209,96,Driver,User,5,2024-08-08 08:06:01,Excellent
436,483,483,38,User,Driver,4,2024-09-10 08:06:30,Good
437,483,483,38,Driver,User,5,2024-09-10 08:06:30,Excellent
438,484,2,48,User,Driver,4,2025-06-09 16:28:27,Good
439,484,2,48,Driver,User,4,2025-06-09 16:28:27,Good
440,489,449,31,User,Driver,4,2024-12-09 09:39:46,Good
441,490,3,33,Driver,User,5,2025-01-06 21:27:59,Excellent
442,491,78,45,User,Driver,4,2025-02-02 00:28:39,Good
443,495,262,9,Driver,User,4,2024-11-28 14:25:26,Good
444,496,106,75,User,Driver,5,2024-10-18 11:08:16,Excellent
445,496,106,75,Driver,User,5,2024-10-18 11:08:16,Excellent
446,497,444,62,User,Driver,5,2024-06-02 22:37:36,Excellent
447,498,302,68,User,Driver,1,2025-03-24 23:24:36,Very Poor
448,499,284,28,User,Driver,5,2025-12-20 14:44:31,Excellent
449,501,295,82,Driver,User,5,2025-03-22 17:07:21,Excellent
450,502,86,33,User,Driver,3,2024-02-01 15:54:45,Average
451,503,307,93,User,Driver,4,2024-04-21 13:03:46,Good
452,504,319,55,User,Driver,4,2025-05-25 04:38:51,Good
453,504,319,55,Driver,User,2,2025-05-25 04:38:51,Poor
454,505,500,54,Driver,User,4,2025-08-21 15:18:48,Good
455,507,353,49,User,Driver,3,2024-03-16 23:36:52,Average
456,507,353,49,Driver,User,4,2024-03-16 23:36:52,Good
457,508,479,49,User,Driver,5,2024-08-31 03:16:14,Excellent
458,508,479,49,Driver,User,5,2024-08-31 03:16:14,Excellent
459,509,129,87,User,Driver,3,2024-04-16 15:16:12,Average
460,509,129,87,Driver,User,4,2024-04-16 15:16:12,Good
461,513,3,96,User,Driver,4,2025-05-20 02:00:06,Good
462,513,3,96,Driver,User,2,2025-05-20 02:00:06,Poor
463,515,103,60,User,Driver,3,2024-04-18 05:21:35,Average
464,515,103,60,Driver,User,4,2024-04-18 05:21:35,Good
465,516,193,16,User,Driver,5,2024-08-21 16:27:27,Excellent
466,516,193,16,Driver,User,5,2024-08-21 16:27:27,Excellent
467,517,202,98,User,Driver,2,2024-05-12 01:18:36,Poor
468,517,202,98,Driver,User,3,2024-05-12 01:18:36,Average
469,520,499,22,User,Driver,5,2024-02-07 23:14:41,Excellent
470,520,499,22,Driver,User,3,2024-02-07 23:14:41,Average
471,527,83,57,Driver,User,5,2024-12-14 14:13:44,Excellent
472,528,34,49,User,Driver,3,2025-03-28 17:32:59,Average
473,529,39,22,User,Driver,5,2025-06-06 14:40:26,Excellent
474,529,39,22,Driver,User,4,2025-06-06 14:40:26,Good
475,530,35,98,User,Driver,5,2024-10-24 00:22:23,Excellent
476,530,35,98,Driver,User,5,2024-10-24 00:22:23,Excellent
477,531,204,90,Driver,User,4,2025-01-05 00:07:09,Good
478,532,424,25,User,Driver,2,2024-05-18 08:05:22,Poor
479,532,424,25,Driver,User,5,2024-05-18 08:05:22,Excellent
480,534,228,55,User,Driver,5,2025-05-11 15:11:17,Excellent
481,534,228,55,Driver,User,5,2025-05-11 15:11:17,Excellent
482,536,200,5,User,Driver,3,2025-06-23 08:51:36,Average
483,539,331,58,User,Driver,3,2025-05-27 16:56:27,Average
484,539,331,58,Driver,User,4,2025-05-27 16:56:27,Good
485,540,138,14,User,Driver,2,2024-05-04 16:50:03,Poor
486,540,138,14,Driver,User,4,2024-05-04 16:50:03,Good
487,541,157,20,User,Driver,5,2024-05-12 21:29:56,Excellent
488,542,471,42,User,Driver,5,2024-07-31 23:47:03,Excellent
489,542,471,42,Driver,User,4,2024-07-31 23:47:03,Good
490,544,218,74,User,Driver,3,2025-04-19 10:54:14,Average
491,544,218,74,Driver,User,3,2025-04-19 10:54:14,Average
492,545,175,11,Driver,User,5,2024-10-24 00:01:18,Excellent
493,548,97,81,User,Driver,4,2025-06-16 17:54:31,Good
494,552,75,96,User,Driver,5,2025-11-12 15:06:39,Excellent
495,553,63,15,User,Driver,3,2024-01-18 19:45:29,Average
496,553,63,15,Driver,User,4,2024-01-18 19:45:29,Good
497,555,160,78,Driver,User,4,2024-01-17 06:50:35,Good
498,556,30,46,User,Driver,3,2025-03-22 05:27:07,Average
499,556,30,46,Driver,User,5,2025-03-22 05:27:07,Excellent
500,558,237,80,User,Driver,4,2025-03-02 14:52:04,Good
501,559,201,98,User,Driver,5,2024-04-08 11:01:34,Excellent
502,560,386,16,User,Driver,5,2025-12-01 01:07:57,Excellent
503,560,386,16,Driver,User,3,2025-12-01 01:07:57,Average
504,561,221,38,User,Driver,5,2025-03-13 22:50:38,Excellent
505,563,298,5,Driver,User,5,2024-09-10 00:31:39,Excellent
506,564,383,12,User,Driver,5,2024-04-12 00:29:07,Excellent
507,566,27,67,User,Driver,5,2025-01-23 15:14:47,Excellent
508,566,27,67,Driver,User,5,2025-01-23 15:14:47,Excellent
509,567,413,70,User,Driver,4,2025-11-23 13:41:43,Good
510,567,413,70,Driver,User,2,2025-11-23 13:41:43,Poor
511,568,57,55,User,Driver,4,2024-08-06 04:52:37,Good
512,570,118,8,User,Driver,5,2025-12-26 11:21:26,Excellent
513,570,118,8,Driver,User,5,2025-12-26 11:21:26,Excellent
514,571,370,94,User,Driver,5,2024-06-21 18:45:18,Excellent
515,572,260,54,User,Driver,4,2025-10-22 16:34:39,Good
516,572,260,54,Driver,User,4,2025-10-22 16:34:39,Good
517,573,264,20,User,Driver,2,2025-07-07 02:36:31,Poor
518,574,118,57,User,Driver,5,2025-10-05 15:23:51,Excellent
519,574,118,57,Driver,User,4,2025-10-05 15:23:51,Good
520,576,274,15,User,Driver,5,2024-08-15 10:11:47,Excellent
521,576,274,15,Driver,User,4,2024-08-15 10:11:47,Good
522,577,326,87,User,Driver,5,2025-10-15 08:59:27,Excellent
523,577,326,87,Driver,User,4,2025-10-15 08:59:27,Good
524,582,204,15,User,Driver,5,2024-08-08 06:58:29,Excellent
525,584,379,12,User,Driver,3,2024-03-13 10:28:25,Average
526,584,379,12,Driver,User,4,2024-03-13 10:28:25,Good
527,585,140,43,User,Driver,2,2025-11-01 08:37:23,Poor
528,586,218,74,User,Driver,5,2025-01-01 13:29:39,Excellent
529,587,190,12,Driver,User,5,2025-01-25 19:32:08,Excellent
530,588,323,21,Driver,User,5,2025-06-16 19:44:39,Excellent
531,590,48,10,User,Driver,3,2025-05-31 20:13:58,Average
532,590,48,10,Driver,User,5,2025-05-31 20:13:58,Excellent
533,591,209,9,User,Driver,4,2025-02-26 21:38:52,Good
534,592,136,38,Driver,User,4,2025-10-21 00:05:16,Good
535,594,196,25,User,Driver,2,2024-08-30 00:55:55,Poor
536,594,196,25,Driver,User,4,2024-08-30 00:55:55,Good
537,595,328,81,User,Driver,5,2025-01-13 19:45:19,Excellent
538,598,51,96,User,Driver,3,2025-07-03 12:40:13,Average
539,598,51,96,Driver,User,5,2025-07-03 12:40:13,Excellent
540,600,467,97,User,Driver,5,2024-04-27 06:14:40,Excellent
541,600,467,97,Driver,User,4,2024-04-27 06:14:40,Good
542,601,60,93,Driver,User,5,2024-06-09 05:31:57,Excellent
543,602,294,45,User,Driver,5,2025-12-17 06:47:49,Excellent
544,606,210,16,Driver,User,5,2024-11-29 11:21:51,Excellent
545,608,123,87,User,Driver,4,2024-08-05 13:28:42,Good
546,610,155,5,User,Driver,4,2024-03-28 07:25:28,Good
547,610,155,5,Driver,User,5,2024-03-28 07:25:28,Excellent
548,612,184,49,Driver,User,5,2024-01-09 06:50:12,Excellent
549,614,78,89,User,Driver,2,2025-02-10 11:19:53,Poor
550,614,78,89,Driver,User,5,2025-02-10 11:19:53,Excellent
551,619,369,98,User,Driver,5,2024-08-25 16:29:31,Excellent
552,620,135,94,User,Driver,4,2025-07-27 21:11:33,Good
553,620,135,94,Driver,User,5,2025-07-27 21:11:33,Excellent
554,621,127,33,Driver,User,4,2025-07-22 20:56:48,Good
555,622,481,21,Driver,User,4,2024-10-30 23:22:55,Good
556,625,20,81,User,Driver,2,2024-10-04 06:34:33,Poor
557,626,320,74,User,Driver,4,2024-12-03 13:12:22,Good
558,626,320,74,Driver,User,5,2024-12-03 13:12:22,Excellent
559,628,195,48,User,Driver,4,2025-08-03 01:05:03,Good
560,628,195,48,Driver,User,5,2025-08-03 01:05:03,Excellent
561,637,486,22,Driver,User,1,2024-02-05 19:34:10,Very Poor
562,639,103,47,Driver,User,4,2024-12-08 23:11:54,Good
563,640,7,87,User,Driver,4,2025-10-25 18:52:33,Good
564,641,395,78,User,Driver,3,2024-03-18 13:26:46,Average
565,641,395,78,Driver,User,4,2024-03-18 13:26:46,Good
566,642,435,10,User,Driver,5,2025-10-08 00:59:10,Excellent
567,642,435,10,Driver,User,3,2025-10-08 00:59:10,Average
568,643,235,82,Driver,User,5,2025-11-29 00:37:24,Excellent
569,644,303,31,User,Driver,3,2024-02-26 14:21:12,Average
570,646,485,9,Driver,User,5,2024-04-02 06:21:04,Excellent
571,647,216,98,User,Driver,5,2024-07-26 08:56:47,Excellent
572,647,216,98,Driver,User,3,2024-07-26 08:56:47,Average
573,648,364,55,User,Driver,5,2024-06-09 10:33:15,Excellent
574,648,364,55,Driver,User,4,2024-06-09 10:33:15,Good
575,649,39,89,User,Driver,4,2025-08-03 15:15:12,Good
576,650,439,89,User,Driver,4,2024-02-02 17:57:11,Good
577,651,460,65,User,Driver,5,2024-02-28 21:34:18,Excellent
578,652,165,4,User,Driver,5,2024-01-15 13:04:15,Excellent
579,657,440,33,User,Driver,2,2025-02-09 00:43:52,Poor
580,658,383,49,User,Driver,5,2024-03-03 08:24:30,Excellent
581,660,379,12,User,Driver,4,2024-07-08 11:28:37,Good
582,664,449,58,User,Driver,4,2025-04-21 01:39:35,Good
583,664,449,58,Driver,User,3,2025-04-21 01:39:35,Average
584,665,62,43,Driver,User,2,2024-06-07 14:28:08,Poor
585,668,13,42,Driver,User,4,2024-11-25 19:48:35,Good
586,671,244,20,User,Driver,3,2024-08-07 10:01:02,Average
587,671,244,20,Driver,User,5,2024-08-07 10:01:02,Excellent
588,675,446,33,User,Driver,4,2025-09-08 21:10:52,Good
589,675,446,33,Driver,User,2,2025-09-08 21:10:52,Poor
590,677,194,72,User,Driver,4,2024-06-25 04:13:22,Good
591,677,194,72,Driver,User,5,2024-06-25 04:13:22,Excellent
592,678,208,62,User,Driver,5,2024-07-20 22:32:31,Excellent
593,678,208,62,Driver,User,5,2024-07-20 22:32:31,Excellent
594,679,124,32,User,Driver,2,2024-05-05 12:42:18,Poor
595,679,124,32,Driver,User,5,2024-05-05 12:42:18,Excellent
596,682,43,29,User,Driver,3,2024-09-30 00:40:31,Average
597,682,43,29,Driver,User,5,2024-09-30 00:40:31,Excellent
598,683,378,15,User,Driver,3,2024-01-19 09:32:23,Average
599,683,378,15,Driver,User,4,2024-01-19 09:32:23,Good
600,684,463,15,User,Driver,5,2025-04-19 14:52:21,Excellent
601,689,178,42,User,Driver,3,2024-03-20 09:02:28,Average
602,689,178,42,Driver,User,5,2024-03-20 09:02:28,Excellent
603,690,424,81,Driver,User,5,2025-11-25 05:56:27,Excellent
604,693,410,46,Driver,User,3,2025-08-16 17:13:24,Average
605,694,76,68,Driver,User,5,2024-03-27 17:49:25,Excellent
606,695,324,16,User,Driver,5,2025-12-08 06:18:23,Excellent
607,698,184,15,User,Driver,5,2024-03-18 20:05:00,Excellent
608,699,187,37,User,Driver,5,2025-01-05 21:16:22,Excellent
609,699,187,37,Driver,User,3,2025-01-05 21:16:22,Average
610,700,389,93,User,Driver,4,2025-03-14 21:59:30,Good
611,700,389,93,Driver,User,5,2025-03-14 21:59:30,Excellent
612,701,305,29,User,Driver,4,2025-07-24 14:09:26,Good
613,701,305,29,Driver,User,4,2025-07-24 14:09:26,Good
614,706,87,96,Driver,User,2,2024-11-16 23:10:19,Poor
615,709,203,78,User,Driver,2,2025-09-02 17:54:43,Poor
616,709,203,78,Driver,User,5,2025-09-02 17:54:43,Excellent
617,710,52,70,User,Driver,5,2025-02-26 01:13:06,Excellent
618,710,52,70,Driver,User,2,2025-02-26 01:13:06,Poor
619,711,212,87,User,Driver,4,2024-11-06 22:40:31,Good
620,712,339,56,Driver,User,5,2025-10-17 23:00:08,Excellent
621,713,453,69,User,Driver,2,2025-04-25 03:53:44,Poor
622,713,453,69,Driver,User,5,2025-04-25 03:53:44,Excellent
623,714,196,93,User,Driver,5,2025-05-17 06:04:01,Excellent
624,717,475,72,Driver,User,5,2025-05-26 21:56:05,Excellent
625,719,204,90,User,Driver,3,2025-10-14 12:23:39,Average
626,720,29,67,User,Driver,5,2025-10-07 08:36:26,Excellent
627,720,29,67,Driver,User,4,2025-10-07 08:36:26,Good
628,721,500,15,User,Driver,5,2024-09-30 23:53:04,Excellent
629,722,476,75,User,Driver,4,2025-11-22 14:37:09,Good
630,725,245,72,User,Driver,4,2025-02-23 02:31:55,Good
631,725,245,72,Driver,User,4,2025-02-23 02:31:55,Good
632,726,15,70,User,Driver,4,2025-04-20 04:44:56,Good
633,726,15,70,Driver,User,4,2025-04-20 04:44:56,Good
634,728,305,29,User,Driver,5,2025-06-18 10:50:27,Excellent
635,736,261,81,User,Driver,5,2025-05-22 08:08:07,Excellent
636,736,261,81,Driver,User,4,2025-05-22 08:08:07,Good
637,737,239,56,Driver,User,4,2025-01-28 21:11:24,Good
638,738,483,75,Driver,User,5,2024-01-03 02:47:13,Excellent
639,740,408,60,User,Driver,4,2024-02-10 00:46:52,Good
640,740,408,60,Driver,User,4,2024-02-10 00:46:52,Good
641,742,438,87,User,Driver,2,2024-03-24 01:34:28,Poor
642,743,373,89,User,Driver,4,2024-10-19 10:10:52,Good
643,744,325,90,User,Driver,5,2025-11-20 09:27:22,Excellent
644,747,302,40,User,Driver,5,2025-03-29 21:14:39,Excellent
645,748,130,82,User,Driver,5,2025-05-27 19:35:35,Excellent
646,750,350,69,User,Driver,4,2024-11-28 23:06:58,Good
647,750,350,69,Driver,User,2,2024-11-28 23:06:58,Poor
648,752,223,98,User,Driver,5,2024-09-24 07:26:08,Excellent
649,753,354,11,User,Driver,5,2025-06-29 18:14:11,Excellent
650,754,122,21,Driver,User,2,2025-01-14 06:02:04,Poor
651,755,450,86,User,Driver,4,2025-01-13 00:29:21,Good
652,755,450,86,Driver,User,4,2025-01-13 00:29:21,Good
653,756,235,14,Driver,User,5,2024-09-11 10:48:34,Excellent
654,758,256,14,Driver,User,5,2025-07-30 16:48:00,Excellent
655,759,225,74,Driver,User,5,2024-01-20 17:59:07,Excellent
656,760,102,89,User,Driver,5,2024-06-30 02:41:44,Excellent
657,760,102,89,Driver,User,5,2024-06-30 02:41:44,Excellent
658,764,133,57,User,Driver,5,2024-05-15 13:17:55,Excellent
659,765,330,33,User,Driver,3,2025-07-24 01:55:00,Average
660,765,330,33,Driver,User,5,2025-07-24 01:55:00,Excellent
661,768,35,98,User,Driver,2,2025-10-07 22:39:06,Poor
662,769,22,87,User,Driver,5,2025-12-20 11:48:50,Excellent
663,769,22,87,Driver,User,2,2025-12-20 11:48:50,Poor
664,770,114,34,Driver,User,1,2024-10-23 21:54:45,Very Poor
665,772,168,15,User,Driver,4,2024-03-22 16:09:28,Good
666,772,168,15,Driver,User,3,2024-03-22 16:09:28,Average
667,773,355,2,User,Driver,4,2024-10-22 14:30:44,Good
668,774,323,21,User,Driver,3,2025-04-17 10:03:17,Average
669,775,234,96,Driver,User,5,2024-02-22 15:49:15,Excellent
670,776,373,89,User,Driver,5,2024-10-03 13:47:20,Excellent
671,776,373,89,Driver,User,5,2024-10-03 13:47:20,Excellent
672,777,370,83,User,Driver,4,2024-11-05 20:44:58,Good
673,777,370,83,Driver,User,5,2024-11-05 20:44:58,Excellent
674,778,145,55,User,Driver,3,2024-12-14 19:18:23,Average
675,779,496,15,User,Driver,5,2025-12-31 19:21:06,Excellent
676,780,477,84,User,Driver,4,2025-01-07 23:55:22,Good
677,780,477,84,Driver,User,4,2025-01-07 23:55:22,Good
678,781,145,42,Driver,User,5,2024-06-04 20:30:49,Excellent
679,782,247,32,User,Driver,5,2024-05-24 11:04:59,Excellent
680,783,468,16,Driver,User,5,2024-12-24 01:17:06,Excellent
681,785,458,1,User,Driver,3,2024-08-02 08:54:50,Average
682,786,150,49,User,Driver,5,2024-10-30 00:46:43,Excellent
683,788,348,33,Driver,User,5,2024-02-25 19:43:05,Excellent
684,789,215,42,Driver,User,5,2024-09-21 17:46:07,Excellent
685,790,306,12,User,Driver,4,2024-03-22 22:25:03,Good
686,791,404,82,User,Driver,5,2024-02-01 12:43:16,Excellent
687,792,214,46,User,Driver,4,2025-03-08 15:47:12,Good
688,792,214,46,Driver,User,5,2025-03-08 15:47:12,Excellent
689,793,256,72,User,Driver,4,2024-07-20 08:39:06,Good
690,793,256,72,Driver,User,2,2024-07-20 08:39:06,Poor
691,794,350,86,User,Driver,5,2025-12-30 19:41:55,Excellent
692,796,467,8,User,Driver,4,2024-03-05 11:23:23,Good
693,797,2,80,User,Driver,4,2025-01-13 16:02:46,Good
694,797,2,80,Driver,User,5,2025-01-13 16:02:46,Excellent
695,798,359,70,User,Driver,5,2024-04-07 05:46:35,Excellent
696,800,407,59,User,Driver,5,2025-09-25 06:00:21,Excellent
697,801,262,4,User,Driver,4,2024-02-08 22:55:14,Good
698,801,262,4,Driver,User,4,2024-02-08 22:55:14,Good
699,802,477,78,Driver,User,4,2024-12-05 14:33:27,Good
700,804,68,64,User,Driver,5,2024-03-10 23:33:32,Excellent
701,804,68,64,Driver,User,5,2024-03-10 23:33:32,Excellent
702,810,369,9,User,Driver,5,2025-05-10 15:46:33,Excellent
703,812,411,86,Driver,User,4,2025-07-18 14:54:12,Good
704,813,262,96,User,Driver,4,2025-07-04 21:26:20,Good
705,813,262,96,Driver,User,4,2025-07-04 21:26:20,Good
706,814,146,13,User,Driver,5,2024-06-22 12:02:31,Excellent
707,815,129,29,User,Driver,5,2024-10-28 20:36:55,Excellent
708,815,129,29,Driver,User,4,2024-10-28 20:36:55,Good
709,818,31,15,Driver,User,5,2025-10-08 07:42:40,Excellent
710,820,289,90,User,Driver,1,2025-10-13 03:49:27,Very Poor
711,820,289,90,Driver,User,4,2025-10-13 03:49:27,Good
712,821,464,74,User,Driver,5,2024-04-22 18:30:30,Excellent
713,821,464,74,Driver,User,4,2024-04-22 18:30:30,Good
714,822,366,87,User,Driver,5,2025-07-09 01:47:53,Excellent
715,823,276,16,Driver,User,2,2025-11-10 05:49:08,Poor
716,825,367,10,User,Driver,3,2025-03-15 23:33:23,Average
717,827,5,31,User,Driver,4,2024-12-16 16:49:31,Good
718,829,161,82,Driver,User,5,2024-11-24 19:48:30,Excellent
719,830,264,22,User,Driver,5,2025-12-23 20:52:10,Excellent
720,831,2,80,Driver,User,5,2024-03-29 02:07:05,Excellent
721,832,63,49,User,Driver,2,2024-03-22 02:14:44,Poor
722,832,63,49,Driver,User,2,2024-03-22 02:14:44,Poor
723,833,396,3,Driver,User,3,2024-01-24 09:23:13,Average
724,834,375,87,Driver,User,4,2025-11-25 18:37:36,Good
725,836,282,10,Driver,User,5,2024-08-18 23:18:53,Excellent
726,838,466,1,User,Driver,4,2025-06-21 13:17:22,Good
727,840,359,70,User,Driver,5,2025-07-23 09:53:12,Excellent
728,841,44,2,Driver,User,5,2025-08-21 01:39:50,Excellent
729,844,2,14,User,Driver,3,2025-05-27 22:13:12,Average
730,844,2,14,Driver,User,4,2025-05-27 22:13:12,Good
731,846,274,54,User,Driver,5,2024-04-17 18:22:38,Excellent
732,846,274,54,Driver,User,3,2024-04-17 18:22:38,Average
733,849,408,1,User,Driver,5,2024-11-13 17:03:32,Excellent
734,851,70,29,User,Driver,4,2024-06-04 08:51:41,Good
735,853,233,12,User,Driver,4,2025-07-20 06:41:51,Good
736,853,233,12,Driver,User,4,2025-07-20 06:41:51,Good
737,856,204,49,User,Driver,5,2024-12-03 20:01:52,Excellent
738,856,204,49,Driver,User,4,2024-12-03 20:01:52,Good
739,857,141,96,Driver,User,5,2025-02-06 06:55:46,Excellent
740,860,110,22,Driver,User,3,2025-07-26 01:13:46,Average
741,861,121,69,User,Driver,3,2024-11-17 14:39:51,Average
742,861,121,69,Driver,User,4,2024-11-17 14:39:51,Good
743,863,4,94,User,Driver,4,2025-07-29 02:37:51,Good
744,863,4,94,Driver,User,5,2025-07-29 02:37:51,Excellent
745,868,374,37,Driver,User,4,2024-09-07 02:01:46,Good
746,869,125,48,Driver,User,4,2025-10-05 14:41:45,Good
747,872,313,16,Driver,User,5,2025-03-10 20:33:42,Excellent
748,873,31,90,User,Driver,5,2024-12-18 18:38:05,Excellent
749,874,119,18,User,Driver,4,2024-11-06 20:53:03,Good
750,875,136,34,User,Driver,4,2025-04-16 10:20:24,Good
751,876,136,84,Driver,User,5,2025-05-01 20:20:21,Excellent
752,877,443,90,User,Driver,5,2024-09-28 08:15:48,Excellent
753,879,71,12,User,Driver,2,2025-05-28 14:31:34,Poor
754,879,71,12,Driver,User,5,2025-05-28 14:31:34,Excellent
755,880,498,97,User,Driver,4,2024-12-17 17:41:51,Good
756,880,498,97,Driver,User,4,2024-12-17 17:41:51,Good
757,883,222,89,User,Driver,5,2025-09-02 09:08:36,Excellent
758,883,222,89,Driver,User,5,2025-09-02 09:08:36,Excellent
759,885,466,47,User,Driver,3,2024-06-15 12:46:01,Average
760,885,466,47,Driver,User,5,2024-06-15 12:46:01,Excellent
761,887,179,15,Driver,User,5,2024-01-21 14:19:05,Excellent
762,890,124,28,User,Driver,2,2024-07-01 17:22:30,Poor
763,890,124,28,Driver,User,1,2024-07-01 17:22:30,Very Poor
764,892,140,75,User,Driver,5,2024-10-30 15:40:58,Excellent
765,893,206,37,User,Driver,4,2025-02-10 14:40:33,Good
766,894,138,72,User,Driver,5,2025-06-21 11:29:34,Excellent
767,895,75,87,User,Driver,5,2025-12-24 11:20:32,Excellent
768,898,191,14,User,Driver,4,2025-09-25 21:20:12,Good
769,898,191,14,Driver,User,4,2025-09-25 21:20:12,Good
770,899,49,82,Driver,User,5,2025-03-22 07:31:57,Excellent
771,900,274,55,User,Driver,5,2024-01-16 15:32:32,Excellent
772,900,274,55,Driver,User,5,2024-01-16 15:32:32,Excellent
773,902,311,15,User,Driver,5,2024-06-23 20:31:26,Excellent
774,903,6,54,User,Driver,5,2025-10-31 07:51:53,Excellent
775,908,370,83,User,Driver,4,2025-06-19 12:21:07,Good
776,908,370,83,Driver,User,3,2025-06-19 12:21:07,Average
777,909,169,93,User,Driver,5,2024-05-12 21:13:29,Excellent
778,909,169,93,Driver,User,5,2024-05-12 21:13:29,Excellent
779,910,467,8,User,Driver,5,2024-06-23 01:39:03,Excellent
780,912,398,29,User,Driver,3,2025-03-01 20:30:16,Average
781,913,407,25,User,Driver,5,2024-05-15 06:18:34,Excellent
782,914,484,74,User,Driver,5,2024-02-28 10:41:01,Excellent
783,917,407,1,User,Driver,5,2024-07-29 19:42:33,Excellent
784,917,407,1,Driver,User,4,2024-07-29 19:42:33,Good
785,918,13,54,User,Driver,5,2024-07-13 18:03:26,Excellent
786,918,13,54,Driver,User,5,2024-07-13 18:03:26,Excellent
787,919,364,12,User,Driver,5,2024-08-07 14:15:29,Excellent
788,919,364,12,Driver,User,4,2024-08-07 14:15:29,Good
789,920,481,37,User,Driver,2,2024-05-10 01:54:59,Poor
790,920,481,37,Driver,User,5,2024-05-10 01:54:59,Excellent
791,922,456,5,User,Driver,5,2025-02-21 18:55:37,Excellent
792,924,210,20,User,Driver,2,2024-10-31 18:55:01,Poor
793,924,210,20,Driver,User,3,2024-10-31 18:55:01,Average
794,926,357,5,User,Driver,4,2024-07-16 01:46:29,Good
795,927,31,42,User,Driver,5,2025-07-31 19:40:55,Excellent
796,927,31,42,Driver,User,4,2025-07-31 19:40:55,Good
797,934,74,12,User,Driver,4,2024-06-10 09:55:18,Good
798,934,74,12,Driver,User,4,2024-06-10 09:55:18,Good
799,937,337,87,Driver,User,5,2024-03-09 01:31:58,Excellent
800,939,52,74,User,Driver,4,2025-03-07 02:50:28,Good
801,939,52,74,Driver,User,4,2025-03-07 02:50:28,Good
802,943,235,14,User,Driver,4,2024-12-21 15:26:44,Good
803,943,235,14,Driver,User,5,2024-12-21 15:26:44,Excellent
804,947,496,42,User,Driver,5,2025-05-05 15:44:56,Excellent
805,948,120,22,Driver,User,5,2025-05-24 21:04:43,Excellent
806,951,13,15,User,Driver,5,2024-01-04 08:08:42,Excellent
807,952,355,83,User,Driver,4,2024-02-09 16:12:22,Good
808,953,117,64,User,Driver,5,2025-02-18 04:15:08,Excellent
809,953,117,64,Driver,User,4,2025-02-18 04:15:08,Good
810,954,281,5,User,Driver,5,2024-11-30 18:40:04,Excellent
811,954,281,5,Driver,User,4,2024-11-30 18:40:04,Good
812,956,306,12,User,Driver,2,2025-12-30 01:17:27,Poor
813,956,306,12,Driver,User,3,2025-12-30 01:17:27,Average
814,959,400,46,Driver,User,3,2024-06-16 01:33:13,Average
815,960,440,46,User,Driver,3,2024-07-31 17:32:34,Average
816,961,226,61,Driver,User,4,2024-08-09 21:58:10,Good
817,964,394,98,User,Driver,4,2025-05-14 13:30:42,Good
818,964,394,98,Driver,User,5,2025-05-14 13:30:42,Excellent
819,965,477,78,User,Driver,2,2024-03-23 16:55:26,Poor
820,965,477,78,Driver,User,2,2024-03-23 16:55:26,Poor
821,971,274,12,User,Driver,5,2025-10-02 03:56:11,Excellent
822,972,4,2,User,Driver,5,2024-04-15 19:13:09,Excellent
823,972,4,2,Driver,User,5,2024-04-15 19:13:09,Excellent
824,973,206,93,User,Driver,4,2025-03-17 14:29:01,Good
825,973,206,93,Driver,User,5,2025-03-17 14:29:01,Excellent
826,975,96,28,User,Driver,4,2024-04-21 07:47:55,Good
827,976,168,55,User,Driver,5,2025-11-11 08:58:32,Excellent
828,977,436,33,Driver,User,5,2024-05-21 20:36:09,Excellent
829,978,108,15,User,Driver,3,2024-12-20 13:23:28,Average
830,979,110,10,User,Driver,4,2025-11-28 02:53:15,Good
831,979,110,10,Driver,User,4,2025-11-28 02:53:15,Good
832,982,113,98,User,Driver,5,2024-12-09 22:11:13,Excellent
833,982,113,98,Driver,User,4,2024-12-09 22:11:13,Good
834,983,15,69,User,Driver,5,2024-01-17 04:32:47,Excellent
835,984,6,54,User,Driver,2,2024-09-21 11:08:58,Poor
836,986,262,96,User,Driver,5,2025-03-14 18:23:16,Excellent
837,989,481,47,User,Driver,5,2024-09-17 09:05:59,Excellent
838,989,481,47,Driver,User,3,2024-09-17 09:05:59,Average
839,990,490,12,User,Driver,4,2025-09-19 02:33:29,Good
840,990,490,12,Driver,User,5,2025-09-19 02:33:29,Excellent
841,991,15,70,User,Driver,5,2024-05-18 07:30:05,Excellent
842,991,15,70,Driver,User,5,2024-05-18 07:30:05,Excellent
843,992,479,90,User,Driver,3,2025-01-30 21:21:18,Average
844,993,291,97,User,Driver,5,2024-01-27 07:44:51,Excellent
845,994,343,70,User,Driver,5,2025-01-08 08:29:21,Excellent
846,995,347,90,Driver,User,5,2025-06-23 07:49:45,Excellent
847,996,251,33,User,Driver,3,2025-05-16 15:36:45,Average
848,997,73,96,User,Driver,5,2025-06-25 13:06:18,Excellent
849,997,73,96,Driver,User,5,2025-06-25 13:06:18,Excellent
850,998,356,29,User,Driver,4,2025-03-23 07:04:26,Good
851,998,356,29,Driver,User,5,2025-03-23 07:04:26,Excellent
852,999,183,57,User,Driver,3,2024-04-16 10:28:08,Average
853,999,183,57,Driver,User,3,2024-04-16 10:28:08,Average
854,1000,492,69,User,Driver,5,2025-05-02 22:08:26,Excellent
855,1001,119,2,Driver,User,5,2025-04-15 12:49:44,Excellent
856,1002,89,82,Driver,User,5,2024-04-27 12:36:34,Excellent
857,1003,206,81,User,Driver,5,2024-02-06 02:26:26,Excellent
858,1004,411,74,User,Driver,2,2025-07-03 23:16:38,Poor
859,1004,411,74,Driver,User,5,2025-07-03 23:16:38,Excellent
860,1006,241,20,Driver,User,4,2025-07-12 05:42:21,Good
861,1007,440,96,User,Driver,4,2025-10-20 01:48:32,Good
862,1008,153,98,User,Driver,1,2024-04-12 22:00:42,Very Poor
863,1010,152,84,User,Driver,5,2025-08-18 10:58:39,Excellent
864,1010,152,84,Driver,User,5,2025-08-18 10:58:39,Excellent
865,1011,212,96,Driver,User,4,2025-05-03 20:12:24,Good
866,1012,33,67,User,Driver,5,2024-11-18 20:07:31,Excellent
867,1013,392,54,User,Driver,5,2025-08-03 08:48:00,Excellent
868,1013,392,54,Driver,User,3,2025-08-03 08:48:00,Average
869,1016,296,62,User,Driver,3,2025-08-07 00:06:07,Average
870,1017,296,18,User,Driver,5,2024-06-26 15:48:33,Excellent
871,1018,64,11,User,Driver,3,2025-12-07 03:29:10,Average
872,1018,64,11,Driver,User,2,2025-12-07 03:29:10,Poor
873,1020,64,89,User,Driver,3,2025-03-10 08:37:20,Average
874,1022,16,98,User,Driver,5,2025-09-15 00:48:22,Excellent
875,1022,16,98,Driver,User,5,2025-09-15 00:48:22,Excellent
876,1023,419,72,User,Driver,4,2025-04-30 10:33:07,Good
877,1025,239,40,Driver,User,3,2025-09-02 05:43:33,Average
878,1026,451,16,User,Driver,5,2025-06-17 08:54:50,Excellent
879,1028,106,78,User,Driver,5,2025-11-12 12:26:05,Excellent
880,1028,106,78,Driver,User,5,2025-11-12 12:26:05,Excellent
881,1029,443,54,User,Driver,5,2024-03-21 13:36:37,Excellent
882,1030,411,86,User,Driver,4,2025-01-29 11:01:26,Good
883,1030,411,86,Driver,User,5,2025-01-29 11:01:26,Excellent
884,1031,68,84,User,Driver,3,2024-03-16 23:28:38,Average
885,1031,68,84,Driver,User,4,2024-03-16 23:28:38,Good
886,1033,239,68,User,Driver,5,2024-06-18 07:26:21,Excellent
887,1033,239,68,Driver,User,5,2024-06-18 07:26:21,Excellent
888,1036,466,81,Driver,User,5,2024-08-17 21:05:34,Excellent
889,1041,229,5,User,Driver,3,2024-09-06 16:18:06,Average
890,1041,229,5,Driver,User,5,2024-09-06 16:18:06,Excellent
891,1042,498,67,User,Driver,5,2025-12-15 21:34:04,Excellent
892,1042,498,67,Driver,User,3,2025-12-15 21:34:04,Average
893,1045,303,31,User,Driver,5,2025-06-07 08:44:51,Excellent
894,1049,265,59,User,Driver,4,2025-10-15 02:01:06,Good
895,1050,241,89,User,Driver,5,2024-01-29 23:58:05,Excellent
896,1050,241,89,Driver,User,5,2024-01-29 23:58:05,Excellent
897,1051,273,94,User,Driver,4,2025-06-04 08:53:43,Good
898,1051,273,94,Driver,User,5,2025-06-04 08:53:43,Excellent
899,1052,424,81,User,Driver,5,2024-05-24 00:31:57,Excellent
900,1053,229,31,User,Driver,5,2025-08-20 07:48:10,Excellent
901,1054,443,90,User,Driver,3,2025-04-15 15:29:12,Average
902,1054,443,90,Driver,User,5,2025-04-15 15:29:12,Excellent
903,1056,149,14,User,Driver,4,2025-04-30 01:47:34,Good
904,1056,149,14,Driver,User,4,2025-04-30 01:47:34,Good
905,1060,164,49,User,Driver,5,2025-05-03 19:44:47,Excellent
906,1061,369,96,User,Driver,5,2024-05-24 03:49:00,Excellent
907,1061,369,96,Driver,User,3,2024-05-24 03:49:00,Average
908,1066,87,46,User,Driver,4,2025-07-18 08:37:54,Good
909,1068,253,90,User,Driver,1,2024-04-17 23:35:03,Very Poor
910,1070,196,1,User,Driver,3,2025-05-16 16:27:31,Average
911,1070,196,1,Driver,User,3,2025-05-16 16:27:31,Average
912,1071,284,67,User,Driver,5,2024-10-19 21:46:02,Excellent
913,1072,297,12,User,Driver,4,2025-11-12 02:03:02,Good
914,1073,119,13,User,Driver,5,2025-01-02 16:16:14,Excellent
915,1073,119,13,Driver,User,4,2025-01-02 16:16:14,Good
916,1074,190,90,User,Driver,4,2025-02-13 08:45:15,Good
917,1074,190,90,Driver,User,5,2025-02-13 08:45:15,Excellent
918,1075,496,49,User,Driver,5,2024-05-10 18:52:11,Excellent
919,1076,40,21,User,Driver,5,2024-08-03 11:27:49,Excellent
920,1076,40,21,Driver,User,4,2024-08-03 11:27:49,Good
921,1078,430,86,Driver,User,5,2024-01-29 20:14:26,Excellent
922,1080,422,68,User,Driver,3,2025-11-29 12:54:14,Average
923,1081,62,75,Driver,User,5,2025-08-12 20:59:25,Excellent
924,1082,457,11,User,Driver,5,2025-06-14 10:25:08,Excellent
925,1082,457,11,Driver,User,3,2025-06-14 10:25:08,Average
926,1083,26,29,User,Driver,3,2025-11-12 19:08:29,Average
927,1083,26,29,Driver,User,2,2025-11-12 19:08:29,Poor
928,1084,497,49,User,Driver,5,2025-03-05 05:09:18,Excellent
929,1084,497,49,Driver,User,5,2025-03-05 05:09:18,Excellent
930,1089,134,54,Driver,User,5,2024-06-16 08:17:54,Excellent
931,1092,375,98,User,Driver,5,2025-03-04 01:33:05,Excellent
932,1092,375,98,Driver,User,2,2025-03-04 01:33:05,Poor
933,1093,276,16,User,Driver,4,2024-10-15 01:11:24,Good
934,1096,252,14,User,Driver,5,2024-09-09 20:59:26,Excellent
935,1096,252,14,Driver,User,5,2024-09-09 20:59:26,Excellent
936,1097,225,74,User,Driver,5,2024-07-26 02:43:14,Excellent
937,1097,225,74,Driver,User,4,2024-07-26 02:43:14,Good
938,1099,218,86,User,Driver,3,2024-03-05 03:45:33,Average
939,1099,218,86,Driver,User,1,2024-03-05 03:45:33,Very Poor
940,1100,292,29,User,Driver,4,2025-03-17 20:13:43,Good
941,1100,292,29,Driver,User,3,2025-03-17 20:13:43,Average
942,1102,404,72,Driver,User,3,2024-07-18 10:09:31,Average
943,1105,20,47,User,Driver,4,2025-11-24 10:19:35,Good
944,1109,397,49,User,Driver,4,2025-04-21 15:29:19,Good
945,1110,78,45,Driver,User,4,2025-05-06 21:44:15,Good
946,1113,140,38,User,Driver,3,2025-06-12 05:46:11,Average
947,1114,155,31,User,Driver,5,2024-12-30 13:48:25,Excellent
948,1117,8,54,User,Driver,5,2024-01-21 21:57:36,Excellent
949,1117,8,54,Driver,User,4,2024-01-21 21:57:36,Good
950,1118,338,36,User,Driver,3,2024-10-17 06:13:31,Average
951,1122,34,42,User,Driver,5,2024-04-26 04:30:15,Excellent
952,1122,34,42,Driver,User,5,2024-04-26 04:30:15,Excellent
953,1123,333,94,User,Driver,5,2025-03-27 05:44:53,Excellent
954,1123,333,94,Driver,User,3,2025-03-27 05:44:53,Average
955,1124,482,48,Driver,User,5,2024-03-26 17:37:49,Excellent
956,1127,207,57,User,Driver,5,2025-08-07 20:45:38,Excellent
957,1127,207,57,Driver,User,5,2025-08-07 20:45:38,Excellent
958,1129,61,34,User,Driver,5,2025-05-29 08:07:27,Excellent
959,1129,61,34,Driver,User,2,2025-05-29 08:07:27,Poor
960,1130,409,54,User,Driver,1,2025-02-25 14:46:40,Very Poor
961,1130,409,54,Driver,User,4,2025-02-25 14:46:40,Good
962,1133,182,10,User,Driver,5,2025-11-22 18:34:57,Excellent
963,1133,182,10,Driver,User,5,2025-11-22 18:34:57,Excellent
964,1134,331,5,User,Driver,3,2024-09-11 17:13:39,Average
965,1134,331,5,Driver,User,4,2024-09-11 17:13:39,Good
966,1136,175,22,User,Driver,4,2025-02-15 22:08:15,Good
967,1136,175,22,Driver,User,4,2025-02-15 22:08:15,Good
968,1138,415,83,User,Driver,4,2025-11-03 12:26:44,Good
969,1138,415,83,Driver,User,5,2025-11-03 12:26:44,Excellent
970,1139,113,9,Driver,User,5,2024-08-06 21:51:36,Excellent
971,1140,435,45,User,Driver,5,2025-09-14 07:30:53,Excellent
972,1141,473,74,User,Driver,4,2025-04-21 13:31:17,Good
973,1142,431,54,Driver,User,3,2025-10-02 03:07:33,Average
974,1144,161,80,User,Driver,5,2025-05-06 00:32:34,Excellent
975,1144,161,80,Driver,User,5,2025-05-06 00:32:34,Excellent
976,1145,144,93,User,Driver,3,2024-05-14 22:05:50,Average
977,1146,77,98,User,Driver,5,2025-07-03 20:37:04,Excellent
978,1147,398,46,Driver,User,3,2025-04-02 21:36:52,Average
979,1148,450,86,User,Driver,4,2025-01-22 23:45:06,Good
980,1148,450,86,Driver,User,5,2025-01-22 23:45:06,Excellent
981,1149,3,96,User,Driver,4,2025-12-07 22:24:40,Good
982,1149,3,96,Driver,User,5,2025-12-07 22:24:40,Excellent
983,1150,204,54,User,Driver,4,2025-12-08 22:47:50,Good
984,1152,106,75,User,Driver,4,2025-05-08 11:21:36,Good
985,1152,106,75,Driver,User,5,2025-05-08 11:21:36,Excellent
986,1153,81,60,User,Driver,5,2025-04-15 04:31:53,Excellent
987,1154,495,78,User,Driver,5,2024-05-19 12:56:36,Excellent
988,1155,476,84,User,Driver,3,2024-05-19 15:55:55,Average
989,1157,411,74,User,Driver,5,2024-03-11 09:57:50,Excellent
990,1158,106,38,User,Driver,5,2025-11-01 15:42:31,Excellent
991,1158,106,38,Driver,User,5,2025-11-01 15:42:31,Excellent
992,1159,3,29,User,Driver,2,2024-12-14 06:33:01,Poor
993,1159,3,29,Driver,User,1,2024-12-14 06:33:01,Very Poor
994,1160,374,21,User,Driver,3,2024-07-18 03:15:49,Average
995,1160,374,21,Driver,User,5,2024-07-18 03:15:49,Excellent
996,1161,434,45,User,Driver,5,2024-06-05 07:32:04,Excellent
997,1161,434,45,Driver,User,5,2024-06-05 07:32:04,Excellent
998,1163,240,4,User,Driver,5,2025-12-08 20:41:55,Excellent
999,1164,279,49,User,Driver,5,2024-12-04 15:02:56,Excellent
1000,1169,252,14,User,Driver,2,2025-10-09 21:55:20,Poor
1001,1170,150,54,Driver,User,4,2024-12-19 03:13:50,Good
1002,1172,77,46,User,Driver,5,2025-01-22 20:06:52,Excellent
1003,1172,77,46,Driver,User,5,2025-01-22 20:06:52,Excellent
1004,1175,63,90,User,Driver,4,2024-04-26 01:33:03,Good
1005,1175,63,90,Driver,User,5,2024-04-26 01:33:03,Excellent
1006,1176,159,86,User,Driver,2,2024-06-08 21:41:14,Poor
1007,1178,318,16,User,Driver,5,2024-06-26 08:40:46,Excellent
1008,1178,318,16,Driver,User,5,2024-06-26 08:40:46,Excellent
1009,1179,105,60,User,Driver,2,2025-05-12 23:26:53,Poor
1010,1179,105,60,Driver,User,5,2025-05-12 23:26:53,Excellent
1011,1180,206,59,User,Driver,5,2024-04-27 13:35:22,Excellent
1012,1181,334,10,User,Driver,4,2025-11-12 00:22:48,Good
1013,1185,31,54,Driver,User,4,2024-11-20 04:51:50,Good
1014,1186,223,4,Driver,User,5,2024-11-25 04:16:42,Excellent
1015,1187,83,68,User,Driver,4,2024-06-27 07:15:10,Good
1016,1187,83,68,Driver,User,5,2024-06-27 07:15:10,Excellent
1017,1188,201,96,User,Driver,5,2025-10-22 09:15:26,Excellent
1018,1189,168,12,User,Driver,3,2024-04-12 15:29:04,Average
1019,1191,410,98,User,Driver,5,2024-03-29 23:13:15,Excellent
1020,1191,410,98,Driver,User,4,2024-03-29 23:13:15,Good
1021,1192,154,2,User,Driver,5,2024-07-18 10:30:15,Excellent
1022,1192,154,2,Driver,User,3,2024-07-18 10:30:15,Average
1023,1193,349,25,User,Driver,4,2024-07-27 20:23:14,Good
1024,1197,184,42,User,Driver,5,2025-09-06 23:40:56,Excellent
1025,1197,184,42,Driver,User,4,2025-09-06 23:40:56,Good
1026,1199,123,4,User,Driver,5,2025-07-24 22:59:24,Excellent
1027,1199,123,4,Driver,User,2,2025-07-24 22:59:24,Poor
1028,1200,191,82,User,Driver,5,2025-12-02 10:05:37,Excellent
1029,1201,66,38,User,Driver,5,2024-08-12 21:52:59,Excellent
1030,1201,66,38,Driver,User,3,2024-08-12 21:52:59,Average
1031,1204,485,98,Driver,User,5,2024-06-01 08:55:05,Excellent
1032,1206,141,9,User,Driver,4,2025-03-23 00:48:54,Good
1033,1206,141,9,Driver,User,4,2025-03-23 00:48:54,Good
1034,1207,87,96,User,Driver,4,2025-11-25 04:38:47,Good
1035,1207,87,96,Driver,User,5,2025-11-25 04:38:47,Excellent
1036,1208,182,22,Driver,User,5,2025-01-15 11:07:42,Excellent
1037,1210,71,49,Driver,User,5,2024-05-29 04:32:32,Excellent
1038,1211,495,34,User,Driver,3,2024-03-16 05:51:35,Average
1039,1212,354,20,User,Driver,4,2024-11-29 18:18:45,Good
1040,1212,354,20,Driver,User,4,2024-11-29 18:18:45,Good
1041,1213,452,86,User,Driver,4,2024-06-19 14:04:45,Good
1042,1213,452,86,Driver,User,5,2024-06-19 14:04:45,Excellent
1043,1214,443,54,User,Driver,5,2025-06-25 08:23:19,Excellent
1044,1215,417,12,User,Driver,5,2025-09-25 00:52:21,Excellent
1045,1216,326,98,User,Driver,5,2024-01-23 09:07:31,Excellent
1046,1218,365,93,User,Driver,4,2024-04-25 02:02:24,Good
1047,1219,424,6,User,Driver,5,2024-01-25 09:31:53,Excellent
1048,1221,352,14,User,Driver,5,2025-03-20 09:39:01,Excellent
1049,1222,113,29,User,Driver,5,2024-02-17 05:32:07,Excellent
1050,1224,145,15,User,Driver,5,2024-10-23 21:26:58,Excellent
1051,1224,145,15,Driver,User,4,2024-10-23 21:26:58,Good
1052,1225,228,54,User,Driver,1,2025-08-27 15:34:28,Very Poor
1053,1225,228,54,Driver,User,3,2025-08-27 15:34:28,Average
1054,1226,225,86,User,Driver,2,2025-12-20 22:54:18,Poor
1055,1226,225,86,Driver,User,5,2025-12-20 22:54:18,Excellent
1056,1227,182,45,User,Driver,3,2025-02-12 12:43:53,Average
1057,1227,182,45,Driver,User,4,2025-02-12 12:43:53,Good
1058,1228,2,48,Driver,User,4,2024-09-11 14:01:08,Good
1059,1230,19,54,User,Driver,3,2025-10-29 11:00:03,Average
1060,1230,19,54,Driver,User,4,2025-10-29 11:00:03,Good
1061,1231,447,25,User,Driver,5,2024-11-11 09:25:20,Excellent
1062,1232,306,42,User,Driver,1,2025-12-20 00:33:07,Very Poor
1063,1232,306,42,Driver,User,5,2025-12-20 00:33:07,Excellent
1064,1233,68,84,Driver,User,5,2024-11-14 12:54:58,Excellent
1065,1236,239,68,User,Driver,4,2025-03-27 14:16:56,Good
1066,1237,157,11,User,Driver,5,2025-04-03 10:25:47,Excellent
1067,1237,157,11,Driver,User,4,2025-04-03 10:25:47,Good
1068,1240,299,74,Driver,User,5,2024-12-04 22:41:34,Excellent
1069,1241,378,15,Driver,User,5,2025-10-26 05:53:34,Excellent
1070,1242,136,43,User,Driver,5,2025-03-23 08:27:34,Excellent
1071,1242,136,43,Driver,User,3,2025-03-23 08:27:34,Average
1072,1243,424,25,User,Driver,1,2024-11-19 20:15:28,Very Poor
1073,1243,424,25,Driver,User,5,2024-11-19 20:15:28,Excellent
1074,1244,12,15,Driver,User,4,2025-11-02 08:28:47,Good
1075,1247,447,60,User,Driver,3,2025-06-07 01:21:17,Average
1076,1247,447,60,Driver,User,5,2025-06-07 01:21:17,Excellent
1077,1248,386,22,User,Driver,3,2025-11-25 14:47:47,Average
1078,1248,386,22,Driver,User,3,2025-11-25 14:47:47,Average
1079,1250,161,48,User,Driver,5,2024-08-27 04:46:37,Excellent
1080,1250,161,48,Driver,User,4,2024-08-27 04:46:37,Good
1081,1251,78,11,User,Driver,5,2024-11-23 12:41:20,Excellent
1082,1252,31,90,User,Driver,2,2024-01-13 17:28:32,Poor
1083,1254,17,47,User,Driver,5,2024-09-02 05:45:19,Excellent
1084,1254,17,47,Driver,User,4,2024-09-02 05:45:19,Good
1085,1255,175,22,User,Driver,4,2025-06-27 07:53:15,Good
1086,1257,230,70,Driver,User,5,2025-07-09 12:44:28,Excellent
1087,1258,157,11,User,Driver,3,2024-07-31 20:50:57,Average
1088,1258,157,11,Driver,User,4,2024-07-31 20:50:57,Good
1089,1259,331,31,User,Driver,4,2024-09-08 23:36:22,Good
1090,1259,331,31,Driver,User,5,2024-09-08 23:36:22,Excellent
1091,1260,264,45,User,Driver,4,2025-05-24 00:52:37,Good
1092,1261,244,10,Driver,User,2,2025-12-03 09:57:58,Poor
1093,1263,482,80,User,Driver,4,2025-04-08 12:58:38,Good
1094,1263,482,80,Driver,User,5,2025-04-08 12:58:38,Excellent
1095,1264,328,6,User,Driver,4,2024-01-27 00:52:55,Good
1096,1264,328,6,Driver,User,5,2024-01-27 00:52:55,Excellent
1097,1265,154,2,Driver,User,4,2024-03-05 04:14:41,Good
1098,1269,354,10,User,Driver,4,2024-05-27 06:35:32,Good
1099,1270,366,33,User,Driver,4,2025-01-20 17:58:34,Good
1100,1270,366,33,Driver,User,5,2025-01-20 17:58:34,Excellent
1101,1273,171,49,User,Driver,4,2025-09-03 01:51:52,Good
1102,1273,171,49,Driver,User,4,2025-09-03 01:51:52,Good
1103,1274,138,82,User,Driver,1,2024-12-26 01:44:12,Very Poor
1104,1274,138,82,Driver,User,4,2024-12-26 01:44:12,Good
1105,1275,123,96,User,Driver,5,2025-03-15 03:22:50,Excellent
1106,1275,123,96,Driver,User,4,2025-03-15 03:22:50,Good
1107,1276,320,70,User,Driver,4,2024-04-07 07:10:57,Good
1108,1276,320,70,Driver,User,5,2024-04-07 07:10:57,Excellent
1109,1277,157,20,User,Driver,4,2024-03-13 20:14:16,Good
1110,1278,100,55,User,Driver,5,2024-12-16 10:28:23,Excellent
1111,1278,100,55,Driver,User,3,2024-12-16 10:28:23,Average
1112,1282,363,96,User,Driver,4,2024-11-20 08:18:38,Good
1113,1282,363,96,Driver,User,5,2024-11-20 08:18:38,Excellent
1114,1283,125,72,User,Driver,4,2025-08-30 03:18:48,Good
1115,1283,125,72,Driver,User,4,2025-08-30 03:18:48,Good
1116,1284,80,20,Driver,User,4,2024-01-09 17:55:22,Good
1117,1285,150,12,User,Driver,3,2025-01-29 01:00:50,Average
1118,1285,150,12,Driver,User,5,2025-01-29 01:00:50,Excellent
1119,1287,475,14,User,Driver,5,2024-02-03 05:26:38,Excellent
1120,1289,296,83,Driver,User,5,2024-03-03 09:04:15,Excellent
1121,1290,189,87,User,Driver,5,2024-09-01 14:42:12,Excellent
1122,1291,4,79,User,Driver,5,2025-08-31 13:13:34,Excellent
1123,1291,4,79,Driver,User,3,2025-08-31 13:13:34,Average
1124,1292,413,86,User,Driver,4,2025-06-12 01:14:08,Good
1125,1292,413,86,Driver,User,1,2025-06-12 01:14:08,Very Poor
1126,1293,448,64,User,Driver,4,2024-07-12 21:05:20,Good
1127,1294,449,36,User,Driver,5,2024-12-21 10:05:27,Excellent
1128,1294,449,36,Driver,User,5,2024-12-21 10:05:27,Excellent
1129,1295,217,12,User,Driver,1,2024-05-14 07:45:34,Very Poor
1130,1295,217,12,Driver,User,5,2024-05-14 07:45:34,Excellent
1131,1298,411,74,Driver,User,5,2025-06-29 18:29:44,Excellent
1132,1301,4,2,User,Driver,5,2024-10-16 19:45:08,Excellent
1133,1302,92,87,User,Driver,5,2024-02-23 22:14:41,Excellent
1134,1303,15,86,User,Driver,5,2025-05-11 09:25:40,Excellent
1135,1304,324,11,Driver,User,5,2024-08-21 19:02:00,Excellent
1136,1305,98,33,User,Driver,3,2025-11-22 02:55:40,Average
1137,1306,386,20,User,Driver,5,2025-02-28 08:34:36,Excellent
1138,1306,386,20,Driver,User,4,2025-02-28 08:34:36,Good
1139,1312,41,93,User,Driver,4,2024-07-20 04:32:20,Good
1140,1312,41,93,Driver,User,5,2024-07-20 04:32:20,Excellent
1141,1314,11,83,User,Driver,3,2024-07-06 00:00:53,Average
1142,1315,247,8,Driver,User,4,2025-12-16 07:18:08,Good
1143,1316,430,86,User,Driver,3,2024-10-02 18:58:15,Average
1144,1319,430,86,User,Driver,3,2024-09-06 11:45:35,Average
1145,1319,430,86,Driver,User,5,2024-09-06 11:45:35,Excellent
1146,1320,21,70,User,Driver,4,2025-08-25 12:49:38,Good
1147,1320,21,70,Driver,User,5,2025-08-25 12:49:38,Excellent
1148,1323,479,49,User,Driver,4,2024-12-27 00:50:20,Good
1149,1325,232,97,User,Driver,5,2024-06-20 07:18:42,Excellent
1150,1325,232,97,Driver,User,5,2024-06-20 07:18:42,Excellent
1151,1327,413,74,User,Driver,5,2025-12-26 05:32:26,Excellent
1152,1327,413,74,Driver,User,4,2025-12-26 05:32:26,Good
1153,1328,367,10,User,Driver,5,2024-06-22 01:23:16,Excellent
1154,1328,367,10,Driver,User,5,2024-06-22 01:23:16,Excellent
1155,1329,4,13,Driver,User,5,2025-10-10 19:08:15,Excellent
1156,1330,134,15,User,Driver,4,2025-03-18 11:08:02,Good
1157,1331,336,18,User,Driver,2,2025-12-22 06:51:06,Poor
1158,1332,204,49,User,Driver,2,2024-12-05 08:30:17,Poor
1159,1333,113,29,User,Driver,4,2024-05-31 16:02:13,Good
1160,1333,113,29,Driver,User,4,2024-05-31 16:02:13,Good
1161,1334,68,38,User,Driver,5,2024-09-24 09:52:18,Excellent
1162,1334,68,38,Driver,User,5,2024-09-24 09:52:18,Excellent
1163,1336,347,49,User,Driver,3,2024-04-27 16:42:03,Average
1164,1341,150,15,Driver,User,5,2025-12-27 23:01:38,Excellent
1165,1346,143,2,User,Driver,4,2025-10-30 13:06:51,Good
1166,1346,143,2,Driver,User,5,2025-10-30 13:06:51,Excellent
1167,1349,18,45,User,Driver,3,2024-10-14 18:11:17,Average
1168,1351,382,34,Driver,User,4,2024-06-19 09:38:56,Good
1169,1352,262,9,User,Driver,4,2025-01-01 22:03:19,Good
1170,1353,344,75,Driver,User,5,2025-03-26 04:22:51,Excellent
1171,1355,145,54,User,Driver,1,2025-04-25 04:22:33,Very Poor
1172,1355,145,54,Driver,User,4,2025-04-25 04:22:33,Good
1173,1358,64,22,User,Driver,3,2025-06-23 00:24:09,Average
1174,1358,64,22,Driver,User,4,2025-06-23 00:24:09,Good
1175,1359,210,45,Driver,User,4,2025-10-19 00:17:29,Good
1176,1360,305,29,User,Driver,4,2024-08-09 16:06:51,Good
1177,1360,305,29,Driver,User,5,2024-08-09 16:06:51,Excellent
1178,1361,150,90,User,Driver,2,2025-09-07 12:30:55,Poor
1179,1361,150,90,Driver,User,2,2025-09-07 12:30:55,Poor
1180,1362,457,22,User,Driver,5,2025-08-02 05:34:51,Excellent
1181,1364,471,49,User,Driver,5,2024-11-09 13:48:55,Excellent
1182,1364,471,49,Driver,User,5,2024-11-09 13:48:55,Excellent
1183,1365,274,15,User,Driver,3,2025-04-08 15:35:17,Average
1184,1366,230,74,User,Driver,5,2024-02-08 15:49:21,Excellent
1185,1366,230,74,Driver,User,5,2024-02-08 15:49:21,Excellent
1186,1367,183,32,User,Driver,5,2024-05-23 00:14:04,Excellent
1187,1368,232,32,User,Driver,5,2024-06-29 19:36:39,Excellent
1188,1368,232,32,Driver,User,3,2024-06-29 19:36:39,Average
1189,1369,150,42,User,Driver,4,2024-11-21 14:31:20,Good
1190,1369,150,42,Driver,User,3,2024-11-21 14:31:20,Average
1191,1370,183,97,User,Driver,3,2025-03-12 17:28:55,Average
1192,1370,183,97,Driver,User,5,2025-03-12 17:28:55,Excellent
1193,1371,66,34,Driver,User,5,2025-01-18 19:29:41,Excellent
1194,1374,113,96,Driver,User,5,2024-09-30 07:13:35,Excellent
1195,1376,68,61,Driver,User,5,2025-09-12 21:45:12,Excellent
1196,1377,417,12,User,Driver,5,2024-12-04 23:40:31,Excellent
1197,1377,417,12,Driver,User,4,2024-12-04 23:40:31,Good
1198,1378,97,25,User,Driver,5,2025-02-05 19:52:40,Excellent
1199,1379,429,10,Driver,User,5,2025-05-13 14:25:12,Excellent
1200,1380,224,93,User,Driver,5,2024-04-16 06:07:36,Excellent
1201,1381,279,12,User,Driver,5,2025-06-13 03:59:20,Excellent
1202,1383,475,80,User,Driver,5,2025-08-16 04:34:41,Excellent
1203,1383,475,80,Driver,User,5,2025-08-16 04:34:41,Excellent
1204,1385,211,49,Driver,User,5,2025-02-28 12:48:16,Excellent
1205,1388,225,74,Driver,User,5,2025-09-15 17:54:44,Excellent
1206,1389,475,82,User,Driver,4,2025-09-06 05:58:50,Good
1207,1390,41,47,User,Driver,3,2024-09-22 21:51:22,Average
1208,1390,41,47,Driver,User,4,2024-09-22 21:51:22,Good
1209,1394,215,90,User,Driver,1,2024-01-24 19:30:50,Very Poor
1210,1394,215,90,Driver,User,4,2024-01-24 19:30:50,Good
1211,1396,285,59,User,Driver,4,2024-10-04 06:47:46,Good
1212,1397,428,62,User,Driver,5,2025-06-04 22:28:48,Excellent
1213,1401,385,93,User,Driver,1,2024-06-02 01:42:33,Very Poor
1214,1402,406,69,User,Driver,5,2025-04-30 08:33:15,Excellent
1215,1404,424,81,Driver,User,5,2024-10-29 08:04:12,Excellent
1216,1405,365,1,User,Driver,3,2024-04-22 06:45:28,Average
1217,1410,31,90,User,Driver,4,2025-08-21 01:12:59,Good
1218,1411,286,29,Driver,User,4,2025-10-20 03:13:33,Good
1219,1413,102,20,User,Driver,3,2024-10-26 23:14:58,Average
1220,1413,102,20,Driver,User,5,2024-10-26 23:14:58,Excellent
1221,1414,54,36,User,Driver,5,2024-06-16 15:14:21,Excellent
1222,1414,54,36,Driver,User,5,2024-06-16 15:14:21,Excellent
1223,1415,187,6,User,Driver,5,2025-09-29 18:44:44,Excellent
1224,1417,426,49,Driver,User,5,2025-08-21 00:58:54,Excellent
1225,1418,8,42,Driver,User,4,2024-07-10 19:27:22,Good
1226,1419,413,70,User,Driver,5,2024-12-27 02:02:13,Excellent
1227,1419,413,70,Driver,User,4,2024-12-27 02:02:13,Good
1228,1424,301,74,User,Driver,5,2024-10-15 10:53:19,Excellent
1229,1424,301,74,Driver,User,5,2024-10-15 10:53:19,Excellent
1230,1427,63,90,Driver,User,4,2024-11-11 12:27:58,Good
1231,1428,302,28,User,Driver,4,2024-02-12 20:26:39,Good
1232,1432,161,48,User,Driver,2,2024-08-28 19:30:28,Poor
1233,1433,280,3,User,Driver,4,2025-11-12 22:06:05,Good
1234,1435,215,42,User,Driver,3,2025-06-24 06:54:08,Average
1235,1435,215,42,Driver,User,2,2025-06-24 06:54:08,Poor
1236,1436,195,72,User,Driver,5,2024-09-21 01:26:14,Excellent
1237,1436,195,72,Driver,User,4,2024-09-21 01:26:14,Good
1238,1437,134,42,User,Driver,4,2024-10-26 07:36:10,Good
1239,1438,455,62,User,Driver,3,2025-09-18 14:44:45,Average
1240,1438,455,62,Driver,User,5,2025-09-18 14:44:45,Excellent
1241,1439,451,22,User,Driver,4,2025-12-28 07:43:11,Good
1242,1440,298,31,User,Driver,5,2024-03-12 13:44:44,Excellent
1243,1440,298,31,Driver,User,5,2024-03-12 13:44:44,Excellent
1244,1442,168,15,User,Driver,5,2025-09-26 04:41:19,Excellent
1245,1443,108,90,User,Driver,4,2024-06-25 20:59:53,Good
1246,1444,225,86,User,Driver,4,2025-04-24 22:06:30,Good
1247,1448,236,90,Driver,User,4,2025-09-25 15:20:51,Good
1248,1451,155,36,Driver,User,5,2024-02-28 21:05:29,Excellent
1249,1456,66,84,User,Driver,5,2024-07-15 19:19:22,Excellent
1250,1456,66,84,Driver,User,3,2024-07-15 19:19:22,Average
1251,1458,124,40,Driver,User,5,2024-11-09 05:01:52,Excellent
1252,1459,461,12,User,Driver,3,2025-04-26 22:16:16,Average
1253,1459,461,12,Driver,User,2,2025-04-26 22:16:16,Poor
1254,1460,350,74,User,Driver,5,2025-05-30 18:13:03,Excellent
1255,1460,350,74,Driver,User,4,2025-05-30 18:13:03,Good
1256,1461,3,9,User,Driver,5,2024-08-07 10:35:26,Excellent
1257,1461,3,9,Driver,User,5,2024-08-07 10:35:26,Excellent
1258,1463,302,8,User,Driver,3,2024-01-23 04:47:06,Average
1259,1463,302,8,Driver,User,2,2024-01-23 04:47:06,Poor
1260,1464,103,60,User,Driver,5,2024-01-18 05:14:02,Excellent
1261,1464,103,60,Driver,User,5,2024-01-18 05:14:02,Excellent
1262,1469,471,15,Driver,User,5,2025-03-23 07:38:15,Excellent
1263,1470,381,16,Driver,User,4,2024-12-20 09:41:19,Good
1264,1471,197,11,User,Driver,3,2025-01-15 05:45:43,Average
1265,1472,13,55,User,Driver,2,2025-11-22 22:56:54,Poor
1266,1476,40,59,User,Driver,4,2025-04-18 22:11:40,Good
1267,1477,131,29,User,Driver,4,2025-04-02 22:21:38,Good
1268,1477,131,29,Driver,User,5,2025-04-02 22:21:38,Excellent
1269,1480,364,15,User,Driver,5,2024-08-02 23:37:09,Excellent
1270,1480,364,15,Driver,User,5,2024-08-02 23:37:09,Excellent
1271,1481,440,33,User,Driver,5,2024-02-05 22:07:45,Excellent
1272,1482,274,49,User,Driver,4,2025-03-24 01:04:21,Good
1273,1483,191,82,User,Driver,5,2024-03-06 03:18:04,Excellent
1274,1484,388,12,User,Driver,5,2024-06-26 08:51:49,Excellent
1275,1485,169,21,User,Driver,5,2024-02-20 03:40:01,Excellent
1276,1485,169,21,Driver,User,5,2024-02-20 03:40:01,Excellent
1277,1486,116,22,User,Driver,4,2025-12-18 20:27:03,Good
1278,1487,80,22,User,Driver,5,2024-12-12 04:22:57,Excellent
1279,1487,80,22,Driver,User,5,2024-12-12 04:22:57,Excellent
1280,1489,202,33,User,Driver,4,2024-12-21 11:44:42,Good
1281,1489,202,33,Driver,User,5,2024-12-21 11:44:42,Excellent
1282,1491,275,98,User,Driver,5,2024-09-05 13:40:42,Excellent
1283,1493,302,32,User,Driver,4,2024-12-08 00:35:58,Good
1284,1493,302,32,Driver,User,4,2024-12-08 00:35:58,Good
1285,1494,302,68,User,Driver,4,2024-11-04 06:23:25,Good
1286,1494,302,68,Driver,User,5,2024-11-04 06:23:25,Excellent
1287,1495,198,86,User,Driver,4,2024-01-22 03:24:38,Good
1288,1497,328,60,User,Driver,5,2024-02-10 20:59:13,Excellent
1289,1497,328,60,Driver,User,5,2024-02-10 20:59:13,Excellent
1290,1500,244,10,User,Driver,3,2024-01-31 00:41:05,Average
1291,1500,244,10,Driver,User,5,2024-01-31 00:41:05,Excellent
1292,1501,372,90,Driver,User,4,2025-03-07 08:09:36,Good
1293,1502,497,55,User,Driver,5,2025-11-28 09:32:46,Excellent
1294,1503,461,15,User,Driver,5,2025-11-18 06:37:12,Excellent
1295,1505,15,86,User,Driver,2,2024-05-23 21:45:54,Poor
1296,1505,15,86,Driver,User,4,2024-05-23 21:45:54,Good
1297,1509,365,25,User,Driver,5,2025-02-11 23:06:14,Excellent
1298,1509,365,25,Driver,User,4,2025-02-11 23:06:14,Good
1299,1511,208,2,User,Driver,5,2025-08-10 15:57:44,Excellent
1300,1513,495,75,User,Driver,4,2024-05-18 23:45:21,Good
1301,1513,495,75,Driver,User,4,2024-05-18 23:45:21,Good
1302,1515,85,69,User,Driver,5,2024-09-21 11:42:51,Excellent
1303,1516,171,55,User,Driver,3,2024-09-09 06:13:46,Average
1304,1517,87,29,User,Driver,4,2024-04-23 06:14:06,Good
1305,1517,87,29,Driver,User,4,2024-04-23 06:14:06,Good
1306,1518,361,2,User,Driver,1,2024-02-16 14:56:31,Very Poor
1307,1518,361,2,Driver,User,5,2024-02-16 14:56:31,Excellent
1308,1519,218,69,User,Driver,5,2024-06-28 23:53:50,Excellent
1309,1519,218,69,Driver,User,2,2024-06-28 23:53:50,Poor
1310,1521,236,15,User,Driver,4,2025-05-02 11:42:56,Good
1311,1522,234,98,Driver,User,4,2025-12-19 13:42:51,Good
1312,1524,358,70,User,Driver,4,2025-05-23 20:14:26,Good
1313,1524,358,70,Driver,User,5,2025-05-23 20:14:26,Excellent
1314,1525,466,59,Driver,User,5,2024-09-01 19:39:59,Excellent
1315,1527,255,42,User,Driver,2,2025-02-06 13:19:49,Poor
1316,1528,21,86,User,Driver,2,2025-03-12 12:59:31,Poor
1317,1529,192,3,User,Driver,3,2025-09-01 07:56:27,Average
1318,1529,192,3,Driver,User,5,2025-09-01 07:56:27,Excellent
1319,1530,315,97,User,Driver,5,2025-05-27 12:42:05,Excellent
1320,1531,134,49,Driver,User,4,2024-11-27 11:27:33,Good
1321,1532,398,29,User,Driver,5,2025-04-20 23:00:56,Excellent
1322,1533,454,5,User,Driver,5,2024-07-05 19:48:32,Excellent
1323,1534,398,29,User,Driver,5,2025-10-11 07:56:35,Excellent
1324,1534,398,29,Driver,User,5,2025-10-11 07:56:35,Excellent
1325,1535,31,55,Driver,User,5,2024-04-23 09:05:53,Excellent
1326,1537,495,34,User,Driver,5,2025-01-02 03:11:50,Excellent
1327,1537,495,34,Driver,User,4,2025-01-02 03:11:50,Good
1328,1538,279,42,User,Driver,4,2024-10-22 10:43:04,Good
1329,1538,279,42,Driver,User,3,2024-10-22 10:43:04,Average
1330,1539,318,45,Driver,User,5,2024-09-23 11:32:09,Excellent
1331,1540,2,80,User,Driver,5,2025-06-30 16:54:04,Excellent
1332,1540,2,80,Driver,User,5,2025-06-30 16:54:04,Excellent
1333,1541,175,22,User,Driver,2,2025-08-24 12:32:29,Poor
1334,1541,175,22,Driver,User,5,2025-08-24 12:32:29,Excellent
1335,1542,356,29,User,Driver,5,2024-04-12 19:05:35,Excellent
1336,1543,239,32,User,Driver,5,2024-01-03 05:42:10,Excellent
1337,1543,239,32,Driver,User,4,2024-01-03 05:42:10,Good
1338,1544,431,54,User,Driver,4,2024-01-18 09:23:01,Good
1339,1547,288,54,User,Driver,1,2024-03-03 16:43:56,Very Poor
1340,1548,302,28,User,Driver,5,2024-04-12 16:28:36,Excellent
1341,1548,302,28,Driver,User,3,2024-04-12 16:28:36,Average
1342,1549,82,61,Driver,User,4,2024-05-15 15:37:15,Good
1343,1550,306,90,User,Driver,5,2024-12-25 21:44:54,Excellent
1344,1550,306,90,Driver,User,2,2024-12-25 21:44:54,Poor
1345,1552,325,90,User,Driver,4,2024-03-26 00:01:17,Good
1346,1553,320,69,User,Driver,2,2024-07-20 02:50:52,Poor
1347,1556,365,93,User,Driver,4,2024-01-25 22:17:26,Good
1348,1558,48,11,Driver,User,5,2025-06-11 12:28:04,Excellent
1349,1559,415,62,Driver,User,4,2025-09-07 08:47:27,Good
1350,1560,180,2,User,Driver,4,2024-01-30 13:01:15,Good
1351,1562,121,74,Driver,User,1,2024-01-12 05:23:23,Very Poor
1352,1563,15,69,User,Driver,5,2025-04-06 16:51:29,Excellent
1353,1564,34,12,User,Driver,4,2025-06-10 06:02:51,Good
1354,1564,34,12,Driver,User,4,2025-06-10 06:02:51,Good
1355,1565,264,10,User,Driver,5,2025-08-11 20:15:09,Excellent
1356,1567,473,69,User,Driver,4,2025-12-03 02:41:24,Good
1357,1571,8,90,User,Driver,5,2024-09-16 18:20:03,Excellent
1358,1572,83,40,User,Driver,3,2024-07-09 04:19:18,Average
1359,1573,383,15,User,Driver,5,2024-04-11 04:11:19,Excellent
1360,1575,292,33,User,Driver,5,2024-03-18 04:18:43,Excellent
1361,1576,194,72,User,Driver,4,2025-08-16 09:08:38,Good
1362,1578,335,90,User,Driver,2,2025-04-10 23:50:33,Poor
1363,1578,335,90,Driver,User,5,2025-04-10 23:50:33,Excellent
1364,1579,483,84,User,Driver,4,2024-08-28 05:45:57,Good
1365,1580,437,83,User,Driver,5,2025-09-24 21:15:35,Excellent
1366,1580,437,83,Driver,User,5,2025-09-24 21:15:35,Excellent
1367,1582,323,47,User,Driver,4,2025-10-20 11:04:09,Good
1368,1582,323,47,Driver,User,5,2025-10-20 11:04:09,Excellent
1369,1583,210,11,Driver,User,2,2024-12-21 08:21:05,Poor
1370,1584,333,52,User,Driver,4,2025-02-28 20:53:52,Good
1371,1585,375,46,Driver,User,5,2025-01-02 23:22:10,Excellent
1372,1587,273,62,Driver,User,5,2024-09-15 18:30:33,Excellent
1373,1588,203,65,User,Driver,2,2024-03-28 10:17:50,Poor
1374,1588,203,65,Driver,User,5,2024-03-28 10:17:50,Excellent
1375,1589,485,98,User,Driver,4,2025-10-22 02:42:48,Good
1376,1589,485,98,Driver,User,4,2025-10-22 02:42:48,Good
1377,1591,218,74,User,Driver,4,2025-11-14 08:55:04,Good
1378,1592,354,16,User,Driver,1,2024-11-18 20:51:23,Very Poor
1379,1595,318,89,User,Driver,3,2024-02-10 17:21:11,Average
1380,1595,318,89,Driver,User,3,2024-02-10 17:21:11,Average
1381,1596,427,55,Driver,User,5,2024-08-29 14:43:50,Excellent
1382,1599,164,42,User,Driver,5,2025-02-14 05:43:54,Excellent
1383,1599,164,42,Driver,User,4,2025-02-14 05:43:54,Good
1384,1600,267,20,User,Driver,3,2025-11-08 21:39:40,Average
1385,1600,267,20,Driver,User,5,2025-11-08 21:39:40,Excellent
1386,1602,400,46,User,Driver,5,2025-03-10 09:59:17,Excellent
1387,1602,400,46,Driver,User,4,2025-03-10 09:59:17,Good
1388,1603,94,5,Driver,User,2,2024-08-25 09:17:48,Poor
1389,1604,225,86,User,Driver,5,2024-10-05 00:48:10,Excellent
1390,1605,369,9,User,Driver,3,2024-01-12 22:21:58,Average
1391,1607,188,87,Driver,User,2,2025-03-12 09:27:56,Poor
1392,1608,318,89,Driver,User,3,2025-01-24 16:13:33,Average
1393,1610,299,86,User,Driver,5,2025-05-17 18:32:01,Excellent
1394,1612,102,16,Driver,User,2,2024-07-06 19:08:46,Poor
1395,1613,419,80,User,Driver,2,2025-10-13 07:39:22,Poor
1396,1613,419,80,Driver,User,5,2025-10-13 07:39:22,Excellent
1397,1614,76,56,User,Driver,4,2024-12-28 04:20:41,Good
1398,1616,448,34,User,Driver,4,2025-09-05 02:03:09,Good
1399,1617,281,36,User,Driver,5,2025-03-28 07:44:51,Excellent
1400,1617,281,36,Driver,User,3,2025-03-28 07:44:51,Average
1401,1619,7,87,Driver,User,4,2024-10-10 17:38:09,Good
1402,1620,392,55,User,Driver,4,2024-12-05 14:59:56,Good
1403,1620,392,55,Driver,User,4,2024-12-05 14:59:56,Good
1404,1621,206,93,User,Driver,4,2025-01-05 03:25:42,Good
1405,1621,206,93,Driver,User,3,2025-01-05 03:25:42,Average
1406,1622,95,33,User,Driver,5,2025-08-06 22:51:11,Excellent
1407,1624,378,15,User,Driver,5,2025-10-20 18:51:01,Excellent
1408,1624,378,15,Driver,User,5,2025-10-20 18:51:01,Excellent
1409,1625,396,40,User,Driver,5,2024-07-22 06:32:45,Excellent
1410,1627,247,8,User,Driver,4,2025-11-26 02:10:46,Good
1411,1628,70,46,Driver,User,5,2024-10-11 23:29:46,Excellent
1412,1629,115,46,User,Driver,4,2025-09-15 01:49:36,Good
1413,1629,115,46,Driver,User,4,2025-09-15 01:49:36,Good
1414,1630,460,38,Driver,User,5,2024-04-30 14:51:47,Excellent
1415,1631,238,87,User,Driver,5,2025-12-02 18:39:38,Excellent
1416,1632,150,42,User,Driver,4,2025-08-18 05:54:10,Good
1417,1632,150,42,Driver,User,4,2025-08-18 05:54:10,Good
1418,1635,489,96,User,Driver,3,2025-03-24 13:33:03,Average
1419,1635,489,96,Driver,User,5,2025-03-24 13:33:03,Excellent
1420,1637,375,29,Driver,User,4,2024-07-29 16:47:48,Good
1421,1639,259,49,User,Driver,4,2025-05-05 19:37:13,Good
1422,1639,259,49,Driver,User,3,2025-05-05 19:37:13,Average
1423,1640,264,22,Driver,User,1,2024-03-27 03:08:58,Very Poor
1424,1642,413,70,User,Driver,3,2025-09-03 03:48:56,Average
1425,1642,413,70,Driver,User,5,2025-09-03 03:48:56,Excellent
1426,1643,325,54,User,Driver,5,2025-08-06 08:08:09,Excellent
1427,1643,325,54,Driver,User,5,2025-08-06 08:08:09,Excellent
1428,1644,494,49,User,Driver,4,2025-08-13 18:20:18,Good
1429,1644,494,49,Driver,User,5,2025-08-13 18:20:18,Excellent
1430,1645,350,69,User,Driver,5,2025-08-16 02:37:18,Excellent
1431,1645,350,69,Driver,User,4,2025-08-16 02:37:18,Good
1432,1646,211,12,User,Driver,4,2025-11-03 23:41:43,Good
1433,1646,211,12,Driver,User,5,2025-11-03 23:41:43,Excellent
1434,1647,66,78,User,Driver,3,2024-09-14 03:54:18,Average
1435,1647,66,78,Driver,User,4,2024-09-14 03:54:18,Good
1436,1648,91,54,User,Driver,5,2025-05-05 08:19:54,Excellent
1437,1648,91,54,Driver,User,4,2025-05-05 08:19:54,Good
1438,1652,15,86,User,Driver,5,2025-07-06 10:18:10,Excellent
1439,1653,16,33,Driver,User,5,2024-11-08 07:24:18,Excellent
1440,1654,103,93,Driver,User,5,2024-11-15 09:18:44,Excellent
1441,1658,214,29,Driver,User,4,2024-10-29 01:34:26,Good
1442,1659,423,68,User,Driver,5,2025-05-12 10:13:28,Excellent
1443,1659,423,68,Driver,User,5,2025-05-12 10:13:28,Excellent
1444,1660,377,14,User,Driver,4,2025-09-29 14:11:12,Good
1445,1662,456,58,User,Driver,5,2024-02-13 18:28:01,Excellent
1446,1664,77,4,Driver,User,4,2025-08-11 16:23:51,Good
1447,1665,238,96,User,Driver,5,2024-08-29 01:25:44,Excellent
1448,1665,238,96,Driver,User,5,2024-08-29 01:25:44,Excellent
1449,1667,201,87,Driver,User,5,2025-02-01 18:48:08,Excellent
1450,1668,93,72,User,Driver,5,2025-04-19 12:00:40,Excellent
1451,1671,7,9,User,Driver,5,2025-11-22 13:56:14,Excellent
1452,1671,7,9,Driver,User,5,2025-11-22 13:56:14,Excellent
1453,1672,240,29,User,Driver,2,2024-10-13 19:13:05,Poor
1454,1674,348,33,User,Driver,5,2025-06-23 10:37:42,Excellent
1455,1674,348,33,Driver,User,5,2025-06-23 10:37:42,Excellent
1456,1675,53,25,User,Driver,4,2025-12-02 21:17:22,Good
1457,1675,53,25,Driver,User,5,2025-12-02 21:17:22,Excellent
1458,1676,55,33,User,Driver,5,2025-09-12 19:24:17,Excellent
1459,1677,272,49,User,Driver,5,2024-09-19 23:33:32,Excellent
1460,1677,272,49,Driver,User,4,2024-09-19 23:33:32,Good
1461,1679,161,48,User,Driver,5,2025-10-25 01:44:22,Excellent
1462,1679,161,48,Driver,User,5,2025-10-25 01:44:22,Excellent
1463,1680,130,82,User,Driver,5,2024-04-21 23:31:43,Excellent
1464,1682,411,74,Driver,User,3,2024-10-06 22:36:42,Average
1465,1683,293,49,User,Driver,5,2025-12-17 04:37:15,Excellent
1466,1683,293,49,Driver,User,5,2025-12-17 04:37:15,Excellent
1467,1685,328,81,User,Driver,5,2025-09-25 02:18:14,Excellent
1468,1686,76,3,User,Driver,5,2024-02-15 17:40:25,Excellent
1469,1688,225,74,User,Driver,5,2025-09-27 01:20:07,Excellent
1470,1688,225,74,Driver,User,4,2025-09-27 01:20:07,Good
1471,1689,103,59,User,Driver,5,2024-04-24 19:36:35,Excellent
1472,1690,404,82,Driver,User,1,2025-09-11 03:28:09,Very Poor
1473,1691,206,60,User,Driver,4,2025-04-24 04:36:44,Good
1474,1691,206,60,Driver,User,3,2025-04-24 04:36:44,Average
1475,1692,247,8,User,Driver,4,2024-11-13 09:45:43,Good
1476,1693,286,96,Driver,User,5,2025-04-09 02:33:00,Excellent
1477,1694,50,82,Driver,User,4,2025-01-06 19:04:00,Good
1478,1695,63,55,User,Driver,3,2024-12-28 10:10:57,Average
1479,1696,3,9,User,Driver,3,2024-04-26 10:36:32,Average
1480,1698,237,80,User,Driver,1,2024-08-28 12:36:15,Very Poor
1481,1698,237,80,Driver,User,5,2024-08-28 12:36:15,Excellent
1482,1699,428,2,User,Driver,5,2024-11-28 03:51:24,Excellent
1483,1699,428,2,Driver,User,3,2024-11-28 03:51:24,Average
1484,1700,344,38,User,Driver,5,2024-07-25 05:20:25,Excellent
1485,1700,344,38,Driver,User,3,2024-07-25 05:20:25,Average
1486,1701,377,48,User,Driver,4,2025-10-08 23:18:22,Good
1487,1702,434,45,User,Driver,5,2024-01-10 23:51:04,Excellent
1488,1702,434,45,Driver,User,4,2024-01-10 23:51:04,Good
1489,1704,18,16,User,Driver,5,2025-12-08 14:53:31,Excellent
1490,1705,338,5,User,Driver,3,2024-05-23 14:11:14,Average
1491,1705,338,5,Driver,User,5,2024-05-23 14:11:14,Excellent
1492,1706,338,5,User,Driver,5,2025-10-09 00:33:26,Excellent
1493,1708,333,2,Driver,User,5,2025-11-03 13:49:18,Excellent
1494,1709,10,78,User,Driver,5,2024-03-14 07:34:07,Excellent
1495,1709,10,78,Driver,User,5,2024-03-14 07:34:07,Excellent
1496,1710,259,12,User,Driver,3,2024-08-07 13:21:02,Average
1497,1710,259,12,Driver,User,4,2024-08-07 13:21:02,Good
1498,1712,354,10,User,Driver,4,2025-08-25 17:17:00,Good
1499,1712,354,10,Driver,User,5,2025-08-25 17:17:00,Excellent
1500,1714,320,70,User,Driver,3,2024-06-09 06:36:47,Average
1501,1714,320,70,Driver,User,5,2024-06-09 06:36:47,Excellent
1502,1715,228,49,User,Driver,2,2025-10-25 01:59:53,Poor
1503,1715,228,49,Driver,User,3,2025-10-25 01:59:53,Average
1504,1716,298,58,User,Driver,3,2024-05-06 05:01:19,Average
1505,1717,430,70,Driver,User,5,2024-08-24 17:45:35,Excellent
1506,1718,214,46,User,Driver,5,2024-08-01 23:15:38,Excellent
1507,1718,214,46,Driver,User,4,2024-08-01 23:15:38,Good
1508,1720,149,72,User,Driver,5,2024-07-07 23:27:50,Excellent
1509,1721,347,15,Driver,User,5,2024-04-08 11:06:42,Excellent
1510,1723,410,98,User,Driver,4,2025-02-07 19:30:45,Good
1511,1723,410,98,Driver,User,4,2025-02-07 19:30:45,Good
1512,1724,111,31,Driver,User,3,2024-11-26 10:50:09,Average
1513,1725,76,67,User,Driver,5,2025-08-13 17:27:54,Excellent
1514,1728,248,42,Driver,User,3,2024-01-01 09:40:42,Average
1515,1729,138,14,User,Driver,4,2024-05-28 02:14:22,Good
1516,1729,138,14,Driver,User,5,2024-05-28 02:14:22,Excellent
1517,1730,240,29,User,Driver,2,2024-10-13 03:00:41,Poor
1518,1732,214,96,User,Driver,4,2024-12-16 07:40:34,Good
1519,1732,214,96,Driver,User,4,2024-12-16 07:40:34,Good
1520,1734,294,20,User,Driver,2,2024-03-22 03:04:20,Poor
1521,1734,294,20,Driver,User,5,2024-03-22 03:04:20,Excellent
1522,1735,370,52,User,Driver,5,2025-07-16 22:15:39,Excellent
1523,1735,370,52,Driver,User,4,2025-07-16 22:15:39,Good
1524,1737,432,70,User,Driver,4,2025-10-12 19:25:09,Good
1525,1737,432,70,Driver,User,4,2025-10-12 19:25:09,Good
1526,1739,361,62,User,Driver,4,2025-09-28 12:47:07,Good
1527,1739,361,62,Driver,User,5,2025-09-28 12:47:07,Excellent
1528,1740,271,70,Driver,User,3,2025-01-03 05:15:50,Average
1529,1742,375,46,User,Driver,5,2025-02-09 00:59:29,Excellent
1530,1742,375,46,Driver,User,5,2025-02-09 00:59:29,Excellent
1531,1743,226,78,User,Driver,2,2024-03-14 21:03:56,Poor
1532,1743,226,78,Driver,User,5,2024-03-14 21:03:56,Excellent
1533,1744,484,74,User,Driver,3,2025-08-14 01:06:58,Average
1534,1746,296,18,User,Driver,5,2024-11-15 05:13:38,Excellent
1535,1746,296,18,Driver,User,4,2024-11-15 05:13:38,Good
1536,1748,189,9,User,Driver,5,2025-08-30 23:47:00,Excellent
1537,1752,431,12,User,Driver,1,2025-07-17 19:31:31,Very Poor
1538,1755,435,89,User,Driver,4,2024-06-23 21:20:08,Good
1539,1756,244,20,User,Driver,5,2025-11-26 16:30:39,Excellent
1540,1758,476,34,Driver,User,3,2024-08-15 22:54:24,Average
1541,1759,301,69,User,Driver,2,2025-10-11 14:15:22,Poor
1542,1759,301,69,Driver,User,1,2025-10-11 14:15:22,Very Poor
1543,1761,357,5,User,Driver,4,2024-01-17 14:05:01,Good
1544,1761,357,5,Driver,User,4,2024-01-17 14:05:01,Good
1545,1762,71,55,User,Driver,4,2025-09-09 23:48:08,Good
1546,1763,354,16,User,Driver,5,2024-04-20 05:00:23,Excellent
1547,1766,215,49,User,Driver,4,2025-04-29 05:17:05,Good
1548,1767,381,89,User,Driver,5,2024-08-03 20:56:19,Excellent
1549,1767,381,89,Driver,User,4,2024-08-03 20:56:19,Good
1550,1769,155,36,User,Driver,4,2025-06-12 18:23:28,Good
1551,1769,155,36,Driver,User,4,2025-06-12 18:23:28,Good
1552,1771,230,86,User,Driver,2,2024-04-23 17:27:12,Poor
1553,1774,207,8,Driver,User,5,2024-01-14 20:10:36,Excellent
1554,1775,346,16,Driver,User,4,2024-12-05 05:05:37,Good
1555,1778,460,43,User,Driver,4,2024-05-13 22:28:31,Good
1556,1778,460,43,Driver,User,5,2024-05-13 22:28:31,Excellent
1557,1779,499,45,Driver,User,5,2025-09-23 18:06:26,Excellent
1558,1781,48,22,User,Driver,3,2024-05-16 16:04:42,Average
1559,1781,48,22,Driver,User,5,2024-05-16 16:04:42,Excellent
1560,1782,255,15,Driver,User,3,2025-09-29 01:06:48,Average
1561,1784,117,61,User,Driver,5,2025-03-23 03:59:11,Excellent
1562,1785,68,64,User,Driver,4,2025-02-20 07:49:54,Good
1563,1786,490,49,User,Driver,4,2025-06-29 02:43:00,Good
1564,1786,490,49,Driver,User,5,2025-06-29 02:43:00,Excellent
1565,1788,321,96,User,Driver,4,2024-11-17 00:25:32,Good
1566,1788,321,96,Driver,User,3,2024-11-17 00:25:32,Average
1567,1789,108,15,User,Driver,5,2025-09-17 12:10:24,Excellent
1568,1789,108,15,Driver,User,4,2025-09-17 12:10:24,Good
1569,1790,112,72,User,Driver,2,2025-05-28 06:55:28,Poor
1570,1791,4,83,User,Driver,2,2024-06-16 23:45:43,Poor
1571,1791,4,83,Driver,User,5,2024-06-16 23:45:43,Excellent
1572,1793,136,75,User,Driver,4,2024-12-15 04:03:11,Good
1573,1795,465,36,User,Driver,2,2025-12-19 00:38:25,Poor
1574,1795,465,36,Driver,User,2,2025-12-19 00:38:25,Poor
1575,1796,265,37,User,Driver,5,2024-10-13 10:30:19,Excellent
1576,1796,265,37,Driver,User,3,2024-10-13 10:30:19,Average
1577,1797,204,55,Driver,User,5,2025-03-09 22:22:35,Excellent
1578,1798,383,15,Driver,User,4,2025-11-16 22:15:19,Good
1579,1800,494,49,User,Driver,4,2024-09-16 19:53:48,Good
1580,1802,384,96,User,Driver,4,2024-04-26 23:34:51,Good
1581,1802,384,96,Driver,User,5,2024-04-26 23:34:51,Excellent
1582,1803,164,55,Driver,User,5,2025-02-28 14:54:34,Excellent
1583,1804,287,97,User,Driver,4,2025-02-27 14:46:15,Good
1584,1804,287,97,Driver,User,4,2025-02-27 14:46:15,Good
1585,1806,471,55,User,Driver,5,2025-08-05 04:26:17,Excellent
1586,1806,471,55,Driver,User,4,2025-08-05 04:26:17,Good
1587,1807,183,56,User,Driver,4,2025-10-04 17:30:39,Good
1588,1808,17,6,User,Driver,4,2025-05-30 17:56:33,Good
1589,1809,398,33,User,Driver,5,2025-03-22 05:05:26,Excellent
1590,1809,398,33,Driver,User,4,2025-03-22 05:05:26,Good
1591,1810,103,37,User,Driver,4,2024-07-13 18:32:10,Good
1592,1811,344,64,User,Driver,5,2025-07-02 12:28:16,Excellent
1593,1811,344,64,Driver,User,4,2025-07-02 12:28:16,Good
1594,1812,467,67,User,Driver,3,2025-10-04 06:28:55,Average
1595,1812,467,67,Driver,User,4,2025-10-04 06:28:55,Good
1596,1813,106,65,User,Driver,3,2024-07-17 11:00:04,Average
1597,1814,87,9,User,Driver,4,2025-07-06 04:26:44,Good
1598,1814,87,9,Driver,User,5,2025-07-06 04:26:44,Excellent
1599,1816,259,42,User,Driver,5,2025-08-06 17:32:55,Excellent
1600,1817,350,86,User,Driver,5,2024-03-07 22:50:14,Excellent
1601,1817,350,86,Driver,User,5,2024-03-07 22:50:14,Excellent
1602,1819,488,14,User,Driver,4,2024-01-27 12:05:35,Good
1603,1820,289,12,User,Driver,4,2025-08-26 06:38:36,Good
1604,1821,360,6,User,Driver,5,2024-12-09 06:50:58,Excellent
1605,1821,360,6,Driver,User,5,2024-12-09 06:50:58,Excellent
1606,1822,64,10,User,Driver,4,2024-07-15 11:52:46,Good
1607,1822,64,10,Driver,User,3,2024-07-15 11:52:46,Average
1608,1823,172,89,User,Driver,2,2025-07-28 21:22:09,Poor
1609,1823,172,89,Driver,User,4,2025-07-28 21:22:09,Good
1610,1824,472,49,Driver,User,4,2025-11-27 18:56:26,Good
1611,1825,397,15,Driver,User,5,2025-11-28 20:14:40,Excellent
1612,1826,18,16,User,Driver,3,2024-09-22 12:29:32,Average
1613,1826,18,16,Driver,User,5,2024-09-22 12:29:32,Excellent
1614,1827,241,22,User,Driver,3,2024-08-07 19:35:05,Average
1615,1828,452,74,User,Driver,5,2024-10-27 10:58:37,Excellent
1616,1828,452,74,Driver,User,5,2024-10-27 10:58:37,Excellent
1617,1829,499,11,User,Driver,5,2024-02-19 02:38:16,Excellent
1618,1829,499,11,Driver,User,5,2024-02-19 02:38:16,Excellent
1619,1830,58,25,User,Driver,5,2024-04-29 19:07:28,Excellent
1620,1831,253,42,Driver,User,2,2025-05-08 08:16:46,Poor
1621,1832,41,21,User,Driver,4,2025-11-23 05:01:08,Good
1622,1832,41,21,Driver,User,4,2025-11-23 05:01:08,Good
1623,1833,386,45,User,Driver,4,2024-02-14 17:05:28,Good
1624,1834,223,29,User,Driver,4,2025-01-16 02:52:41,Good
1625,1834,223,29,Driver,User,3,2025-01-16 02:52:41,Average
1626,1836,350,86,User,Driver,4,2024-08-15 04:06:46,Good
1627,1837,92,87,User,Driver,5,2024-04-10 18:39:18,Excellent
1628,1837,92,87,Driver,User,5,2024-04-10 18:39:18,Excellent
1629,1838,154,83,User,Driver,5,2024-05-09 15:19:35,Excellent
1630,1838,154,83,Driver,User,5,2024-05-09 15:19:35,Excellent
1631,1840,63,12,User,Driver,4,2025-06-10 11:05:32,Good
1632,1842,216,46,Driver,User,5,2025-06-14 11:18:36,Excellent
1633,1843,173,6,User,Driver,4,2025-07-19 18:14:01,Good
1634,1843,173,6,Driver,User,4,2025-07-19 18:14:01,Good
1635,1844,265,59,User,Driver,3,2025-05-19 19:58:05,Average
1636,1844,265,59,Driver,User,4,2025-05-19 19:58:05,Good
1637,1845,447,81,User,Driver,1,2024-04-07 14:59:26,Very Poor
1638,1845,447,81,Driver,User,3,2024-04-07 14:59:26,Average
1639,1851,259,90,User,Driver,4,2025-05-10 21:05:26,Good
1640,1851,259,90,Driver,User,2,2025-05-10 21:05:26,Poor
1641,1852,294,45,User,Driver,5,2024-05-18 07:50:24,Excellent
1642,1853,285,93,User,Driver,5,2024-03-08 09:04:55,Excellent
1643,1854,261,59,User,Driver,5,2025-04-25 08:12:00,Excellent
1644,1855,86,98,User,Driver,5,2024-10-14 12:45:20,Excellent
1645,1859,165,29,User,Driver,5,2024-04-19 18:08:23,Excellent
1646,1861,413,74,User,Driver,4,2024-08-07 06:31:43,Good
1647,1862,413,86,Driver,User,4,2025-03-14 09:26:52,Good
1648,1863,334,89,Driver,User,4,2025-08-25 03:00:13,Good
1649,1864,144,93,User,Driver,2,2025-01-10 06:03:40,Poor
1650,1865,241,89,User,Driver,5,2025-02-04 21:38:08,Excellent
1651,1865,241,89,Driver,User,4,2025-02-04 21:38:08,Good
1652,1866,196,21,User,Driver,3,2025-08-31 18:32:15,Average
1653,1866,196,21,Driver,User,5,2025-08-31 18:32:15,Excellent
1654,1868,194,14,User,Driver,2,2025-10-10 05:28:33,Poor
1655,1868,194,14,Driver,User,5,2025-10-10 05:28:33,Excellent
1656,1870,7,4,User,Driver,5,2025-07-16 11:12:10,Excellent
1657,1870,7,4,Driver,User,5,2025-07-16 11:12:10,Excellent
1658,1871,11,52,User,Driver,4,2024-02-24 17:49:18,Good
1659,1872,292,33,User,Driver,3,2025-06-16 07:50:29,Average
1660,1872,292,33,Driver,User,4,2025-06-16 07:50:29,Good
1661,1873,89,48,User,Driver,4,2024-08-11 02:33:28,Good
1662,1873,89,48,Driver,User,3,2024-08-11 02:33:28,Average
1663,1877,437,83,User,Driver,4,2024-10-21 06:43:21,Good
1664,1877,437,83,Driver,User,5,2024-10-21 06:43:21,Excellent
1665,1878,15,86,Driver,User,1,2025-10-01 07:33:58,Very Poor
1666,1879,488,48,User,Driver,5,2025-01-31 18:23:09,Excellent
1667,1879,488,48,Driver,User,4,2025-01-31 18:23:09,Good
1668,1880,165,4,User,Driver,5,2024-08-28 20:42:25,Excellent
1669,1881,218,74,User,Driver,5,2024-09-10 23:23:27,Excellent
1670,1881,218,74,Driver,User,5,2024-09-10 23:23:27,Excellent
1671,1885,229,31,User,Driver,5,2025-02-16 22:58:02,Excellent
1672,1885,229,31,Driver,User,3,2025-02-16 22:58:02,Average
1673,1886,61,75,User,Driver,5,2024-06-07 13:34:13,Excellent
1674,1886,61,75,Driver,User,5,2024-06-07 13:34:13,Excellent
1675,1891,332,59,User,Driver,3,2024-03-22 05:01:09,Average
1676,1891,332,59,Driver,User,4,2024-03-22 05:01:09,Good
1677,1892,214,29,User,Driver,5,2024-04-21 22:42:54,Excellent
1678,1893,381,20,User,Driver,4,2025-07-04 10:08:37,Good
1679,1894,359,69,User,Driver,2,2024-01-18 05:12:33,Poor
1680,1895,93,72,User,Driver,5,2024-03-25 11:51:41,Excellent
1681,1896,477,84,User,Driver,5,2024-04-14 02:58:33,Excellent
1682,1896,477,84,Driver,User,5,2024-04-14 02:58:33,Excellent
1683,1898,40,25,User,Driver,3,2024-02-22 10:40:03,Average
1684,1900,389,60,User,Driver,5,2024-07-08 15:43:07,Excellent
1685,1901,153,87,User,Driver,5,2024-12-16 11:53:19,Excellent
1686,1903,408,21,User,Driver,3,2025-05-11 07:55:34,Average
1687,1903,408,21,Driver,User,5,2025-05-11 07:55:34,Excellent
1688,1904,306,49,Driver,User,5,2025-03-03 20:18:19,Excellent
1689,1905,289,49,User,Driver,3,2024-03-26 09:00:03,Average
1690,1905,289,49,Driver,User,4,2024-03-26 09:00:03,Good
1691,1907,490,15,Driver,User,5,2024-06-11 07:59:27,Excellent
1692,1909,465,36,User,Driver,4,2024-03-19 05:06:24,Good
1693,1910,377,14,User,Driver,4,2025-08-04 03:55:34,Good
1694,1912,350,70,User,Driver,4,2025-12-09 17:29:41,Good
1695,1912,350,70,Driver,User,5,2025-12-09 17:29:41,Excellent
1696,1913,20,81,User,Driver,5,2025-05-17 16:28:23,Excellent
1697,1913,20,81,Driver,User,5,2025-05-17 16:28:23,Excellent
1698,1915,95,87,User,Driver,5,2025-10-06 21:27:44,Excellent
1699,1916,63,54,User,Driver,5,2024-02-01 05:27:45,Excellent
1700,1916,63,54,Driver,User,4,2024-02-01 05:27:45,Good
1701,1918,78,45,User,Driver,2,2024-06-15 07:14:39,Poor
1702,1918,78,45,Driver,User,5,2024-06-15 07:14:39,Excellent
1703,1919,75,33,User,Driver,4,2025-10-20 17:22:21,Good
1704,1919,75,33,Driver,User,4,2025-10-20 17:22:21,Good
1705,1922,6,42,User,Driver,5,2025-05-05 17:38:23,Excellent
1706,1923,145,42,User,Driver,5,2025-08-02 09:03:50,Excellent
1707,1925,394,96,User,Driver,5,2024-02-16 14:23:13,Excellent
1708,1926,66,84,User,Driver,5,2025-12-02 05:11:30,Excellent
1709,1929,473,70,User,Driver,4,2024-03-26 15:03:55,Good
1710,1930,380,46,User,Driver,2,2024-03-12 08:56:22,Poor
1711,1931,242,90,User,Driver,5,2025-12-19 14:37:18,Excellent
1712,1931,242,90,Driver,User,5,2025-12-19 14:37:18,Excellent
1713,1932,486,11,User,Driver,5,2024-12-06 20:38:53,Excellent
1714,1937,369,46,User,Driver,4,2025-06-18 05:16:38,Good
1715,1937,369,46,Driver,User,5,2025-06-18 05:16:38,Excellent
1716,1938,106,64,User,Driver,4,2024-04-30 16:12:20,Good
1717,1939,263,75,User,Driver,2,2025-02-17 04:45:19,Poor
1718,1940,159,74,User,Driver,4,2024-06-23 05:26:44,Good
1719,1940,159,74,Driver,User,5,2024-06-23 05:26:44,Excellent
1720,1944,144,25,User,Driver,5,2025-08-28 04:29:37,Excellent
1721,1945,458,93,User,Driver,4,2024-05-01 19:42:44,Good
1722,1945,458,93,Driver,User,5,2024-05-01 19:42:44,Excellent
1723,1946,499,20,Driver,User,4,2024-11-04 08:59:03,Good
1724,1947,165,4,Driver,User,5,2025-11-21 02:02:28,Excellent
1725,1948,333,79,User,Driver,5,2025-04-20 16:53:00,Excellent
1726,1948,333,79,Driver,User,4,2025-04-20 16:53:00,Good
1727,1951,423,28,User,Driver,5,2024-02-20 10:21:44,Excellent
1728,1951,423,28,Driver,User,5,2024-02-20 10:21:44,Excellent
1729,1952,87,4,User,Driver,2,2024-04-17 07:34:20,Poor
1730,1952,87,4,Driver,User,4,2024-04-17 07:34:20,Good
1731,1953,361,79,User,Driver,4,2024-07-17 05:34:25,Good
1732,1954,378,90,User,Driver,3,2025-09-03 14:47:45,Average
1733,1956,383,49,User,Driver,5,2025-03-08 18:47:03,Excellent
1734,1956,383,49,Driver,User,2,2025-03-08 18:47:03,Poor
1735,1957,233,49,User,Driver,4,2025-08-09 12:15:59,Good
1736,1957,233,49,Driver,User,4,2025-08-09 12:15:59,Good
1737,1958,239,68,User,Driver,4,2024-11-03 10:33:52,Good
1738,1958,239,68,Driver,User,2,2024-11-03 10:33:52,Poor
1739,1962,106,78,User,Driver,5,2025-03-16 12:03:56,Excellent
1740,1962,106,78,Driver,User,4,2025-03-16 12:03:56,Good
1741,1963,499,11,User,Driver,3,2024-10-17 18:38:24,Average
1742,1963,499,11,Driver,User,3,2024-10-17 18:38:24,Average
1743,1964,260,54,Driver,User,5,2024-12-31 02:10:27,Excellent
1744,1966,126,6,User,Driver,3,2024-04-16 23:00:03,Average
1745,1966,126,6,Driver,User,5,2024-04-16 23:00:03,Excellent
1746,1968,136,84,User,Driver,5,2025-12-16 12:30:17,Excellent
1747,1969,459,47,User,Driver,4,2025-07-13 14:56:39,Good
1748,1969,459,47,Driver,User,4,2025-07-13 14:56:39,Good
1749,1970,248,12,User,Driver,5,2025-04-29 07:23:52,Excellent
1750,1970,248,12,Driver,User,5,2025-04-29 07:23:52,Excellent
1751,1971,299,86,User,Driver,3,2024-12-05 04:13:14,Average
1752,1971,299,86,Driver,User,5,2024-12-05 04:13:14,Excellent
1753,1972,496,54,User,Driver,4,2024-06-18 01:39:30,Good
1754,1973,276,16,Driver,User,5,2024-08-13 04:13:50,Excellent
1755,1974,499,16,User,Driver,3,2024-10-27 16:33:06,Average
1756,1975,350,70,User,Driver,4,2024-04-17 19:48:12,Good
1757,1979,201,87,User,Driver,4,2025-01-09 11:39:53,Good
1758,1980,311,49,Driver,User,5,2024-05-25 01:55:24,Excellent
1759,1983,55,29,User,Driver,5,2025-03-15 10:37:35,Excellent
1760,1983,55,29,Driver,User,4,2025-03-15 10:37:35,Good
1761,1984,140,75,User,Driver,3,2024-06-09 22:16:54,Average
1762,1984,140,75,Driver,User,3,2024-06-09 22:16:54,Average
1763,1985,467,8,Driver,User,5,2024-03-14 17:44:30,Excellent
1764,1986,33,3,User,Driver,5,2025-08-29 11:13:51,Excellent
1765,1987,430,74,User,Driver,5,2024-12-15 17:51:56,Excellent
1766,1987,430,74,Driver,User,4,2024-12-15 17:51:56,Good
1767,1989,264,45,User,Driver,4,2025-01-09 19:22:35,Good
1768,1991,343,69,User,Driver,4,2024-02-01 09:59:25,Good
1769,1992,187,21,User,Driver,4,2024-01-11 04:36:57,Good
1770,1994,230,70,User,Driver,3,2024-02-28 07:09:34,Average
1771,1997,443,49,User,Driver,5,2024-10-23 03:58:33,Excellent
1772,1997,443,49,Driver,User,4,2024-10-23 03:58:33,Good
1773,1998,264,22,User,Driver,4,2025-07-04 12:11:42,Good
1774,1999,52,86,User,Driver,5,2025-03-05 13:40:38,Excellent
1775,1999,52,86,Driver,User,5,2025-03-05 13:40:38,Excellent
