ride_id,request_id,user_id,driver_id,vehicle_id,city_id,pickup_zone_id,dropoff_zone_id,request_timestamp,accepted_timestamp,pickup_timestamp,dropoff_timestamp,ride_status,distance_km,duration_minutes,base_fare,surge_multiplier,booking_fee,toll_amount,discount_amount,tax_amount,total_fare,payment_method,cancellation_reason,cancelled_by,updated_at
1,REQ00000001,144,25.0,28.0,5,23.0,21,2025-05-16 08:12:33,2025-05-16 08:14:32,2025-05-16 08:23:09,2025-05-16 08:59:51,Completed,15.31,36.7,30.0,1.5,5.0,0.0,0.0,23.3,314.57,Debit Card,,,2025-05-16 08:59:51
2,REQ00000002,17,1.0,1.0,5,24.0,23,2024-07-25 20:35:34,2024-07-25 20:38:42,2024-07-25 20:52:08,2024-07-25 21:42:20,Completed,27.77,50.2,120.0,1.5,18.0,0.0,0.0,107.94,1457.25,Cash,,,2024-07-25 21:42:20
3,REQ00000003,218,70.0,77.0,9,43.0,44,2025-05-31 06:20:47,2025-05-31 06:24:14,2025-05-31 06:33:00,2025-05-31 07:29:36,Completed,23.22,56.6,120.0,1.2,18.0,0.0,0.0,78.59,1060.96,Cash,,,2025-05-31 07:29:36
4,REQ00000004,479,49.0,54.0,2,7.0,6,2024-01-15 14:31:40,2024-01-15 14:35:18,,,Driver_Cancelled,,,,1.2,,,,,,,Low Fare,Driver,2024-01-15 14:35:18
5,REQ00000005,422,67.0,74.0,8,40.0,38,2024-07-05 05:43:38,2024-07-05 05:46:22,2024-07-05 06:00:39,2024-07-05 06:40:03,Completed,16.4,39.4,50.0,1.0,10.0,0.0,37.02,25.27,304.15,Mobile Wallet,,,2024-07-05 06:40:03
6,REQ00000006,401,56.0,62.0,8,38.0,40,2025-01-20 14:01:46,2025-01-20 14:03:21,2025-01-20 14:09:45,2025-01-20 14:57:21,Completed,18.69,47.6,50.0,1.0,10.0,0.0,0.0,28.45,384.13,Credit Card,,,2025-01-20 14:57:21
7,REQ00000007,106,64.0,70.0,4,17.0,18,2024-07-01 00:05:06,2024-07-01 00:09:06,,,Driver_Cancelled,,,,1.2,,,,,,,Vehicle Issue,Driver,2024-07-01 00:09:06
8,REQ00000008,239,68.0,75.0,8,36.0,37,2024-11-23 21:05:57,2024-11-23 21:10:05,2024-11-23 21:13:45,2024-11-23 21:19:45,Completed,1.99,6.0,150.0,1.2,25.0,0.0,43.47,24.84,291.81,Cash,,,2024-11-23 21:19:45
9,REQ00000009,356,,,1,5.0,1,2024-02-20 09:27:53,,,,No_Driver_Available,,,,2.0,,,,,,,,,2024-02-20 09:27:53
10,REQ00000010,161,80.0,88.0,10,48.0,46,2024-04-04 15:11:42,2024-04-04 15:15:06,2024-04-04 15:18:18,2024-04-04 16:12:06,Completed,19.67,53.8,150.0,1.0,25.0,0.0,0.0,78.42,1058.72,Cash,,,2024-04-04 16:12:06
11,REQ00000011,324,20.0,23.0,3,12.0,11,2025-03-11 11:57:59,2025-03-11 11:58:52,2025-03-11 12:06:24,2025-03-11 12:09:24,Completed,1.97,3.0,70.0,1.2,12.0,0.0,23.41,11.28,128.93,Cash,,,2025-03-11 12:09:24
12,REQ00000012,356,33.0,37.0,1,2.0,5,2025-09-14 17:10:09,2025-09-14 17:11:33,2025-09-14 17:21:07,2025-09-14 17:36:43,Completed,5.12,15.6,50.0,1.5,10.0,0.0,0.0,17.38,234.64,Credit Card,,,2025-09-14 17:36:43
13,REQ00000013,113,,,1,5.0,1,2024-10-31 04:26:58,,,,No_Driver_Available,,,,1.2,,,,,,,,,2024-10-31 04:26:58
14,REQ00000014,234,9.0,11.0,1,2.0,4,2025-10-23 16:35:18,2025-10-23 16:38:40,2025-10-23 16:44:03,2025-10-23 17:11:03,Completed,9.41,27.0,70.0,1.0,12.0,0.0,0.0,22.17,299.32,Cash,,,2025-10-23 17:11:03
15,REQ00000015,187,93.0,103.0,5,21.0,24,2024-11-18 08:47:31,2024-11-18 08:49:16,2024-11-18 09:02:09,2024-11-18 09:12:09,Completed,6.11,10.0,50.0,1.5,10.0,0.0,0.0,17.8,240.28,Mobile Wallet,,,2024-11-18 09:12:09
16,REQ00000016,145,49.0,54.0,2,9.0,10,2025-10-27 06:36:46,2025-10-27 06:39:00,2025-10-27 06:51:23,2025-10-27 06:56:47,Completed,3.62,5.4,70.0,1.0,12.0,0.0,0.0,11.77,158.87,Cash,,,2025-10-27 06:56:47
17,REQ00000017,261,60.0,66.0,5,23.0,21,2025-03-27 01:02:59,2025-03-27 01:06:51,2025-03-27 01:13:57,2025-03-27 01:50:21,Completed,13.92,36.4,70.0,1.2,12.0,0.0,0.0,34.91,471.23,Mobile Wallet,,,2025-03-27 01:50:21
18,REQ00000018,48,16.0,19.0,3,11.0,15,2025-06-04 11:20:44,2025-06-04 11:22:30,2025-06-04 11:35:58,2025-06-04 11:45:46,Completed,4.5,9.8,150.0,1.2,25.0,0.0,0.0,33.52,452.56,Cash,,,2025-06-04 11:45:46
19,REQ00000019,445,96.0,106.0,1,4.0,3,2024-10-08 14:46:27,2024-10-08 14:48:58,2024-10-08 14:57:11,2024-10-08 15:53:11,Completed,27.74,56.0,30.0,1.0,5.0,0.0,0.0,25.03,337.95,Cash,,,2024-10-08 15:53:11
20,REQ00000020,391,9.0,11.0,1,5.0,4,2024-10-12 10:40:06,2024-10-12 10:40:49,2024-10-12 10:51:28,2024-10-12 11:09:10,Completed,6.32,17.7,70.0,1.2,12.0,0.0,0.0,20.37,275.01,Cash,,,2024-10-12 11:09:10
21,REQ00000021,144,25.0,28.0,5,23.0,25,2024-08-19 10:10:24,2024-08-19 10:12:32,2024-08-19 10:21:02,2024-08-19 10:54:14,Completed,20.41,33.2,30.0,1.0,5.0,100.0,0.0,26.52,358.0,Mobile Wallet,,,2024-08-19 10:54:14
22,REQ00000022,453,69.0,76.0,9,41.0,44,2025-07-18 09:18:54,2025-07-18 09:22:14,,,Driver_Cancelled,,,,1.5,,,,,,,Too Far,Driver,2025-07-18 09:22:14
23,REQ00000023,238,87.0,97.0,1,2.0,1,2024-10-28 03:59:19,2024-10-28 04:03:59,2024-10-28 04:06:37,2024-10-28 04:26:25,Completed,4.97,19.8,120.0,1.2,18.0,0.0,0.0,29.45,397.54,Cash,,,2024-10-28 04:26:25
24,REQ00000024,96,40.0,45.0,8,39.0,36,2025-01-28 01:24:16,2025-01-28 01:25:45,2025-01-28 01:28:20,2025-01-28 01:34:44,Completed,2.93,6.4,120.0,1.2,18.0,0.0,0.0,21.28,287.27,Debit Card,,,2025-01-28 01:34:44
25,REQ00000025,435,22.0,25.0,3,14.0,15,2024-05-08 23:46:22,2024-05-08 23:46:46,,,Accepted,,,,1.0,,,,,,,,,2024-05-08 23:46:46
26,REQ00000026,87,96.0,106.0,1,3.0,2,2025-08-12 20:14:47,2025-08-12 20:15:40,,,Rider_Cancelled,,,,1.5,,,,,,,Driver Delayed,Rider,2025-08-12 20:15:40
27,REQ00000027,424,81.0,89.0,5,22.0,21,2025-12-14 16:01:03,2025-12-14 16:01:22,2025-12-14 16:14:12,2025-12-14 16:37:30,Completed,8.43,23.3,100.0,1.2,15.0,50.0,0.0,37.62,507.84,Bank Transfer,,,2025-12-14 16:37:30
28,REQ00000028,247,,,8,37.0,38,2024-12-29 19:46:35,,,,Requested,,,,1.5,,,,,,,,,2024-12-29 19:46:35
29,REQ00000029,429,89.0,99.0,3,15.0,11,2024-06-03 16:21:20,2024-06-03 16:22:57,,,Driver_Cancelled,,,,1.2,,,,,,,Other,Driver,2024-06-03 16:22:57
30,REQ00000030,67,,,7,31.0,35,2025-11-13 12:58:13,,,,Requested,,,,1.0,,,,,,,,,2025-11-13 12:58:13
31,REQ00000031,31,15.0,18.0,2,6.0,9,2025-03-07 05:04:41,2025-03-07 05:07:43,2025-03-07 05:12:54,2025-03-07 05:22:00,Completed,1.36,9.1,30.0,1.0,5.0,0.0,6.95,4.4,52.43,Cash,,,2025-03-07 05:22:00
32,REQ00000032,252,48.0,53.0,10,50.0,49,2024-06-19 02:51:37,2024-06-19 02:55:43,2024-06-19 03:07:44,2024-06-19 03:43:02,Completed,12.57,35.3,50.0,1.2,10.0,0.0,0.0,25.32,341.87,Cash,,,2024-06-19 03:43:02
33,REQ00000033,414,6.0,6.0,5,22.0,25,2025-11-19 07:02:04,2025-11-19 07:05:32,2025-11-19 07:07:31,2025-11-19 07:23:49,Completed,5.07,16.3,150.0,1.5,25.0,0.0,52.71,47.08,582.82,Debit Card,,,2025-11-19 07:23:49
34,REQ00000034,376,58.0,64.0,7,31.0,33,2025-10-03 05:09:51,2025-10-03 05:10:25,2025-10-03 05:19:37,2025-10-03 06:22:01,Completed,32.1,62.4,70.0,1.0,12.0,0.0,0.0,55.06,743.36,Mobile Wallet,,,2025-10-03 06:22:01
35,REQ00000035,366,33.0,37.0,1,1.0,3,2024-03-27 08:29:15,2024-03-27 08:31:25,2024-03-27 08:39:35,2024-03-27 09:07:29,Completed,12.47,27.9,50.0,1.5,10.0,0.0,0.0,30.18,407.42,Mobile Wallet,,,2024-03-27 09:07:29
36,REQ00000036,416,75.0,82.0,4,18.0,20,2025-01-02 02:25:13,2025-01-02 02:26:43,2025-01-02 02:34:58,2025-01-02 03:36:10,Completed,25.64,61.2,30.0,1.2,5.0,0.0,0.0,28.93,390.51,Cash,,,2025-01-02 03:36:10
37,REQ00000037,9,33.0,37.0,1,3.0,2,2025-07-19 06:46:12,2025-07-19 06:50:02,2025-07-19 06:53:19,2025-07-19 07:43:25,Completed,18.02,50.1,50.0,1.5,10.0,0.0,0.0,42.17,569.25,Mobile Wallet,,,2025-07-19 07:43:25
38,REQ00000038,92,96.0,106.0,1,3.0,4,2024-06-24 10:11:12,2024-06-24 10:12:48,2024-06-24 10:14:13,2024-06-24 10:45:19,Completed,16.32,31.1,30.0,1.2,5.0,0.0,0.0,18.88,254.87,Debit Card,,,2024-06-24 10:45:19
39,REQ00000039,161,82.0,91.0,10,46.0,50,2025-05-08 18:42:36,2025-05-08 18:44:12,2025-05-08 18:52:57,2025-05-08 18:56:33,Completed,5.56,3.6,50.0,1.5,10.0,0.0,0.0,15.85,214.03,Credit Card,,,2025-05-08 18:56:33
40,REQ00000040,211,42.0,47.0,2,9.0,8,2024-09-18 21:18:54,2024-09-18 21:23:53,2024-09-18 21:38:46,2024-09-18 22:04:04,Completed,14.36,25.3,150.0,1.0,25.0,0.0,32.23,56.56,731.33,Debit Card,,,2024-09-18 22:04:04
41,REQ00000041,226,65.0,71.0,4,18.0,20,2025-04-09 20:34:02,2025-04-09 20:35:36,,,Driver_Cancelled,,,,1.5,,,,,,,Low Fare,Driver,2025-04-09 20:35:36
42,REQ00000042,253,12.0,14.0,2,6.0,10,2025-09-13 15:57:52,2025-09-13 15:59:48,2025-09-13 16:01:08,2025-09-13 16:05:38,Completed,2.23,4.5,50.0,1.2,10.0,0.0,0.0,8.98,121.19,Credit Card,,,2025-09-13 16:05:38
43,REQ00000043,164,49.0,54.0,2,8.0,9,2025-03-06 13:11:34,2025-03-06 13:12:21,2025-03-06 13:25:27,2025-03-06 14:46:33,Completed,28.61,81.1,70.0,1.2,12.0,0.0,0.0,64.64,872.66,Mobile Wallet,,,2025-03-06 14:46:33
44,REQ00000044,122,81.0,89.0,5,22.0,25,2025-02-06 14:30:49,2025-02-06 14:33:21,2025-02-06 14:35:57,2025-02-06 14:47:45,Completed,6.16,11.8,100.0,1.0,15.0,0.0,43.48,21.42,245.64,Cash,,,2025-02-06 14:47:45
45,REQ00000045,131,29.0,32.0,1,1.0,4,2024-12-03 12:25:33,2024-12-03 12:27:26,2024-12-03 12:31:56,2024-12-03 12:34:56,Completed,2.83,3.0,70.0,1.0,12.0,0.0,0.0,10.44,140.89,Bank Transfer,,,2024-12-03 12:34:56
46,REQ00000046,370,2.0,2.0,6,27.0,26,2025-04-08 04:09:13,2025-04-08 04:11:32,,,Driver_Cancelled,,,,1.2,,,,,,,Other,Driver,2025-04-08 04:11:32
47,REQ00000047,34,12.0,14.0,2,10.0,8,2025-03-07 12:25:50,2025-03-07 12:29:17,,,Driver_Cancelled,,,,1.0,,,,,,,Personal Reason,Driver,2025-03-07 12:29:17
48,REQ00000048,461,15.0,18.0,2,6.0,9,2024-05-14 17:53:07,2024-05-14 17:53:59,,,Rider_Cancelled,,,,1.5,,,,,,,Other,Rider,2024-05-14 17:53:59
49,REQ00000049,202,29.0,32.0,1,3.0,4,2024-09-04 13:56:00,2024-09-04 13:57:17,2024-09-04 14:08:19,2024-09-04 15:13:31,Completed,34.28,65.2,70.0,1.2,12.0,0.0,0.0,69.75,941.67,Cash,,,2024-09-04 15:13:31
50,REQ00000050,111,36.0,40.0,7,31.0,34,2025-11-17 02:59:07,2025-11-17 03:02:19,2025-11-17 03:15:29,2025-11-17 03:30:11,Completed,5.42,14.7,70.0,1.2,12.0,0.0,0.0,18.5,249.74,Cash,,,2025-11-17 03:30:11
51,REQ00000051,89,80.0,88.0,10,47.0,50,2024-06-10 11:57:30,2024-06-10 11:57:56,2024-06-10 12:08:36,2024-06-10 12:24:48,Completed,8.45,16.2,150.0,1.2,25.0,0.0,0.0,47.36,639.32,Cash,,,2024-06-10 12:24:48
52,REQ00000052,56,47.0,52.0,5,25.0,23,2024-11-25 11:18:48,2024-11-25 11:20:59,2024-11-25 11:30:57,2024-11-25 12:01:27,Completed,17.19,30.5,70.0,1.2,12.0,0.0,0.0,38.48,519.5,Cash,,,2024-11-25 12:01:27
53,REQ00000053,34,42.0,47.0,2,10.0,9,2025-10-01 08:36:12,2025-10-01 08:39:57,,,Rider_Cancelled,,,,1.5,,,,,,,High Fare,Rider,2025-10-01 08:39:57
54,REQ00000054,361,52.0,58.0,6,27.0,26,2024-12-10 18:10:05,2024-12-10 18:12:13,,,Driver_Cancelled,,,,1.5,,,,,,,Traffic,Driver,2024-12-10 18:12:13
55,REQ00000055,381,22.0,25.0,3,13.0,15,2025-12-17 13:04:18,2025-12-17 13:06:55,2025-12-17 13:13:54,2025-12-17 13:46:24,Completed,12.52,32.5,50.0,1.0,10.0,0.0,0.0,20.72,279.71,Mobile Wallet,,,2025-12-17 13:46:24
56,REQ00000056,244,20.0,23.0,3,12.0,11,2024-11-01 19:18:22,2024-11-01 19:21:59,2024-11-01 19:34:14,2024-11-01 19:43:02,Completed,4.75,8.8,70.0,1.5,12.0,0.0,0.0,20.5,276.77,Cash,,,2024-11-01 19:43:02
57,REQ00000057,338,31.0,35.0,7,31.0,32,2024-04-05 21:51:35,2024-04-05 21:55:32,2024-04-05 21:59:41,2024-04-05 22:02:41,Completed,2.41,3.0,100.0,1.0,15.0,0.0,0.0,13.66,184.36,Credit Card,,,2024-04-05 22:02:41
58,REQ00000058,497,49.0,54.0,2,6.0,8,2024-02-17 16:08:37,2024-02-17 16:13:14,2024-02-17 16:16:29,2024-02-17 16:45:11,Completed,15.36,28.7,70.0,1.2,12.0,0.0,0.0,35.5,479.26,Debit Card,,,2024-02-17 16:45:11
59,REQ00000059,215,,,2,8.0,6,2025-07-04 19:58:41,,,,Requested,,,,1.5,,,,,,,,,2025-07-04 19:58:41
60,REQ00000060,488,14.0,17.0,10,47.0,50,2025-09-26 12:29:42,2025-09-26 12:33:12,2025-09-26 12:45:36,2025-09-26 12:56:00,Completed,5.29,10.4,30.0,1.2,5.0,0.0,0.0,8.42,113.68,Credit Card,,,2025-09-26 12:56:00
61,REQ00000061,20,60.0,66.0,5,21.0,22,2024-12-04 04:23:10,2024-12-04 04:26:14,2024-12-04 04:32:55,2024-12-04 04:43:13,Completed,5.26,10.3,70.0,1.2,12.0,50.0,0.0,22.22,300.02,Cash,,,2024-12-04 04:43:13
62,REQ00000062,356,29.0,32.0,1,3.0,2,2024-12-11 22:15:51,2024-12-11 22:19:50,2024-12-11 22:31:48,2024-12-11 23:32:30,Completed,24.03,60.7,70.0,1.2,12.0,0.0,0.0,54.13,730.75,Mobile Wallet,,,2024-12-11 23:32:30
63,REQ00000063,213,46.0,51.0,1,5.0,4,2024-07-19 23:24:05,2024-07-19 23:24:59,2024-07-19 23:31:58,2024-07-19 23:35:46,Completed,3.76,3.8,50.0,1.2,10.0,0.0,19.02,10.64,124.6,Cash,,,2024-07-19 23:35:46
64,REQ00000064,242,12.0,14.0,2,6.0,10,2024-07-26 19:29:09,2024-07-26 19:31:30,2024-07-26 19:45:21,2024-07-26 20:07:09,Completed,6.07,21.8,50.0,1.5,10.0,0.0,0.0,19.86,268.17,Debit Card,,,2024-07-26 20:07:09
65,REQ00000065,292,4.0,4.0,1,4.0,2,2024-09-05 18:14:03,2024-09-05 18:17:36,2024-09-05 18:23:07,2024-09-05 18:31:01,Completed,3.65,7.9,70.0,1.5,12.0,0.0,0.0,18.31,247.14,Cash,,,2024-09-05 18:31:01
66,REQ00000066,240,98.0,108.0,1,2.0,4,2024-07-29 21:18:50,2024-07-29 21:21:48,2024-07-29 21:29:58,2024-07-29 21:38:10,Completed,6.34,8.2,100.0,1.2,15.0,0.0,0.0,25.18,339.94,Mobile Wallet,,,2024-07-29 21:38:10
67,REQ00000067,331,36.0,40.0,7,31.0,33,2025-11-03 19:30:20,2025-11-03 19:31:53,2025-11-03 19:42:08,2025-11-03 20:35:44,Completed,17.22,53.6,70.0,1.5,12.0,0.0,0.0,53.7,724.95,Mobile Wallet,,,2025-11-03 20:35:44
68,REQ00000068,78,45.0,50.0,3,13.0,14,2024-09-22 22:27:14,2024-09-22 22:30:28,2024-09-22 22:45:14,2024-09-22 23:25:44,Completed,22.35,40.5,70.0,1.2,12.0,0.0,0.0,47.83,645.73,Debit Card,,,2024-09-22 23:25:44
69,REQ00000069,117,61.0,67.0,4,20.0,17,2024-11-12 03:09:05,2024-11-12 03:11:38,2024-11-12 03:20:37,2024-11-12 03:30:43,Completed,2.26,10.1,50.0,1.2,10.0,0.0,3.86,9.82,128.68,Debit Card,,,2024-11-12 03:30:43
70,REQ00000070,283,29.0,32.0,1,3.0,1,2024-12-05 23:44:53,2024-12-05 23:48:55,,,Driver_Cancelled,,,,1.2,,,,,,,Too Far,Driver,2024-12-05 23:48:55
71,REQ00000071,311,90.0,100.0,2,8.0,6,2024-05-27 23:40:55,2024-05-27 23:43:29,,,Driver_Cancelled,,,,1.0,,,,,,,Traffic,Driver,2024-05-27 23:43:29
72,REQ00000072,86,29.0,32.0,1,5.0,3,2025-12-29 14:52:15,2025-12-29 14:55:32,2025-12-29 14:58:51,2025-12-29 15:19:27,Completed,9.18,20.6,70.0,1.2,12.0,0.0,0.0,25.05,338.13,Credit Card,,,2025-12-29 15:19:27
73,REQ00000073,102,20.0,23.0,3,11.0,12,2025-09-18 09:04:18,2025-09-18 09:06:19,2025-09-18 09:19:04,2025-09-18 09:29:22,Completed,4.68,10.3,70.0,1.5,12.0,0.0,0.0,20.74,279.94,Cash,,,2025-09-18 09:29:22
74,REQ00000074,20,59.0,65.0,5,24.0,23,2024-08-13 19:48:03,2024-08-13 19:52:49,2024-08-13 20:04:29,2024-08-13 20:49:17,Completed,14.5,44.8,70.0,1.5,12.0,0.0,0.0,46.69,630.34,Bank Transfer,,,2024-08-13 20:49:17
75,REQ00000075,116,20.0,23.0,3,15.0,13,2024-12-23 09:35:56,2024-12-23 09:39:31,2024-12-23 09:48:12,2024-12-23 11:02:12,Completed,24.27,74.0,70.0,1.5,12.0,0.0,0.0,71.29,962.36,Cash,,,2024-12-23 11:02:12
76,REQ00000076,241,22.0,25.0,3,12.0,13,2024-09-08 04:55:26,2024-09-08 04:56:44,,,Accepted,,,,1.5,,,,,,,,,2024-09-08 04:56:44
77,REQ00000077,356,,,1,5.0,1,2024-10-29 20:00:40,,,,No_Driver_Available,,,,1.5,,,,,,,,,2024-10-29 20:00:40
78,REQ00000078,209,96.0,106.0,1,3.0,4,2025-11-16 05:02:57,2025-11-16 05:04:49,,,Rider_Cancelled,,,,1.2,,,,,,,Long ETA,Rider,2025-11-16 05:04:49
79,REQ00000079,410,98.0,108.0,1,3.0,5,2025-09-21 23:51:33,2025-09-21 23:54:43,2025-09-21 23:58:46,2025-09-22 00:32:16,Completed,12.45,33.5,100.0,1.2,15.0,0.0,0.0,42.98,580.28,Debit Card,,,2025-09-22 00:32:16
80,REQ00000080,294,20.0,23.0,3,13.0,15,2025-07-14 11:00:44,2025-07-14 11:02:26,2025-07-14 11:07:04,2025-07-14 12:15:46,Completed,22.92,68.7,70.0,1.0,12.0,0.0,0.0,45.06,608.26,Bank Transfer,,,2025-07-14 12:15:46
81,REQ00000081,240,4.0,4.0,1,3.0,1,2024-06-20 04:51:15,2024-06-20 04:54:09,2024-06-20 04:59:36,2024-06-20 06:20:30,Completed,33.09,80.9,70.0,1.2,12.0,20.0,0.0,72.97,985.15,Mobile Wallet,,,2024-06-20 06:20:30
82,REQ00000082,30,29.0,32.0,1,2.0,1,2024-11-03 01:27:38,2024-11-03 01:30:11,2024-11-03 01:44:20,2024-11-03 01:56:14,Completed,4.5,11.9,70.0,1.2,12.0,0.0,0.0,16.64,224.6,Mobile Wallet,,,2024-11-03 01:56:14
83,REQ00000083,413,69.0,76.0,9,45.0,41,2025-06-27 07:38:41,2025-06-27 07:43:32,2025-06-27 07:51:55,2025-06-27 08:00:43,Completed,3.55,8.8,70.0,1.5,12.0,0.0,22.52,18.34,225.09,Cash,,,2025-06-27 08:00:43
84,REQ00000084,296,2.0,2.0,6,30.0,27,2025-05-13 06:10:49,2025-05-13 06:15:41,,,Driver_Cancelled,,,,1.2,,,,,,,Low Fare,Driver,2025-05-13 06:15:41
85,REQ00000085,134,54.0,60.0,2,7.0,9,2024-05-05 20:20:16,2024-05-05 20:20:36,2024-05-05 20:23:46,2024-05-05 20:26:46,Completed,2.5,3.0,50.0,1.5,10.0,50.0,0.0,17.34,234.09,Credit Card,,,2024-05-05 20:26:46
86,REQ00000086,53,93.0,103.0,5,21.0,22,2025-02-13 23:45:19,2025-02-13 23:47:40,2025-02-13 23:53:39,2025-02-14 00:07:21,Completed,7.64,13.7,50.0,1.2,10.0,0.0,0.0,16.53,223.21,Mobile Wallet,,,2025-02-14 00:07:21
87,REQ00000087,71,90.0,100.0,2,6.0,10,2024-08-02 09:11:24,2024-08-02 09:14:45,2024-08-02 09:21:35,2024-08-02 09:46:11,Completed,10.9,24.6,50.0,1.5,10.0,0.0,0.0,27.32,368.87,Mobile Wallet,,,2024-08-02 09:46:11
88,REQ00000088,211,42.0,47.0,2,7.0,10,2024-11-07 20:53:03,2024-11-07 20:54:02,2024-11-07 21:06:43,2024-11-07 21:10:13,Completed,3.35,3.5,150.0,1.5,25.0,20.0,0.0,37.14,501.39,Bank Transfer,,,2024-11-07 21:10:13
89,REQ00000089,195,72.0,79.0,10,47.0,50,2025-07-06 23:29:27,2025-07-06 23:33:10,2025-07-06 23:38:44,2025-07-06 23:41:44,Completed,1.26,3.0,50.0,1.2,10.0,0.0,0.0,7.64,103.18,Debit Card,,,2025-07-06 23:41:44
90,REQ00000090,332,93.0,103.0,5,22.0,25,2025-07-11 07:34:39,2025-07-11 07:36:08,2025-07-11 07:38:09,2025-07-11 07:45:33,Completed,3.01,7.4,50.0,1.5,10.0,0.0,0.0,12.87,173.7,Cash,,,2025-07-11 07:45:33
91,REQ00000091,313,22.0,25.0,3,14.0,12,2024-04-08 00:04:13,2024-04-08 00:08:14,2024-04-08 00:18:06,2024-04-08 00:24:36,Completed,2.22,6.5,50.0,1.2,10.0,0.0,0.0,9.25,124.92,Mobile Wallet,,,2024-04-08 00:24:36
92,REQ00000092,127,29.0,32.0,1,3.0,1,2024-10-22 19:16:36,2024-10-22 19:17:58,2024-10-22 19:22:50,2024-10-22 20:21:26,Completed,17.17,58.6,70.0,1.5,12.0,0.0,0.0,54.81,739.93,Cash,,,2024-10-22 20:21:26
93,REQ00000093,105,60.0,66.0,5,23.0,25,2024-10-30 05:25:34,2024-10-30 05:28:47,,,completED,,,,1.0,,,,,,,Vehicle Issue,Driver,2024-10-30 05:28:47
94,REQ00000094,404,14.0,17.0,10,48.0,49,2024-01-23 19:11:05,2024-01-23 19:12:27,,,Driver_Cancelled,,,,1.5,,,,,,,Traffic,Driver,2024-01-23 19:12:27
95,REQ00000095,161,82.0,91.0,10,48.0,46,2024-12-24 06:36:38,2024-12-24 06:38:17,2024-12-24 06:42:51,2024-12-24 08:03:21,Completed,27.48,80.5,50.0,1.0,10.0,0.0,0.0,40.84,551.35,Mobile Wallet,,,2024-12-24 08:03:21
96,REQ00000096,225,74.0,81.0,9,42.0,45,2024-06-04 12:47:47,2024-06-04 12:50:57,2024-06-04 12:57:42,2024-06-04 13:15:06,Completed,7.56,17.4,70.0,1.2,12.0,0.0,0.0,22.1,298.34,Cash,,,2024-06-04 13:15:06
97,REQ00000097,182,22.0,25.0,3,11.0,14,2024-06-14 13:48:49,2024-06-14 13:50:38,,,Rider_Cancelled,,,,1.0,,,,,,,High Fare,Rider,2024-06-14 13:50:38
98,REQ00000098,76,3.0,3.0,8,38.0,36,2024-09-15 08:10:18,2024-09-15 08:10:34,,,Rider_Cancelled,,,,1.5,,,,,,,Long ETA,Rider,2024-09-15 08:10:34
99,REQ00000099,294,89.0,99.0,3,14.0,11,2024-09-18 04:37:43,2024-09-18 04:40:13,2024-09-18 04:44:04,2024-09-18 05:01:28,Completed,6.02,17.4,100.0,1.2,15.0,0.0,0.0,26.77,361.45,Mobile Wallet,,,2024-09-18 05:01:28
100,REQ00000100,221,38.0,43.0,4,16.0,18,2025-01-10 11:02:02,2025-01-10 11:03:11,2025-01-10 11:06:03,2025-01-10 12:28:27,Completed,26.5,82.4,70.0,1.2,12.0,0.0,97.0,61.85,738.01,Mobile Wallet,,,2025-01-10 12:28:27
101,REQ00000101,30,9.0,11.0,1,4.0,5,2025-07-28 20:19:09,2025-07-28 20:21:53,2025-07-28 20:30:54,2025-07-28 20:42:36,Completed,2.73,11.7,70.0,1.5,12.0,0.0,0.0,17.56,237.08,Mobile Wallet,,,2025-07-28 20:42:36
102,REQ00000102,160,43.0,48.0,4,20.0,19,2025-10-09 07:57:30,2025-10-09 07:59:13,2025-10-09 08:04:30,2025-10-09 08:17:06,Completed,5.39,12.6,150.0,1.5,25.0,0.0,10.73,46.45,616.37,Mobile Wallet,,,2025-10-09 08:17:06
103,REQ00000103,288,42.0,47.0,2,9.0,8,2024-03-14 22:27:23,2024-03-14 22:28:09,2024-03-14 22:37:50,2024-03-14 23:21:20,Completed,13.2,43.5,150.0,1.0,25.0,0.0,0.0,59.6,804.6,Credit Card,,,2024-03-14 23:21:20
104,REQ00000104,480,96.0,106.0,1,1.0,5,2025-08-15 12:28:30,2025-08-15 12:30:23,2025-08-15 12:36:39,2025-08-15 12:42:51,Completed,5.16,6.2,30.0,1.0,5.0,0.0,0.0,6.6,89.08,Credit Card,,,2025-08-15 12:42:51
105,REQ00000105,304,65.0,71.0,4,19.0,16,2024-11-28 10:53:02,2024-11-28 10:54:07,2024-11-28 10:59:06,2024-11-28 11:14:30,Completed,6.88,15.4,50.0,1.0,10.0,0.0,0.0,13.25,178.91,Credit Card,,,2024-11-28 11:14:30
106,REQ00000106,78,22.0,25.0,3,15.0,14,2024-05-21 21:19:12,2024-05-21 21:21:49,2024-05-21 21:34:42,2024-05-21 21:40:06,Completed,4.34,5.4,50.0,1.2,10.0,20.0,0.0,13.46,181.68,Debit Card,,,2024-05-21 21:40:06
107,REQ00000107,479,42.0,47.0,2,7.0,8,2024-02-20 17:48:07,2024-02-20 17:49:40,2024-02-20 17:58:51,2024-02-20 18:16:21,Completed,8.25,17.5,150.0,1.5,25.0,20.0,0.0,61.5,830.25,Debit Card,,,2024-02-20 18:16:21
108,REQ00000108,460,65.0,71.0,4,18.0,16,2024-02-12 01:45:47,2024-02-12 01:46:15,2024-02-12 01:58:13,2024-02-12 02:56:01,Completed,25.6,57.8,50.0,1.2,10.0,0.0,0.0,43.57,588.25,Debit Card,,,2024-02-12 02:56:01
109,REQ00000109,301,69.0,76.0,9,42.0,45,2024-01-08 14:25:27,2024-01-08 14:25:58,,,Rider_Cancelled,,,,1.0,,,,,,,Changed Mind,Rider,2024-01-08 14:25:58
110,REQ00000110,62,84.0,94.0,4,16.0,18,2025-05-03 19:34:50,2025-05-03 19:38:04,2025-05-03 19:50:02,2025-05-03 20:32:02,Completed,18.14,42.0,70.0,1.5,12.0,0.0,28.77,52.57,680.95,Cash,,,2025-05-03 20:32:02
111,REQ00000111,105,59.0,65.0,5,23.0,24,2025-10-28 13:52:29,2025-10-28 13:53:19,,,Rider_Cancelled,,,,1.0,,,,,,,Long ETA,Rider,2025-10-28 13:53:19
112,REQ00000112,134,54.0,60.0,2,8.0,10,2024-09-14 08:01:25,2024-09-14 08:02:45,,,Driver_Cancelled,,,,1.5,,,,,,,Vehicle Issue,Driver,2024-09-14 08:02:45
113,REQ00000113,281,31.0,35.0,7,32.0,34,2024-10-08 05:13:27,2024-10-08 05:17:45,2024-10-08 05:24:38,2024-10-08 05:35:32,Completed,4.08,10.9,100.0,1.2,15.0,0.0,0.0,21.49,290.11,Credit Card,,,2024-10-08 05:35:32
114,REQ00000114,150,15.0,18.0,2,6.0,8,2025-10-20 09:33:34,2025-10-20 09:34:16,,,Rider_Cancelled,,,,1.5,,,,,,,Changed Mind,Rider,2025-10-20 09:34:16
115,REQ00000115,27,67.0,74.0,8,38.0,39,2025-03-26 08:38:03,2025-03-26 08:40:44,,,Accepted,,,,1.5,,,,,,,,,2025-03-26 08:40:44
116,REQ00000116,51,98.0,108.0,1,5.0,4,2025-07-12 00:51:44,2025-07-12 00:55:47,,,Driver_Cancelled,,,,1.5,,,,,,,Personal Reason,Driver,2025-07-12 00:55:47
117,REQ00000117,153,96.0,106.0,1,4.0,1,2024-07-20 09:33:43,2024-07-20 09:34:42,,,Driver_Cancelled,,,,1.5,,,,,,,Other,Driver,2024-07-20 09:34:42
118,REQ00000118,195,48.0,53.0,10,49.0,47,2025-06-10 00:13:24,2025-06-10 00:16:52,,,Driver_Cancelled,,,,1.2,,,,,,,Other,Driver,2025-06-10 00:16:52
119,REQ00000119,16,9.0,11.0,1,5.0,4,2024-10-06 13:40:13,2024-10-06 13:42:30,2024-10-06 13:46:51,2024-10-06 13:58:27,Completed,3.35,11.6,70.0,1.2,12.0,0.0,0.0,14.92,201.46,Credit Card,,,2024-10-06 13:58:27
120,REQ00000120,395,43.0,48.0,4,16.0,20,2025-09-07 09:18:06,2025-09-07 09:21:31,2025-09-07 09:30:12,2025-09-07 09:40:00,Completed,1.47,9.8,150.0,1.5,25.0,100.0,0.0,43.0,580.45,Mobile Wallet,,,2025-09-07 09:40:00
121,REQ00000121,403,15.0,18.0,2,9.0,10,2025-12-31 01:11:20,2025-12-31 01:12:04,2025-12-31 01:21:49,2025-12-31 01:31:25,Completed,4.96,9.6,30.0,1.2,5.0,0.0,0.0,8.09,109.23,Debit Card,,,2025-12-31 01:31:25
122,REQ00000122,352,14.0,17.0,10,49.0,50,2024-09-25 12:58:57,2024-09-25 13:01:36,2024-09-25 13:12:37,2024-09-25 13:25:55,Completed,5.64,13.3,30.0,1.0,5.0,0.0,0.0,7.47,100.89,Credit Card,,,2024-09-25 13:25:55
123,REQ00000123,88,6.0,6.0,5,23.0,22,2024-12-28 15:57:54,2024-12-28 16:00:00,2024-12-28 16:10:23,2024-12-28 16:51:53,Completed,16.06,41.5,150.0,1.2,25.0,0.0,34.27,78.99,1032.08,Credit Card,,,2024-12-28 16:51:53
124,REQ00000124,276,22.0,25.0,3,15.0,11,2024-12-03 22:09:31,2024-12-03 22:10:14,2024-12-03 22:20:45,2024-12-03 22:26:39,Completed,1.81,5.9,50.0,1.2,10.0,0.0,0.0,8.69,117.37,Debit Card,,,2024-12-03 22:26:39
125,REQ00000125,15,70.0,77.0,9,45.0,42,2025-04-17 05:37:46,2025-04-17 05:41:56,2025-04-17 05:44:40,2025-04-17 06:04:52,Completed,10.2,20.2,120.0,1.0,18.0,0.0,0.0,33.84,456.84,Cash,,,2025-04-17 06:04:52
126,REQ00000126,145,,,2,6.0,7,2024-08-15 17:58:33,,,,No_Driver_Available,,,,1.5,,,,,,,,,2024-08-15 17:58:33
127,REQ00000127,135,83.0,92.0,6,28.0,26,2025-06-26 03:33:49,2025-06-26 03:36:36,2025-06-26 03:49:27,2025-06-26 03:56:03,Completed,8.74,6.6,100.0,1.5,15.0,0.0,0.0,36.76,496.21,Cash,,,2025-06-26 03:56:03
128,REQ00000128,229,36.0,40.0,7,32.0,35,2025-02-12 11:00:14,2025-02-12 11:03:10,2025-02-12 11:05:38,2025-02-12 11:20:32,Completed,5.42,14.9,70.0,1.2,12.0,0.0,0.0,18.54,250.26,Mobile Wallet,,,2025-02-12 11:20:32
129,REQ00000129,155,5.0,5.0,7,32.0,33,2024-12-14 18:33:06,2024-12-14 18:36:23,,,Driver_Cancelled,,,,1.5,,,,,,,Low Fare,Driver,2024-12-14 18:36:23
130,REQ00000130,138,48.0,53.0,10,47.0,48,2024-01-16 03:01:54,2024-01-16 03:05:07,,,Rider_Cancelled,,,,1.2,,,,,,,Driver Delayed,Rider,2024-01-16 03:05:07
131,REQ00000131,16,9.0,11.0,1,3.0,2,2024-05-02 18:35:08,2024-05-02 18:37:33,2024-05-02 18:50:12,2024-05-02 19:32:18,Completed,19.62,42.1,70.0,1.5,12.0,0.0,0.0,55.26,746.01,Cash,,,2024-05-02 19:32:18
132,REQ00000132,126,81.0,89.0,5,21.0,24,2024-04-10 10:36:45,2024-04-10 10:39:15,2024-04-10 10:54:11,2024-04-10 11:15:35,Completed,7.81,21.4,100.0,1.2,15.0,0.0,0.0,31.17,420.81,Debit Card,,,2024-04-10 11:15:35
133,REQ00000133,187,25.0,28.0,5,23.0,21,2024-10-21 23:51:06,2024-10-21 23:54:35,2024-10-22 00:09:04,2024-10-22 01:19:22,Completed,32.51,70.3,30.0,1.0,5.0,0.0,0.0,29.23,394.61,Mobile Wallet,,,2024-10-22 01:19:22
134,REQ00000134,78,20.0,23.0,3,13.0,11,2024-04-15 08:40:43,2024-04-15 08:42:48,,,Rider_Cancelled,,,,1.5,,,,,,,Changed Mind,Rider,2024-04-15 08:42:48
135,REQ00000135,64,,,3,14.0,11,2025-12-25 06:01:41,,,,No_Driver_Available,,,,1.0,,,,,,,,,2025-12-25 06:01:41
136,REQ00000136,68,75.0,82.0,4,16.0,19,2025-10-04 02:20:47,2025-10-04 02:21:35,2025-10-04 02:25:28,2025-10-04 02:48:40,Completed,7.37,23.2,30.0,1.5,5.0,100.0,0.0,26.06,351.8,Mobile Wallet,,,2025-10-04 02:48:40
137,REQ00000137,383,49.0,54.0,2,6.0,10,2025-12-29 13:31:34,2025-12-29 13:32:16,2025-12-29 13:43:17,2025-12-29 14:00:53,Completed,6.89,17.6,70.0,1.0,12.0,0.0,7.63,17.64,230.56,Cash,,,2025-12-29 14:00:53
138,REQ00000138,311,15.0,18.0,2,10.0,8,2024-07-24 21:03:09,2024-07-24 21:07:10,,,Driver_Cancelled,,,,1.0,,,,,,,Low Fare,Driver,2024-07-24 21:07:10
139,REQ00000139,465,36.0,40.0,7,31.0,33,2024-01-10 09:22:28,2024-01-10 09:25:41,2024-01-10 09:28:11,2024-01-10 10:12:35,Completed,13.18,44.4,70.0,1.5,12.0,0.0,57.04,44.22,539.93,Mobile Wallet,,,2024-01-10 10:12:35
140,REQ00000140,31,54.0,60.0,2,6.0,9,2024-04-06 22:43:28,2024-04-06 22:43:49,2024-04-06 22:53:45,2024-04-06 23:06:39,Completed,4.84,12.9,50.0,1.2,10.0,0.0,0.0,13.19,178.11,Credit Card,,,2024-04-06 23:06:39
141,REQ00000141,294,16.0,19.0,3,14.0,11,2025-01-12 06:50:58,2025-01-12 06:53:27,2025-01-12 06:59:51,2025-01-12 07:07:51,Completed,4.35,8.0,150.0,1.5,25.0,0.0,0.0,40.5,546.75,Debit Card,,,2025-01-12 07:07:51
142,REQ00000142,259,54.0,60.0,2,6.0,7,2024-08-31 11:15:08,2024-08-31 11:18:29,2024-08-31 11:22:09,2024-08-31 11:26:27,Completed,3.71,4.3,50.0,1.2,10.0,0.0,4.73,10.65,139.08,Debit Card,,,2024-08-31 11:26:27
143,REQ00000143,362,65.0,71.0,4,19.0,20,2024-07-30 08:18:26,2024-07-30 08:18:53,2024-07-30 08:23:38,2024-07-30 08:32:02,Completed,2.66,8.4,50.0,1.5,10.0,0.0,0.0,12.54,169.32,Mobile Wallet,,,2024-07-30 08:32:02
144,REQ00000144,495,43.0,48.0,4,16.0,17,2024-11-06 11:56:55,2024-11-06 12:01:52,2024-11-06 12:11:08,2024-11-06 12:35:26,Completed,10.63,24.3,150.0,1.0,25.0,0.0,0.0,47.29,638.39,Debit Card,,,2024-11-06 12:35:26
145,REQ00000145,136,78.0,86.0,4,17.0,19,2025-03-31 07:42:46,2025-03-31 07:43:56,2025-03-31 07:55:42,2025-03-31 08:02:18,Completed,4.08,6.6,50.0,1.5,10.0,0.0,0.0,14.26,192.55,Credit Card,,,2025-03-31 08:02:18
146,REQ00000146,202,98.0,108.0,1,1.0,2,2025-11-06 18:03:56,2025-11-06 18:08:28,,,Rider_Cancelled,,,,1.5,,,,,,,High Fare,Rider,2025-11-06 18:08:28
147,REQ00000147,99,57.0,63.0,8,38.0,40,2024-06-06 21:08:17,2024-06-06 21:09:04,2024-06-06 21:12:14,2024-06-06 21:57:38,Completed,20.21,45.4,30.0,1.0,5.0,0.0,0.0,19.37,261.45,Cash,,,2024-06-06 21:57:38
148,REQ00000148,413,69.0,76.0,9,42.0,43,2025-02-17 16:24:39,2025-02-17 16:28:39,2025-02-17 16:33:13,2025-02-17 17:44:43,Completed,34.02,71.5,70.0,1.0,12.0,0.0,0.0,58.82,794.12,Credit Card,,,2025-02-17 17:44:43
149,REQ00000149,323,60.0,66.0,5,25.0,21,2025-11-25 00:33:49,2025-11-25 00:36:13,2025-11-25 00:42:23,2025-11-25 00:45:23,Completed,2.04,3.0,70.0,1.2,12.0,0.0,0.0,11.39,153.71,Cash,,,2025-11-25 00:45:23
150,REQ00000150,108,15.0,18.0,2,10.0,9,2025-04-24 20:10:54,2025-04-24 20:12:25,,,Rider_Cancelled,,,,1.5,,,,,,,Other,Rider,2025-04-24 20:12:25
151,REQ00000151,169,25.0,28.0,5,25.0,22,2025-10-13 03:49:53,2025-10-13 03:51:38,,,Driver_Cancelled,,,,1.2,,,,,,,Personal Reason,Driver,2025-10-13 03:51:38
152,REQ00000152,486,20.0,23.0,3,15.0,12,2025-11-15 10:49:49,2025-11-15 10:52:11,,,Rider_Cancelled,,,,1.2,,,,,,,Other,Rider,2025-11-15 10:52:11
153,REQ00000153,79,98.0,108.0,1,2.0,5,2024-01-31 06:51:31,2024-01-31 06:53:25,2024-01-31 07:04:18,2024-01-31 07:09:30,Completed,6.22,5.2,100.0,1.0,15.0,0.0,0.0,20.19,272.59,Cash,,,2024-01-31 07:09:30
154,REQ00000154,204,49.0,54.0,2,6.0,7,2024-11-25 06:28:42,2024-11-25 06:33:04,2024-11-25 06:39:22,2024-11-25 06:57:04,Completed,7.44,17.7,70.0,1.0,12.0,0.0,0.0,18.32,247.32,Mobile Wallet,,,2024-11-25 06:57:04
155,REQ00000155,481,37.0,41.0,5,23.0,24,2025-01-02 05:28:47,2025-01-02 05:30:53,,,Driver_Cancelled,,,,1.0,,,,,,,Traffic,Driver,2025-01-02 05:30:53
156,REQ00000156,166,36.0,40.0,7,33.0,35,2024-03-16 00:46:49,2024-03-16 00:49:07,2024-03-16 00:51:55,2024-03-16 02:07:55,Completed,31.47,76.0,70.0,1.2,12.0,0.0,0.0,67.78,915.04,Mobile Wallet,,,2024-03-16 02:07:55
157,REQ00000157,146,18.0,21.0,6,29.0,27,2024-09-21 18:33:04,2024-09-21 18:33:58,2024-09-21 18:47:10,2024-09-21 18:56:40,Completed,3.71,9.5,50.0,1.5,10.0,20.0,0.0,16.65,224.8,Cash,,,2024-09-21 18:56:40
158,REQ00000158,163,12.0,14.0,2,6.0,7,2025-03-15 10:04:07,2025-03-15 10:07:00,2025-03-15 10:20:16,2025-03-15 10:48:16,Completed,8.86,28.0,50.0,1.2,10.0,0.0,0.0,20.0,269.98,Bank Transfer,,,2025-03-15 10:48:16
159,REQ00000159,216,29.0,32.0,1,1.0,3,2025-11-23 02:25:42,2025-11-23 02:26:54,2025-11-23 02:36:30,2025-11-23 03:16:12,Completed,17.21,39.7,70.0,1.5,12.0,0.0,41.48,50.35,638.2,Cash,,,2025-11-23 03:16:12
160,REQ00000160,221,84.0,94.0,4,17.0,16,2025-03-09 17:33:13,2025-03-09 17:34:37,2025-03-09 17:43:40,2025-03-09 17:53:34,Completed,1.23,9.9,70.0,1.5,12.0,0.0,0.0,14.43,194.81,Cash,,,2025-03-09 17:53:34
161,REQ00000161,150,49.0,54.0,2,6.0,7,2025-11-05 23:21:54,2025-11-05 23:22:37,,,Rider_Cancelled,,,,1.0,,,,,,,Changed Mind,Rider,2025-11-05 23:22:37
162,REQ00000162,115,96.0,106.0,1,1.0,4,2024-08-30 13:35:52,2024-08-30 13:39:03,,,Driver_Cancelled,,,,1.0,,,,,,,Other,Driver,2024-08-30 13:39:03
163,REQ00000163,296,62.0,68.0,6,29.0,30,2025-05-13 06:09:26,2025-05-13 06:11:58,,,Rider_Cancelled,,,,1.0,,,,,,,High Fare,Rider,2025-05-13 06:11:58
164,REQ00000164,229,5.0,5.0,7,35.0,34,2025-06-21 05:32:03,2025-06-21 05:35:25,2025-06-21 05:41:30,2025-06-21 05:48:36,Completed,3.45,7.1,30.0,1.2,5.0,0.0,3.57,6.69,86.76,Credit Card,,,2025-06-21 05:48:36
165,REQ00000165,166,,,7,32.0,33,2025-01-24 17:13:39,,,,No_Driver_Available,,,,1.5,,,,,,,,,2025-01-24 17:13:39
166,REQ00000166,279,15.0,18.0,2,10.0,9,2025-07-28 20:25:47,2025-07-28 20:26:44,,,Rider_Cancelled,,,,1.5,,,,,,,Changed Mind,Rider,2025-07-28 20:26:44
167,REQ00000167,489,96.0,106.0,1,4.0,2,2024-11-23 23:28:38,2024-11-23 23:33:37,2024-11-23 23:34:47,2024-11-23 23:48:35,Completed,3.27,13.8,30.0,1.2,5.0,0.0,10.39,7.2,86.76,Credit Card,,,2024-11-23 23:48:35
168,REQ00000168,449,31.0,35.0,7,31.0,32,2024-04-23 07:18:04,2024-04-23 07:18:31,,,Driver_Cancelled,,,,1.5,,,,,,,Personal Reason,Driver,2024-04-23 07:18:31
169,REQ00000169,125,14.0,17.0,10,46.0,50,2025-11-07 20:06:41,2025-11-07 20:10:04,,,Driver_Cancelled,,,,1.5,,,,,,,Low Fare,Driver,2025-11-07 20:10:04
170,REQ00000170,63,49.0,54.0,2,8.0,10,2025-03-13 02:11:31,2025-03-13 02:15:20,2025-03-13 02:28:54,2025-03-13 03:27:48,Completed,26.88,58.9,70.0,1.2,12.0,0.0,0.0,57.89,781.49,Debit Card,,,2025-03-13 03:27:48
171,REQ00000171,483,38.0,43.0,4,17.0,20,2025-11-23 15:16:47,2025-11-23 15:21:37,2025-11-23 15:34:31,2025-11-23 15:52:37,Completed,5.07,18.1,70.0,1.2,12.0,0.0,0.0,18.65,251.75,Bank Transfer,,,2025-11-23 15:52:37
172,REQ00000172,8,15.0,18.0,2,10.0,6,2025-12-30 19:56:24,2025-12-30 19:57:10,2025-12-30 20:01:15,2025-12-30 20:26:15,Completed,6.46,25.0,30.0,1.5,5.0,0.0,0.0,13.4,180.92,Cash,,,2025-12-30 20:26:15
173,REQ00000173,127,98.0,108.0,1,1.0,2,2025-03-01 19:54:35,2025-03-01 19:59:32,2025-03-01 20:09:31,2025-03-01 20:34:01,Completed,7.71,24.5,100.0,1.5,15.0,0.0,28.88,39.65,506.44,Debit Card,,,2025-03-01 20:34:01
174,REQ00000174,390,87.0,97.0,1,5.0,1,2024-10-09 04:34:19,2024-10-09 04:36:10,2024-10-09 04:38:28,2024-10-09 04:48:22,Completed,3.23,9.9,120.0,1.2,18.0,0.0,0.0,22.92,309.43,Bank Transfer,,,2024-10-09 04:48:22
175,REQ00000175,483,43.0,48.0,4,16.0,18,2025-07-30 01:26:39,2025-07-30 01:27:32,,,Driver_Cancelled,,,,1.2,,,,,,,Other,Driver,2025-07-30 01:27:32
176,REQ00000176,233,54.0,60.0,2,7.0,6,2024-05-20 13:25:48,2024-05-20 13:28:28,2024-05-20 13:38:26,2024-05-20 13:50:56,Completed,4.78,12.5,50.0,1.2,10.0,0.0,0.0,13.07,176.4,Debit Card,,,2024-05-20 13:50:56
177,REQ00000177,476,75.0,82.0,4,19.0,20,2025-10-09 15:32:49,2025-10-09 15:33:20,2025-10-09 15:46:41,2025-10-09 16:10:59,Completed,7.78,24.3,30.0,1.0,5.0,0.0,0.0,9.72,131.26,Debit Card,,,2025-10-09 16:10:59
178,REQ00000178,238,9.0,11.0,1,5.0,3,2024-05-01 22:17:24,2024-05-01 22:18:23,2024-05-01 22:31:44,2024-05-01 23:29:14,Completed,25.02,57.5,70.0,1.2,12.0,0.0,0.0,54.94,741.7,Debit Card,,,2024-05-01 23:29:14
179,REQ00000179,212,4.0,4.0,1,2.0,1,2024-10-11 16:25:16,2024-10-11 16:28:15,,,Rider_Cancelled,,,,1.0,,,,,,,Driver Delayed,Rider,2024-10-11 16:28:15
180,REQ00000180,50,48.0,53.0,10,48.0,49,2025-12-15 04:35:58,2025-12-15 04:37:47,,,Rider_Cancelled,,,,1.5,,,,,,,High Fare,Rider,2025-12-15 04:37:47
181,REQ00000181,50,14.0,17.0,10,47.0,49,2024-03-04 22:46:04,2024-03-04 22:49:09,2024-03-04 23:02:53,2024-03-04 23:23:59,Completed,7.44,21.1,30.0,1.2,5.0,20.0,0.0,13.02,175.76,Cash,,,2024-03-04 23:23:59
182,REQ00000182,161,82.0,91.0,10,50.0,49,2024-01-18 14:19:25,2024-01-18 14:23:54,2024-01-18 14:31:24,2024-01-18 14:35:42,Completed,2.0,4.3,50.0,1.2,10.0,0.0,0.0,8.68,117.22,Credit Card,,,2024-01-18 14:35:42
183,REQ00000183,30,46.0,51.0,1,3.0,4,2024-03-03 06:14:49,2024-03-03 06:16:43,,,Rider_Cancelled,,,,1.2,,,,,,,High Fare,Rider,2024-03-03 06:16:43
184,REQ00000184,283,98.0,108.0,1,1.0,4,2024-05-25 00:53:05,2024-05-25 00:54:50,2024-05-25 01:05:07,2024-05-25 01:09:31,Completed,2.01,4.4,100.0,1.5,15.0,0.0,0.0,19.94,269.24,Bank Transfer,,,2024-05-25 01:09:31
185,REQ00000185,171,12.0,14.0,2,6.0,9,2025-01-01 19:39:48,2025-01-01 19:40:38,2025-01-01 19:46:46,2025-01-01 19:54:10,Completed,2.71,7.4,50.0,1.5,10.0,0.0,0.0,12.43,167.86,Cash,,,2025-01-01 19:54:10
186,REQ00000186,134,42.0,47.0,2,9.0,10,2024-07-16 10:33:07,2024-07-16 10:37:36,2024-07-16 10:51:08,2024-07-16 10:56:44,Completed,6.1,5.6,150.0,1.0,25.0,0.0,0.0,30.43,410.83,Cash,,,2024-07-16 10:56:44
187,REQ00000187,500,55.0,61.0,2,10.0,7,2025-02-25 15:31:07,2025-02-25 15:32:23,2025-02-25 15:36:28,2025-02-25 15:39:40,Completed,3.86,3.2,50.0,1.0,10.0,0.0,0.0,8.89,120.01,Credit Card,,,2025-02-25 15:39:40
188,REQ00000188,337,9.0,11.0,1,1.0,2,2025-02-18 15:58:15,2025-02-18 16:01:56,2025-02-18 16:12:25,2025-02-18 16:45:55,Completed,11.02,33.5,70.0,1.0,12.0,0.0,0.0,25.14,339.44,Mobile Wallet,,,2025-02-18 16:45:55
189,REQ00000189,307,1.0,1.0,5,22.0,24,2024-12-13 02:05:55,2024-12-13 02:08:56,2024-12-13 02:10:07,2024-12-13 02:36:31,Completed,13.45,26.4,120.0,1.2,18.0,0.0,0.0,49.26,664.98,Cash,,,2024-12-13 02:36:31
190,REQ00000190,398,33.0,37.0,1,5.0,4,2024-09-27 17:01:30,2024-09-27 17:05:15,2024-09-27 17:17:36,2024-09-27 17:29:18,Completed,6.14,11.7,50.0,1.5,10.0,0.0,0.0,18.15,244.99,Mobile Wallet,,,2024-09-27 17:29:18
191,REQ00000191,461,90.0,100.0,2,10.0,6,2024-08-13 20:33:41,2024-08-13 20:36:39,,,Rider_Cancelled,,,,1.5,,,,,,,Changed Mind,Rider,2024-08-13 20:36:39
192,REQ00000192,31,15.0,18.0,2,9.0,10,2024-07-16 23:21:40,2024-07-16 23:24:45,2024-07-16 23:37:39,2024-07-16 23:54:27,Completed,8.58,16.8,30.0,1.0,5.0,0.0,0.0,9.64,130.08,Cash,,,2024-07-16 23:54:27
193,REQ00000193,265,93.0,103.0,5,24.0,21,2024-09-23 15:07:59,2024-09-23 15:10:58,2024-09-23 15:25:00,2024-09-23 15:33:54,Completed,4.66,8.9,50.0,1.0,10.0,0.0,0.0,10.34,139.61,Cash,,,2024-09-23 15:33:54
194,REQ00000194,101,,,2,8.0,9,2025-07-28 14:13:15,,,,No_Driver_Available,,,,1.2,,,,,,,,,2025-07-28 14:13:15
195,REQ00000195,161,82.0,91.0,10,50.0,49,2024-05-20 08:43:03,2024-05-20 08:47:36,2024-05-20 08:52:06,2024-05-20 08:59:48,Completed,2.45,7.7,50.0,1.5,10.0,0.0,0.0,12.11,163.54,Mobile Wallet,,,2024-05-20 08:59:48
196,REQ00000196,255,15.0,18.0,2,8.0,6,2025-10-12 17:00:41,2025-10-12 17:00:56,2025-10-12 17:09:27,2025-10-12 19:08:45,Completed,34.37,119.3,30.0,1.5,5.0,0.0,0.0,51.51,695.4,Credit Card,,,2025-10-12 19:08:45
197,REQ00000197,495,84.0,94.0,4,16.0,20,2024-09-03 13:07:00,2024-09-03 13:11:55,2024-09-03 13:25:30,2024-09-03 13:42:48,Completed,4.51,17.3,70.0,1.0,12.0,0.0,0.0,14.74,198.99,Debit Card,,,2024-09-03 13:42:48
198,REQ00000198,468,,,3,11.0,14,2024-01-15 00:16:50,,,,No_Driver_Available,,,,1.2,,,,,,,,,2024-01-15 00:16:50
199,REQ00000199,165,46.0,51.0,1,1.0,3,2025-01-07 19:37:31,2025-01-07 19:39:31,2025-01-07 19:41:04,2025-01-07 20:14:10,Completed,18.34,33.1,50.0,2.0,10.0,0.0,0.0,52.76,712.22,Cash,,,2025-01-07 20:14:10
200,REQ00000200,357,36.0,40.0,7,31.0,33,2025-11-23 12:53:58,2025-11-23 12:55:24,2025-11-23 13:07:33,2025-11-23 14:00:33,Completed,20.47,53.0,70.0,1.2,12.0,0.0,0.0,47.52,641.58,Mobile Wallet,,,2025-11-23 14:00:33
201,REQ00000201,370,18.0,21.0,6,26.0,29,2024-06-04 15:44:10,2024-06-04 15:46:57,2024-06-04 15:59:40,2024-06-04 16:06:34,Completed,3.89,6.9,50.0,1.0,10.0,0.0,0.0,9.36,126.39,Cash,,,2024-06-04 16:06:34
202,REQ00000202,30,87.0,97.0,1,4.0,2,2024-09-19 07:33:04,2024-09-19 07:35:59,2024-09-19 07:45:09,2024-09-19 07:51:09,Completed,3.45,6.0,120.0,1.5,18.0,20.0,0.0,30.23,408.08,Debit Card,,,2024-09-19 07:51:09
203,REQ00000203,433,49.0,54.0,2,7.0,10,2025-12-30 08:39:14,2025-12-30 08:40:55,,,Driver_Cancelled,,,,1.5,,,,,,,Traffic,Driver,2025-12-30 08:40:55
204,REQ00000204,158,55.0,61.0,2,9.0,8,2025-05-09 17:19:41,2025-05-09 17:20:40,2025-05-09 17:26:22,2025-05-09 18:50:22,Completed,28.67,84.0,50.0,1.5,10.0,0.0,0.0,63.6,858.66,Mobile Wallet,,,2025-05-09 18:50:22
205,REQ00000205,500,90.0,100.0,2,9.0,10,2025-02-26 22:07:13,2025-02-26 22:12:10,,,Driver_Cancelled,,,,1.0,,,,,,,Vehicle Issue,Driver,2025-02-26 22:12:10
206,REQ00000206,392,49.0,54.0,2,6.0,10,2024-02-14 08:13:15,2024-02-14 08:14:44,2024-02-14 08:23:22,2024-02-14 08:37:58,Completed,8.58,14.6,70.0,1.5,12.0,0.0,43.24,28.79,345.4,Mobile Wallet,,,2024-02-14 08:37:58
207,REQ00000207,182,16.0,19.0,3,15.0,12,2024-02-19 04:36:11,2024-02-19 04:37:12,2024-02-19 04:43:06,2024-02-19 04:58:18,Completed,4.91,15.2,150.0,1.2,25.0,0.0,0.0,36.78,496.5,Cash,,,2024-02-19 04:58:18
208,REQ00000208,191,82.0,91.0,10,48.0,47,2024-09-08 09:31:31,2024-09-08 09:33:40,2024-09-08 09:35:19,2024-09-08 10:02:13,Completed,12.69,26.9,50.0,2.5,10.0,0.0,0.0,50.53,682.11,Debit Card,,,2024-09-08 10:02:13
209,REQ00000209,142,55.0,61.0,2,6.0,7,2024-06-05 07:49:39,2024-06-05 07:51:01,2024-06-05 07:56:29,2024-06-05 08:08:35,Completed,6.12,12.1,50.0,1.5,10.0,0.0,0.0,18.19,245.57,Credit Card,,,2024-06-05 08:08:35
210,REQ00000210,234,46.0,51.0,1,2.0,5,2025-11-27 18:55:33,2025-11-27 18:59:07,,,Rider_Cancelled,,,,1.5,,,,,,,Other,Rider,2025-11-27 18:59:07
211,REQ00000211,294,20.0,23.0,3,14.0,13,2025-01-09 01:27:05,2025-01-09 01:31:38,2025-01-09 01:45:11,2025-01-09 02:04:53,Completed,9.38,19.7,70.0,1.2,12.0,0.0,18.26,25.16,321.42,Debit Card,,,2025-01-09 02:04:53
212,REQ00000212,183,97.0,107.0,8,37.0,40,2025-03-08 13:22:23,2025-03-08 13:23:01,2025-03-08 13:29:30,2025-03-08 13:37:24,Completed,5.63,7.9,70.0,1.2,12.0,0.0,13.76,17.5,222.44,Cash,,,2025-03-08 13:37:24
213,REQ00000213,63,49.0,54.0,2,6.0,7,2025-02-23 19:01:06,2025-02-23 19:05:17,2025-02-23 19:15:04,2025-02-23 19:28:04,Completed,3.61,13.0,70.0,1.5,12.0,0.0,0.0,19.46,262.69,Debit Card,,,2025-02-23 19:28:04
214,REQ00000214,386,10.0,12.0,3,15.0,14,2024-04-02 09:46:03,2024-04-02 09:48:12,2024-04-02 09:53:42,2024-04-02 10:00:48,Completed,3.21,7.1,100.0,1.5,15.0,0.0,0.0,23.63,319.05,Cash,,,2024-04-02 10:00:48
215,REQ00000215,179,54.0,60.0,2,7.0,6,2025-12-08 15:24:22,2025-12-08 15:25:37,2025-12-08 15:32:39,2025-12-08 15:51:39,Completed,7.47,19.0,50.0,1.2,10.0,0.0,0.0,17.1,230.87,Cash,,,2025-12-08 15:51:39
216,REQ00000216,25,61.0,67.0,4,17.0,19,2025-01-27 10:07:02,2025-01-27 10:10:00,2025-01-27 10:24:20,2025-01-27 10:47:26,Completed,10.29,23.1,50.0,1.0,10.0,0.0,43.37,17.45,192.21,Debit Card,,,2025-01-27 10:47:26
217,REQ00000217,407,37.0,41.0,5,22.0,23,2024-05-14 15:44:24,2024-05-14 15:48:59,,,Rider_Cancelled,,,,1.0,,,,,,,Driver Delayed,Rider,2024-05-14 15:48:59
218,REQ00000218,407,81.0,89.0,5,22.0,23,2025-04-27 01:26:42,2025-04-27 01:29:52,2025-04-27 01:36:10,2025-04-27 03:25:28,Completed,33.51,109.3,100.0,1.5,15.0,0.0,0.0,127.01,1714.68,Cash,,,2025-04-27 03:25:28
219,REQ00000219,364,55.0,61.0,2,10.0,8,2024-10-12 00:39:06,2024-10-12 00:42:53,,,Rider_Cancelled,,,,1.5,,,,,,,Driver Delayed,Rider,2024-10-12 00:42:53
220,REQ00000220,279,15.0,18.0,2,10.0,8,2025-01-15 15:04:37,2025-01-15 15:07:49,2025-01-15 15:18:01,2025-01-15 16:43:25,Completed,30.56,85.4,30.0,1.0,5.0,0.0,79.34,29.19,314.73,Cash,,,2025-01-15 16:43:25
221,REQ00000221,82,75.0,82.0,4,16.0,17,2025-03-14 03:29:12,2025-03-14 03:32:50,2025-03-14 03:39:47,2025-03-14 04:14:29,Completed,12.24,34.7,30.0,1.2,5.0,20.0,0.0,18.01,243.15,Mobile Wallet,,,2025-03-14 04:14:29
222,REQ00000222,317,79.0,87.0,6,28.0,27,2024-09-27 01:10:46,2024-09-27 01:12:30,2024-09-27 01:14:56,2024-09-27 02:26:38,Completed,33.81,71.7,150.0,1.2,25.0,0.0,83.36,141.71,1829.67,Debit Card,,,2024-09-27 02:26:38
223,REQ00000223,479,15.0,18.0,2,7.0,6,2025-05-13 14:07:23,2025-05-13 14:09:21,2025-05-13 14:15:17,2025-05-13 14:22:59,Completed,2.69,7.7,30.0,1.2,5.0,0.0,0.0,6.17,83.23,Credit Card,,,2025-05-13 14:22:59
224,REQ00000224,377,14.0,17.0,10,47.0,46,2025-07-31 19:00:50,2025-07-31 19:01:11,2025-07-31 19:08:25,2025-07-31 19:22:19,Completed,4.89,13.9,30.0,1.5,5.0,0.0,0.0,10.56,142.59,Credit Card,,,2025-07-31 19:22:19
225,REQ00000225,95,,,1,5.0,2,2024-11-20 09:51:42,,,,No_Driver_Available,,,,1.5,,,,,,,,,2024-11-20 09:51:42
226,REQ00000226,283,46.0,51.0,1,1.0,4,2025-05-27 17:20:45,2025-05-27 17:21:13,2025-05-27 17:34:24,2025-05-27 17:42:54,Completed,3.6,8.5,50.0,1.5,10.0,0.0,0.0,13.91,187.84,Credit Card,,,2025-05-27 17:42:54
227,REQ00000227,378,55.0,61.0,2,9.0,7,2025-10-20 01:53:51,2025-10-20 01:58:40,2025-10-20 02:08:15,2025-10-20 02:12:33,Completed,1.25,4.3,50.0,1.2,10.0,50.0,0.0,12.62,170.36,Debit Card,,,2025-10-20 02:12:33
228,REQ00000228,62,65.0,71.0,4,18.0,19,2024-01-06 05:48:35,2024-01-06 05:49:53,2024-01-06 06:03:08,2024-01-06 06:41:38,Completed,16.08,38.5,50.0,1.2,10.0,20.0,0.0,31.75,428.6,Cash,,,2024-01-06 06:41:38
229,REQ00000229,16,29.0,32.0,1,5.0,4,2025-04-08 08:47:55,2025-04-08 08:48:13,,,Rider_Cancelled,,,,2.0,,,,,,,Long ETA,Rider,2025-04-08 08:48:13
230,REQ00000230,8,15.0,18.0,2,10.0,7,2024-04-13 06:13:11,2024-04-13 06:18:00,,,Rider_Cancelled,,,,1.2,,,,,,,High Fare,Rider,2024-04-13 06:18:00
231,REQ00000231,302,32.0,36.0,8,37.0,38,2024-01-29 01:13:00,2024-01-29 01:17:44,,,Rider_Cancelled,,,,1.2,,,,,,,Other,Rider,2024-01-29 01:17:44
232,REQ00000232,205,33.0,37.0,1,3.0,1,2025-12-30 15:35:45,2025-12-30 15:40:15,2025-12-30 15:50:54,2025-12-30 16:16:24,Completed,9.76,25.5,50.0,1.2,10.0,0.0,0.0,20.68,279.12,Debit Card,,,2025-12-30 16:16:24
233,REQ00000233,360,59.0,65.0,5,24.0,25,2025-09-09 08:53:24,2025-09-09 08:54:18,2025-09-09 09:00:05,2025-09-09 09:06:29,Completed,2.67,6.4,70.0,1.5,12.0,0.0,0.0,16.18,218.45,Mobile Wallet,,,2025-09-09 09:06:29
234,REQ00000234,479,12.0,14.0,2,6.0,8,2025-02-22 14:04:40,2025-02-22 14:06:28,,,Driver_Cancelled,,,,1.2,,,,,,,Personal Reason,Driver,2025-02-22 14:06:28
235,REQ00000235,196,93.0,103.0,5,24.0,25,2024-08-19 19:44:47,2024-08-19 19:47:32,2024-08-19 19:51:25,2024-08-19 20:06:25,Completed,7.19,15.0,50.0,1.5,10.0,0.0,0.0,20.25,273.42,Bank Transfer,,,2024-08-19 20:06:25
236,REQ00000236,378,,,2,9.0,8,2024-09-25 21:41:45,,,,Requested,,,,1.0,,,,,,,,,2024-09-25 21:41:45
237,REQ00000237,204,,,2,7.0,8,2024-02-08 08:16:52,,,,No_Driver_Available,,,,2.0,,,,,,,,,2024-02-08 08:16:52
238,REQ00000238,333,2.0,2.0,6,28.0,30,2025-08-02 04:58:51,2025-08-02 04:59:18,2025-08-02 05:00:44,2025-08-02 05:45:20,Completed,19.44,44.6,70.0,1.2,12.0,0.0,0.0,44.43,599.79,Cash,,,2025-08-02 05:45:20
239,REQ00000239,267,10.0,12.0,3,15.0,14,2024-01-24 02:26:36,2024-01-24 02:28:54,2024-01-24 02:35:05,2024-01-24 02:42:35,Completed,3.27,7.5,100.0,1.2,15.0,0.0,0.0,19.12,258.1,Mobile Wallet,,,2024-01-24 02:42:35
240,REQ00000240,27,32.0,36.0,8,39.0,38,2024-10-18 19:57:48,2024-10-18 19:59:18,2024-10-18 20:05:25,2024-10-18 21:01:49,Completed,25.68,56.4,70.0,1.5,12.0,0.0,0.0,69.6,939.6,Credit Card,,,2024-10-18 21:01:49
241,REQ00000241,226,34.0,38.0,4,16.0,18,2025-08-19 16:08:39,2025-08-19 16:11:28,2025-08-19 16:12:32,2025-08-19 17:06:38,Completed,29.92,54.1,150.0,1.0,25.0,20.0,0.0,104.72,1413.72,Credit Card,,,2025-08-19 17:06:38
242,REQ00000242,181,42.0,47.0,2,7.0,9,2025-11-19 15:38:09,2025-11-19 15:38:25,2025-11-19 15:41:08,2025-11-19 16:00:26,Completed,8.6,19.3,150.0,1.2,25.0,0.0,37.98,48.98,623.24,Bank Transfer,,,2025-11-19 16:00:26
243,REQ00000243,103,1.0,1.0,5,23.0,24,2024-02-26 12:52:27,2024-02-26 12:54:51,2024-02-26 13:05:33,2024-02-26 14:09:15,Completed,30.86,63.7,120.0,1.0,18.0,0.0,0.0,80.64,1088.66,Cash,,,2024-02-26 14:09:15
244,REQ00000244,194,80.0,88.0,10,46.0,47,2025-12-08 05:01:31,2025-12-08 05:04:14,2025-12-08 05:16:10,2025-12-08 05:33:22,Completed,10.22,17.2,150.0,1.0,25.0,0.0,0.0,44.03,594.43,Mobile Wallet,,,2025-12-08 05:33:22
245,REQ00000245,328,25.0,28.0,5,22.0,25,2025-05-12 17:15:26,2025-05-12 17:16:39,2025-05-12 17:30:33,2025-05-12 17:42:57,Completed,5.17,12.4,30.0,1.5,5.0,50.0,0.0,16.65,224.79,Cash,,,2025-05-12 17:42:57
246,REQ00000246,365,93.0,103.0,5,24.0,22,2024-08-27 04:29:57,2024-08-27 04:33:02,2024-08-27 04:35:42,2024-08-27 04:52:42,Completed,5.15,17.0,50.0,1.2,10.0,0.0,0.0,14.14,190.9,Debit Card,,,2024-08-27 04:52:42
247,REQ00000247,415,94.0,104.0,6,28.0,26,2025-06-25 19:28:53,2025-06-25 19:31:30,2025-06-25 19:42:59,2025-06-25 20:05:47,Completed,8.47,22.8,50.0,1.5,10.0,0.0,7.58,23.5,309.68,Cash,,,2025-06-25 20:05:47
248,REQ00000248,382,84.0,94.0,4,16.0,20,2025-01-24 09:51:38,2025-01-24 09:52:17,2025-01-24 09:54:07,2025-01-24 10:18:13,Completed,7.92,24.1,70.0,1.5,12.0,0.0,0.0,29.88,403.38,Credit Card,,,2025-01-24 10:18:13
249,REQ00000249,284,67.0,74.0,8,36.0,39,2025-12-01 14:36:16,2025-12-01 14:41:00,2025-12-01 14:49:00,2025-12-01 14:57:06,Completed,2.24,8.1,50.0,1.2,10.0,0.0,0.0,9.51,128.35,Bank Transfer,,,2025-12-01 14:57:06
250,REQ00000250,495,65.0,71.0,4,20.0,19,2025-10-08 19:45:57,2025-10-08 19:49:17,2025-10-08 20:03:28,2025-10-08 20:37:52,Completed,11.07,34.4,50.0,1.5,10.0,0.0,27.43,29.33,368.56,Debit Card,,,2025-10-08 20:37:52
251,REQ00000251,156,4.0,4.0,1,1.0,2,2025-07-19 08:32:58,2025-07-19 08:35:39,2025-07-19 08:43:44,2025-07-19 08:50:44,Completed,4.45,7.0,70.0,1.5,12.0,0.0,0.0,19.53,263.65,Debit Card,,,2025-07-19 08:50:44
252,REQ00000252,336,,,6,28.0,27,2024-09-20 03:42:48,,,,No_Driver_Available,,,,1.2,,,,,,,,,2024-09-20 03:42:48
253,REQ00000253,345,15.0,18.0,2,10.0,9,2024-12-23 00:56:54,2024-12-23 00:58:58,,,Driver_Cancelled,,,,1.2,,,,,,,Vehicle Issue,Driver,2024-12-23 00:58:58
254,REQ00000254,6,90.0,100.0,2,7.0,9,2025-05-13 12:38:22,2025-05-13 12:41:52,,,Driver_Cancelled,,,,1.5,,,,,,,Traffic,Driver,2025-05-13 12:41:52
255,REQ00000255,491,90.0,100.0,2,9.0,7,2025-08-19 02:53:02,2025-08-19 02:57:09,,,Driver_Cancelled,,,,1.2,,,,,,,Other,Driver,2025-08-19 02:57:09
256,REQ00000256,26,,,1,1.0,2,2024-09-07 12:55:35,,,,No_Driver_Available,,,,1.2,,,,,,,,,2024-09-07 12:55:35
257,REQ00000257,144,21.0,24.0,5,21.0,23,2024-01-19 23:45:01,2024-01-19 23:49:08,2024-01-19 23:52:12,2024-01-20 01:01:12,Completed,34.08,69.0,30.0,1.2,5.0,0.0,50.0,36.16,438.13,Cash,,,2024-01-20 01:01:12
258,REQ00000258,98,96.0,106.0,1,3.0,2,2024-07-21 10:17:19,2024-07-21 10:19:08,2024-07-21 10:33:36,2024-07-21 11:28:42,Completed,23.98,55.1,30.0,1.2,5.0,0.0,0.0,27.07,365.4,Cash,,,2024-07-21 11:28:42
259,REQ00000259,87,96.0,106.0,1,1.0,3,2025-03-10 21:16:06,2025-03-10 21:17:27,2025-03-10 21:32:08,2025-03-10 22:18:44,Completed,22.84,46.6,30.0,1.2,5.0,0.0,0.0,25.37,342.55,Mobile Wallet,,,2025-03-10 22:18:44
260,REQ00000260,440,,,1,1.0,4,2024-04-24 05:08:10,,,,No_Driver_Available,,,,1.0,,,,,,,,,2024-04-24 05:08:10
261,REQ00000261,207,97.0,107.0,8,37.0,40,2024-04-01 19:43:20,2024-04-01 19:44:39,2024-04-01 19:56:49,2024-04-01 20:26:07,Completed,7.47,29.3,70.0,1.5,12.0,50.0,0.0,36.32,490.29,Cash,,,2024-04-01 20:26:07
262,REQ00000262,474,6.0,6.0,5,25.0,22,2024-05-06 10:52:49,2024-05-06 10:55:09,2024-05-06 10:56:46,2024-05-06 11:18:22,Completed,7.45,21.6,150.0,1.0,25.0,0.0,0.0,38.79,523.69,Cash,,,2024-05-06 11:18:22
263,REQ00000263,350,70.0,77.0,9,43.0,41,2025-07-10 22:34:02,2025-07-10 22:38:35,2025-07-10 22:52:50,2025-07-11 00:18:32,Completed,27.65,85.7,120.0,1.2,18.0,0.0,0.0,96.33,1300.41,Credit Card,,,2025-07-11 00:18:32
264,REQ00000264,98,98.0,108.0,1,5.0,1,2024-09-17 08:41:42,2024-09-17 08:44:02,2024-09-17 08:57:58,2024-09-17 09:09:40,Completed,6.4,11.7,100.0,1.5,15.0,0.0,0.0,32.67,441.05,Cash,,,2024-09-17 09:09:40
265,REQ00000265,171,12.0,14.0,2,10.0,9,2025-03-18 03:02:30,2025-03-18 03:06:40,2025-03-18 03:10:44,2025-03-18 03:16:20,Completed,6.72,5.6,50.0,1.2,10.0,50.0,0.0,19.11,257.96,Cash,,,2025-03-18 03:16:20
266,REQ00000266,121,74.0,81.0,9,43.0,42,2024-06-11 12:49:25,2024-06-11 12:54:18,2024-06-11 13:06:59,2024-06-11 14:05:23,Completed,26.63,58.4,70.0,1.2,12.0,0.0,0.0,57.43,775.33,Debit Card,,,2024-06-11 14:05:23
267,REQ00000267,246,87.0,97.0,1,5.0,2,2024-01-25 19:26:06,2024-01-25 19:28:18,2024-01-25 19:35:07,2024-01-25 19:38:07,Completed,3.31,3.0,120.0,1.5,18.0,20.0,0.0,28.78,388.51,Credit Card,,,2024-01-25 19:38:07
268,REQ00000268,495,38.0,43.0,4,20.0,17,2025-05-28 05:05:38,2025-05-28 05:10:26,2025-05-28 05:21:21,2025-05-28 05:43:09,Completed,8.96,21.8,70.0,1.0,12.0,0.0,8.88,20.8,271.92,Mobile Wallet,,,2025-05-28 05:43:09
269,REQ00000269,166,31.0,35.0,7,31.0,35,2024-05-28 14:47:00,2024-05-28 14:49:19,2024-05-28 14:59:29,2024-05-28 15:19:47,Completed,7.43,20.3,100.0,1.0,15.0,0.0,0.0,25.15,339.5,Cash,,,2024-05-28 15:19:47
270,REQ00000270,483,61.0,67.0,4,16.0,20,2024-07-28 00:53:50,2024-07-28 00:54:15,2024-07-28 00:55:58,2024-07-28 01:04:58,Completed,3.71,9.0,50.0,1.2,10.0,0.0,0.0,11.33,152.95,Cash,,,2024-07-28 01:04:58
271,REQ00000271,187,,,5,21.0,24,2025-08-27 21:49:35,,,,No_Driver_Available,,,,1.2,,,,,,,,,2025-08-27 21:49:35
272,REQ00000272,361,2.0,2.0,6,30.0,27,2025-09-21 19:58:38,2025-09-21 20:02:54,,,Rider_Cancelled,,,,2.0,,,,,,,Driver Delayed,Rider,2025-09-21 20:02:54
273,REQ00000273,232,32.0,36.0,8,36.0,38,2024-11-15 18:14:24,2024-11-15 18:16:29,2024-11-15 18:30:17,2024-11-15 19:20:23,Completed,17.43,50.1,70.0,1.5,12.0,50.0,0.0,59.24,799.71,Cash,,,2024-11-15 19:20:23
274,REQ00000274,175,22.0,25.0,3,15.0,14,2024-04-17 22:33:25,2024-04-17 22:35:39,,,Rider_Cancelled,,,,1.2,,,,,,,Changed Mind,Rider,2024-04-17 22:35:39
275,REQ00000275,450,70.0,77.0,9,42.0,41,2024-05-04 01:17:46,2024-05-04 01:21:32,,,Driver_Cancelled,,,,1.2,,,,,,,Low Fare,Driver,2024-05-04 01:21:32
276,REQ00000276,263,84.0,94.0,4,20.0,16,2025-07-22 15:52:33,2025-07-22 15:55:54,2025-07-22 16:08:07,2025-07-22 16:15:55,Completed,2.97,7.8,70.0,1.0,12.0,0.0,0.0,11.37,153.52,Cash,,,2025-07-22 16:15:55
277,REQ00000277,362,65.0,71.0,4,18.0,16,2024-06-04 21:50:34,2024-06-04 21:52:15,,,Rider_Cancelled,,,,1.2,,,,,,,Changed Mind,Rider,2024-06-04 21:52:15
278,REQ00000278,22,98.0,108.0,1,4.0,5,2024-10-26 11:51:16,2024-10-26 11:52:03,2024-10-26 12:02:29,2024-10-26 12:06:53,Completed,1.57,4.4,100.0,1.2,15.0,0.0,0.0,15.11,203.99,Credit Card,,,2024-10-26 12:06:53
279,REQ00000279,169,37.0,41.0,5,22.0,21,2024-08-30 23:56:53,2024-08-30 23:59:42,2024-08-31 00:08:46,2024-08-31 00:12:16,Completed,2.13,3.5,150.0,1.0,25.0,0.0,0.0,20.23,273.13,Debit Card,,,2024-08-31 00:12:16
280,REQ00000280,283,33.0,37.0,1,3.0,1,2025-05-04 02:16:44,2025-05-04 02:17:16,2025-05-04 02:27:35,2025-05-04 03:13:41,Completed,28.43,46.1,50.0,1.5,10.0,0.0,0.0,56.44,761.9,Debit Card,,,2025-05-04 03:13:41
281,REQ00000281,95,9.0,11.0,1,3.0,2,2025-06-04 21:25:50,2025-06-04 21:28:27,2025-06-04 21:38:21,2025-06-04 21:59:03,Completed,10.4,20.7,70.0,1.2,12.0,20.0,0.0,28.74,388.02,Cash,,,2025-06-04 21:59:03
282,REQ00000282,488,72.0,79.0,10,47.0,46,2024-09-07 11:59:44,2024-09-07 12:04:33,2024-09-07 12:08:00,2024-09-07 12:19:24,Completed,5.88,11.4,50.0,1.2,10.0,0.0,0.0,14.18,191.37,Credit Card,,,2024-09-07 12:19:24
283,REQ00000283,157,16.0,19.0,3,11.0,12,2024-12-07 02:33:54,2024-12-07 02:35:33,2024-12-07 02:38:05,2024-12-07 02:46:29,Completed,2.54,8.4,150.0,1.5,25.0,0.0,0.0,34.18,461.38,Cash,,,2024-12-07 02:46:29
284,REQ00000284,326,98.0,108.0,1,4.0,3,2024-01-26 01:44:45,2024-01-26 01:47:44,,,Driver_Cancelled,,,,1.2,,,,,,,Vehicle Issue,Driver,2024-01-26 01:47:44
285,REQ00000285,253,55.0,61.0,2,9.0,7,2024-08-11 18:54:37,2024-08-11 18:58:38,2024-08-11 19:06:01,2024-08-11 19:12:07,Completed,3.73,6.1,50.0,1.5,10.0,0.0,0.0,13.67,184.53,Debit Card,,,2024-08-11 19:12:07
286,REQ00000286,30,,,1,3.0,2,2025-08-07 05:46:26,,,,No_Driver_Available,,,,1.2,,,,,,,,,2025-08-07 05:46:26
287,REQ00000287,296,13.0,16.0,6,29.0,28,2024-01-10 03:15:25,2024-01-10 03:19:26,2024-01-10 03:22:42,2024-01-10 04:13:24,Completed,24.17,50.7,120.0,1.2,18.0,0.0,0.0,78.9,1065.11,Mobile Wallet,,,2024-01-10 04:13:24
288,REQ00000288,201,98.0,108.0,1,1.0,3,2025-03-29 23:56:05,2025-03-29 23:57:29,2025-03-30 00:03:36,2025-03-30 01:24:54,Completed,34.13,81.3,100.0,1.2,15.0,0.0,0.0,96.08,1297.1,Debit Card,,,2025-03-30 01:24:54
289,REQ00000289,471,55.0,61.0,2,6.0,9,2025-04-08 12:20:04,2025-04-08 12:20:21,2025-04-08 12:25:22,2025-04-08 12:53:04,Completed,11.04,27.7,50.0,1.2,10.0,0.0,0.0,22.47,303.31,Mobile Wallet,,,2025-04-08 12:53:04
290,REQ00000290,354,11.0,13.0,3,12.0,14,2025-08-09 16:53:52,2025-08-09 16:58:22,2025-08-09 17:03:37,2025-08-09 17:12:07,Completed,1.21,8.5,100.0,1.2,15.0,0.0,0.0,15.4,207.94,Mobile Wallet,,,2025-08-09 17:12:07
291,REQ00000291,476,65.0,71.0,4,20.0,18,2024-10-19 13:13:29,2024-10-19 13:14:58,2024-10-19 13:16:05,2024-10-19 14:13:47,Completed,23.77,57.7,50.0,1.2,10.0,0.0,0.0,41.45,559.6,Credit Card,,,2024-10-19 14:13:47
292,REQ00000292,253,42.0,47.0,2,6.0,8,2024-02-01 19:34:39,2024-02-01 19:38:34,2024-02-01 19:51:11,2024-02-01 20:36:59,Completed,19.53,45.8,150.0,1.5,25.0,0.0,0.0,113.29,1529.44,Bank Transfer,,,2024-02-01 20:36:59
293,REQ00000293,135,52.0,58.0,6,29.0,30,2024-04-28 16:37:15,2024-04-28 16:41:06,2024-04-28 16:50:05,2024-04-28 17:06:41,Completed,6.78,16.6,150.0,1.2,25.0,50.0,0.0,47.5,641.26,Cash,,,2024-04-28 17:06:41
294,REQ00000294,207,40.0,45.0,8,40.0,37,2025-01-06 19:55:09,2025-01-06 19:55:54,2025-01-06 20:05:59,2025-01-06 20:16:47,Completed,5.1,10.8,120.0,1.5,18.0,0.0,0.0,33.91,457.81,Cash,,,2025-01-06 20:16:47
295,REQ00000295,128,,,6,27.0,28,2024-12-02 10:57:54,,,,No_Driver_Available,,,,1.0,,,,,,,,,2024-12-02 10:57:54
296,REQ00000296,175,16.0,19.0,3,12.0,11,2024-05-16 13:02:11,2024-05-16 13:03:43,2024-05-16 13:09:31,2024-05-16 13:12:37,Completed,2.29,3.1,150.0,1.2,25.0,0.0,0.0,24.59,331.91,Mobile Wallet,,,2024-05-16 13:12:37
297,REQ00000297,361,13.0,16.0,6,30.0,26,2025-07-22 07:19:20,2025-07-22 07:20:13,2025-07-22 07:29:52,2025-07-22 08:11:16,Completed,15.28,41.4,120.0,1.5,18.0,0.0,0.0,71.8,969.34,Cash,,,2025-07-22 08:11:16
298,REQ00000298,390,33.0,37.0,1,4.0,3,2024-12-23 23:23:59,2024-12-23 23:26:35,2024-12-23 23:30:31,2024-12-24 00:12:37,Completed,17.28,42.1,50.0,1.0,10.0,0.0,38.6,26.44,318.35,Credit Card,,,2024-12-24 00:12:37
299,REQ00000299,3,98.0,108.0,1,1.0,4,2024-01-20 13:15:52,2024-01-20 13:16:18,2024-01-20 13:21:22,2024-01-20 13:24:22,Completed,1.36,3.0,100.0,1.2,15.0,20.0,0.0,16.29,219.93,Credit Card,,,2024-01-20 13:24:22
300,REQ00000300,234,4.0,4.0,1,3.0,5,2025-07-11 21:21:45,2025-07-11 21:25:43,2025-07-11 21:32:22,2025-07-11 22:52:34,Completed,25.82,80.2,70.0,1.2,12.0,0.0,0.0,60.45,816.09,Debit Card,,,2025-07-11 22:52:34
301,REQ00000301,207,28.0,31.0,8,36.0,40,2025-07-30 18:40:26,2025-07-30 18:41:43,2025-07-30 18:45:25,2025-07-30 19:15:07,Completed,10.12,29.7,70.0,1.5,12.0,0.0,0.0,35.18,474.98,Credit Card,,,2025-07-30 19:15:07
302,REQ00000302,34,42.0,47.0,2,10.0,6,2024-07-15 10:34:48,2024-07-15 10:35:46,2024-07-15 10:47:56,2024-07-15 10:50:56,Completed,1.38,3.0,150.0,1.0,25.0,0.0,0.0,18.27,246.67,Cash,,,2024-07-15 10:50:56
303,REQ00000303,167,70.0,77.0,9,45.0,42,2025-09-17 01:20:47,2025-09-17 01:23:50,2025-09-17 01:33:02,2025-09-17 01:43:56,Completed,4.7,10.9,120.0,1.2,18.0,0.0,26.46,26.31,328.77,Cash,,,2025-09-17 01:43:56
304,REQ00000304,460,,,4,20.0,17,2025-12-26 07:26:41,,,,No_Driver_Available,,,,1.5,,,,,,,,,2025-12-26 07:26:41
305,REQ00000305,389,81.0,89.0,5,22.0,24,2025-06-19 10:17:34,2025-06-19 10:22:31,2025-06-19 10:35:49,2025-06-19 10:48:43,Completed,4.53,12.9,100.0,1.0,15.0,0.0,0.0,19.03,256.88,Cash,,,2025-06-19 10:48:43
306,REQ00000306,321,4.0,4.0,1,2.0,4,2025-11-16 17:12:05,2025-11-16 17:16:01,2025-11-16 17:17:16,2025-11-16 17:31:46,Completed,7.6,14.5,70.0,1.5,12.0,50.0,0.0,33.0,445.5,Cash,,,2025-11-16 17:31:46
307,REQ00000307,482,82.0,91.0,10,48.0,50,2024-07-04 02:24:54,2024-07-04 02:29:12,2024-07-04 02:30:32,2024-07-04 03:35:14,Completed,20.77,64.7,50.0,1.2,10.0,0.0,0.0,39.0,526.55,Credit Card,,,2024-07-04 03:35:14
308,REQ00000308,440,,,1,1.0,4,2025-03-16 22:49:42,,,,No_Driver_Available,,,,1.2,,,,,,,,,2025-03-16 22:49:42
309,REQ00000309,240,46.0,51.0,1,1.0,4,2024-04-21 19:33:32,2024-04-21 19:33:57,,,Rider_Cancelled,,,,1.5,,,,,,,Long ETA,Rider,2024-04-21 19:33:57
310,REQ00000310,64,10.0,12.0,3,14.0,13,2024-06-23 15:06:09,2024-06-23 15:07:17,2024-06-23 15:10:45,2024-06-23 15:44:39,Completed,17.3,33.9,100.0,1.2,15.0,0.0,0.0,52.39,707.29,Credit Card,,,2024-06-23 15:44:39
311,REQ00000311,206,21.0,24.0,5,24.0,23,2025-12-10 05:20:01,2025-12-10 05:22:31,,,Driver_Cancelled,,,,1.0,,,,,,,Traffic,Driver,2025-12-10 05:22:31
312,REQ00000312,175,22.0,25.0,3,14.0,13,2025-03-28 00:50:54,2025-03-28 00:55:06,2025-03-28 01:00:02,2025-03-28 01:22:50,Completed,11.82,22.8,50.0,1.5,10.0,50.0,0.0,34.32,463.38,Cash,,,2025-03-28 01:22:50
313,REQ00000313,32,86.0,96.0,9,42.0,44,2025-09-30 15:58:20,2025-09-30 16:00:39,,,Rider_Cancelled,,,,1.0,,,,,,,Long ETA,Rider,2025-09-30 16:00:39
314,REQ00000314,167,70.0,77.0,9,41.0,45,2025-05-10 23:36:51,2025-05-10 23:39:03,2025-05-10 23:43:27,2025-05-10 23:50:21,Completed,4.48,6.9,120.0,1.2,18.0,0.0,0.0,24.7,333.41,Credit Card,,,2025-05-10 23:50:21
315,REQ00000315,197,16.0,19.0,3,15.0,11,2024-04-05 00:55:55,2024-04-05 00:57:33,,,Driver_Cancelled,,,,1.2,,,,,,,Vehicle Issue,Driver,2024-04-05 00:57:33
316,REQ00000316,314,12.0,14.0,2,10.0,8,2025-03-12 07:48:45,2025-03-12 07:49:09,,,Accepted,,,,1.5,,,,,,,,,2025-03-12 07:49:09
317,REQ00000317,187,93.0,103.0,5,21.0,23,2025-08-24 10:31:04,2025-08-24 10:34:46,,,Accepted,,,,1.2,,,,,,,,,2025-08-24 10:34:46
318,REQ00000318,14,29.0,32.0,1,5.0,4,2024-01-07 11:47:38,2024-01-07 11:51:55,2024-01-07 12:02:29,2024-01-07 12:16:17,Completed,4.0,13.8,70.0,1.2,12.0,0.0,0.0,16.28,219.8,Credit Card,,,2024-01-07 12:16:17
319,REQ00000319,459,21.0,24.0,5,23.0,25,2025-06-12 09:19:40,2025-06-12 09:22:23,,,Rider_Cancelled,,,,1.5,,,,,,,High Fare,Rider,2025-06-12 09:22:23
320,REQ00000320,148,78.0,86.0,4,18.0,20,2024-08-28 10:06:23,2024-08-28 10:09:31,2024-08-28 10:10:43,2024-08-28 10:35:31,Completed,9.77,24.8,50.0,1.2,10.0,100.0,0.0,30.19,407.52,Cash,,,2024-08-28 10:35:31
321,REQ00000321,413,74.0,81.0,9,42.0,45,2025-01-16 16:37:14,2025-01-16 16:40:06,,,Rider_Cancelled,,,,1.0,,,,,,,Other,Rider,2025-01-16 16:40:06
322,REQ00000322,98,46.0,51.0,1,2.0,4,2024-07-16 08:56:52,2024-07-16 09:00:16,2024-07-16 09:03:05,2024-07-16 09:52:53,Completed,15.31,49.8,50.0,1.5,10.0,0.0,35.06,38.21,480.78,Cash,,,2024-07-16 09:52:53
323,REQ00000323,46,68.0,75.0,8,38.0,37,2025-03-13 01:29:04,2025-03-13 01:31:08,2025-03-13 01:33:58,2025-03-13 02:14:04,Completed,14.01,40.1,150.0,1.2,25.0,0.0,0.0,72.55,979.39,Debit Card,,,2025-03-13 02:14:04
324,REQ00000324,361,13.0,16.0,6,30.0,29,2024-09-05 22:54:13,2024-09-05 22:54:31,2024-09-05 23:00:37,2024-09-05 23:06:25,Completed,1.79,5.8,120.0,1.2,18.0,0.0,0.0,18.7,252.44,Debit Card,,,2024-09-05 23:06:25
325,REQ00000325,483,61.0,67.0,4,19.0,20,2025-12-20 02:13:45,2025-12-20 02:15:52,2025-12-20 02:20:48,2025-12-20 02:34:36,Completed,3.94,13.8,50.0,1.5,10.0,0.0,0.0,15.36,207.33,Cash,,,2025-12-20 02:34:36
326,REQ00000326,217,49.0,54.0,2,6.0,10,2025-05-28 08:12:38,2025-05-28 08:13:09,2025-05-28 08:19:17,2025-05-28 08:36:59,Completed,10.07,17.7,70.0,1.5,12.0,0.0,0.0,32.21,434.88,Credit Card,,,2025-05-28 08:36:59
327,REQ00000327,165,98.0,108.0,1,5.0,1,2025-05-11 02:09:29,2025-05-11 02:12:38,2025-05-11 02:23:44,2025-05-11 02:31:14,Completed,4.02,7.5,100.0,1.5,15.0,0.0,0.0,25.7,346.92,Bank Transfer,,,2025-05-11 02:31:14
328,REQ00000328,51,33.0,37.0,1,2.0,4,2024-10-20 01:51:08,2024-10-20 01:54:55,,,Accepted,,,,1.2,,,,,,,,,2024-10-20 01:54:55
329,REQ00000329,228,49.0,54.0,2,6.0,7,2025-11-16 12:47:46,2025-11-16 12:49:20,2025-11-16 12:53:46,2025-11-16 12:57:40,Completed,3.02,3.9,70.0,1.2,12.0,50.0,0.0,17.77,239.89,Credit Card,,,2025-11-16 12:57:40
330,REQ00000330,209,98.0,108.0,1,2.0,4,2024-01-08 06:18:48,2024-01-08 06:23:17,2024-01-08 06:38:01,2024-01-08 07:20:13,Completed,23.03,42.2,100.0,1.0,15.0,50.0,0.0,58.49,789.59,Cash,,,2024-01-08 07:20:13
331,REQ00000331,381,22.0,25.0,3,14.0,12,2024-10-12 07:39:46,2024-10-12 07:44:20,2024-10-12 07:50:08,2024-10-12 07:53:08,Completed,2.36,3.0,50.0,1.5,10.0,0.0,0.0,11.14,150.37,Cash,,,2024-10-12 07:53:08
332,REQ00000332,305,98.0,108.0,1,2.0,1,2025-08-28 17:13:59,2025-08-28 17:17:55,2025-08-28 17:21:38,2025-08-28 17:27:02,Completed,3.3,5.4,100.0,1.5,15.0,0.0,0.0,23.34,315.09,Cash,,,2025-08-28 17:27:02
333,REQ00000333,230,74.0,81.0,9,42.0,44,2025-09-15 11:07:02,2025-09-15 11:10:52,2025-09-15 11:13:17,2025-09-15 11:47:17,Completed,9.65,34.0,70.0,1.2,12.0,0.0,0.0,28.3,382.0,Mobile Wallet,,,2025-09-15 11:47:17
334,REQ00000334,237,14.0,17.0,10,49.0,46,2024-03-15 18:58:40,2024-03-15 18:59:17,2024-03-15 19:01:45,2024-03-15 19:10:09,Completed,2.98,8.4,30.0,1.5,5.0,0.0,16.44,8.07,92.49,Mobile Wallet,,,2024-03-15 19:10:09
335,REQ00000335,277,20.0,23.0,3,13.0,11,2025-07-26 03:40:46,2025-07-26 03:44:37,2025-07-26 03:48:47,2025-07-26 04:55:17,Completed,23.13,66.5,70.0,1.5,12.0,0.0,0.0,67.43,910.36,Mobile Wallet,,,2025-07-26 04:55:17
336,REQ00000336,145,49.0,54.0,2,8.0,6,2024-08-29 13:04:23,2024-08-29 13:08:47,2024-08-29 13:18:11,2024-08-29 14:37:17,Completed,24.84,79.1,70.0,1.0,12.0,0.0,0.0,49.02,661.82,Mobile Wallet,,,2024-08-29 14:37:17
337,REQ00000337,3,9.0,11.0,1,3.0,5,2024-09-14 09:41:49,2024-09-14 09:46:42,2024-09-14 09:57:28,2024-09-14 10:13:40,Completed,8.61,16.2,70.0,1.5,12.0,0.0,0.0,29.23,394.56,Debit Card,,,2024-09-14 10:13:40
338,REQ00000338,296,18.0,21.0,6,29.0,26,2025-06-24 09:29:25,2025-06-24 09:29:50,2025-06-24 09:34:30,2025-06-24 09:40:18,Completed,2.34,5.8,50.0,1.5,10.0,0.0,0.0,11.61,156.78,Cash,,,2025-06-24 09:40:18
339,REQ00000339,112,14.0,17.0,10,48.0,50,2024-01-17 03:09:37,2024-01-17 03:14:28,2024-01-17 03:22:20,2024-01-17 04:37:50,Completed,33.06,75.5,30.0,1.2,5.0,20.0,0.0,37.92,511.9,Cash,,,2024-01-17 04:37:50
340,REQ00000340,109,54.0,60.0,2,6.0,9,2024-05-28 04:16:37,2024-05-28 04:17:45,,,Rider_Cancelled,,,,1.2,,,,,,,Changed Mind,Rider,2024-05-28 04:17:45
341,REQ00000341,228,55.0,61.0,2,9.0,7,2025-03-22 06:30:54,2025-03-22 06:31:23,2025-03-22 06:35:50,2025-03-22 06:38:50,Completed,2.38,3.0,50.0,1.2,10.0,0.0,0.0,8.93,120.6,Cash,,,2025-03-22 06:38:50
342,REQ00000342,383,49.0,54.0,2,8.0,6,2024-06-26 09:12:22,2024-06-26 09:15:41,2024-06-26 09:23:02,2024-06-26 10:24:50,Completed,28.84,61.8,70.0,1.5,12.0,0.0,0.0,76.58,1033.88,Cash,,,2024-06-26 10:24:50
343,REQ00000343,153,33.0,37.0,1,3.0,4,2024-10-17 14:51:17,2024-10-17 14:52:43,2024-10-17 15:02:12,2024-10-17 16:00:24,Completed,26.02,58.2,50.0,1.2,10.0,0.0,0.0,44.12,595.57,Debit Card,,,2024-10-17 16:00:24
344,REQ00000344,79,96.0,106.0,1,5.0,2,2025-12-14 05:17:30,2025-12-14 05:20:23,2025-12-14 05:35:11,2025-12-14 05:43:41,Completed,4.31,8.5,30.0,1.2,5.0,50.0,0.0,12.29,165.87,Mobile Wallet,,,2025-12-14 05:43:41
345,REQ00000345,183,97.0,107.0,8,36.0,40,2025-12-31 07:29:54,2025-12-31 07:33:12,2025-12-31 07:36:04,2025-12-31 07:53:28,Completed,5.81,17.4,70.0,1.5,12.0,20.0,0.0,26.87,362.79,Cash,,,2025-12-31 07:53:28
346,REQ00000346,110,89.0,99.0,3,15.0,13,2025-05-20 00:21:09,2025-05-20 00:24:09,2025-05-20 00:31:31,2025-05-20 00:52:25,Completed,13.03,20.9,100.0,1.2,15.0,0.0,0.0,41.07,554.49,Cash,,,2025-05-20 00:52:25
347,REQ00000347,184,55.0,61.0,2,8.0,7,2024-08-11 01:36:10,2024-08-11 01:36:34,2024-08-11 01:50:59,2024-08-11 02:41:29,Completed,23.49,50.5,50.0,1.5,10.0,0.0,0.0,50.12,676.56,Credit Card,,,2024-08-11 02:41:29
348,REQ00000348,182,11.0,13.0,3,11.0,13,2025-09-18 18:52:40,2025-09-18 18:57:36,2025-09-18 19:02:28,2025-09-18 19:50:10,Completed,22.15,47.7,100.0,1.5,15.0,0.0,0.0,81.27,1097.14,Credit Card,,,2025-09-18 19:50:10
349,REQ00000349,53,6.0,6.0,5,23.0,24,2024-04-16 19:11:26,2024-04-16 19:14:09,2024-04-16 19:23:53,2024-04-16 20:01:11,Completed,11.78,37.3,150.0,1.5,25.0,0.0,0.0,81.31,1097.71,Cash,,,2024-04-16 20:01:11
350,REQ00000350,209,29.0,32.0,1,4.0,2,2025-06-08 22:23:59,2025-06-08 22:25:19,2025-06-08 22:36:18,2025-06-08 22:45:00,Completed,1.72,8.7,70.0,1.2,12.0,0.0,0.0,12.02,162.26,Cash,,,2025-06-08 22:45:00
351,REQ00000351,48,45.0,50.0,3,11.0,15,2024-08-03 19:25:00,2024-08-03 19:27:49,2024-08-03 19:31:20,2024-08-03 19:47:38,Completed,7.68,16.3,70.0,1.5,12.0,0.0,0.0,27.58,372.28,Credit Card,,,2024-08-03 19:47:38
352,REQ00000352,347,12.0,14.0,2,8.0,10,2025-04-07 19:01:46,2025-04-07 19:06:23,2025-04-07 19:17:31,2025-04-07 19:38:13,Completed,12.53,20.7,50.0,1.5,10.0,0.0,0.0,28.97,391.08,Mobile Wallet,,,2025-04-07 19:38:13
353,REQ00000353,386,11.0,13.0,3,14.0,15,2025-05-18 13:12:17,2025-05-18 13:15:42,2025-05-18 13:28:01,2025-05-18 13:43:25,Completed,6.86,15.4,100.0,1.2,15.0,0.0,0.0,27.91,376.75,Cash,,,2025-05-18 13:43:25
354,REQ00000354,226,78.0,86.0,4,16.0,20,2025-10-12 05:23:54,2025-10-12 05:24:31,,,Driver_Cancelled,,,,1.2,,,,,,,Traffic,Driver,2025-10-12 05:24:31
355,REQ00000355,202,96.0,106.0,1,4.0,2,2024-09-19 23:35:29,2024-09-19 23:37:00,2024-09-19 23:51:31,2024-09-20 00:01:07,Completed,6.16,9.6,30.0,1.0,5.0,50.0,0.0,11.51,155.39,Credit Card,,,2024-09-20 00:01:07
356,REQ00000356,205,33.0,37.0,1,1.0,3,2025-01-31 08:35:10,2025-01-31 08:39:29,2025-01-31 08:50:38,2025-01-31 09:17:14,Completed,10.57,26.6,50.0,2.0,10.0,0.0,0.0,36.28,489.76,Cash,,,2025-01-31 09:17:14
357,REQ00000357,113,96.0,106.0,1,5.0,2,2024-02-17 08:59:10,2024-02-17 09:00:52,2024-02-17 09:10:05,2024-02-17 09:20:11,Completed,6.16,10.1,30.0,2.0,5.0,0.0,0.0,15.1,203.86,Mobile Wallet,,,2024-02-17 09:20:11
358,REQ00000358,4,18.0,21.0,6,30.0,26,2025-06-17 17:59:17,2025-06-17 18:02:24,2025-06-17 18:04:17,2025-06-17 18:12:53,Completed,4.45,8.6,50.0,1.5,10.0,0.0,0.0,15.16,204.61,Bank Transfer,,,2025-06-17 18:12:53
359,REQ00000359,304,64.0,70.0,4,17.0,19,2024-07-30 09:03:40,2024-07-30 09:04:05,2024-07-30 09:16:10,2024-07-30 09:30:52,Completed,6.58,14.7,150.0,1.5,25.0,0.0,0.0,51.74,698.54,Mobile Wallet,,,2024-07-30 09:30:52
360,REQ00000360,253,49.0,54.0,2,10.0,6,2025-06-22 15:39:32,2025-06-22 15:40:03,,,Rider_Cancelled,,,,1.2,,,,,,,Driver Delayed,Rider,2025-06-22 15:40:03
361,REQ00000361,346,16.0,19.0,3,13.0,11,2025-09-28 12:40:01,2025-09-28 12:41:09,2025-09-28 12:43:39,2025-09-28 13:05:27,Completed,11.19,21.8,150.0,1.2,25.0,0.0,0.0,57.4,774.88,Credit Card,,,2025-09-28 13:05:27
362,REQ00000362,111,5.0,5.0,7,33.0,32,2024-10-10 22:25:37,2024-10-10 22:28:27,2024-10-10 22:32:07,2024-10-10 23:50:43,Completed,24.42,78.6,30.0,1.0,5.0,0.0,0.0,24.72,333.68,Cash,,,2024-10-10 23:50:43
363,REQ00000363,344,61.0,67.0,4,17.0,16,2024-01-28 21:58:12,2024-01-28 22:01:32,2024-01-28 22:03:18,2024-01-28 22:13:18,Completed,3.01,10.0,50.0,1.2,10.0,0.0,0.0,10.67,144.01,Mobile Wallet,,,2024-01-28 22:13:18
364,REQ00000364,196,93.0,103.0,5,23.0,21,2025-09-11 11:59:24,2025-09-11 12:00:33,2025-09-11 12:04:41,2025-09-11 13:03:35,Completed,27.17,58.9,50.0,1.0,10.0,0.0,0.0,37.95,512.34,Credit Card,,,2025-09-11 13:03:35
365,REQ00000365,110,16.0,19.0,3,15.0,11,2025-12-29 00:54:03,2025-12-29 00:54:21,,,Rider_Cancelled,,,,1.2,,,,,,,Long ETA,Rider,2025-12-29 00:54:21
366,REQ00000366,183,8.0,9.0,8,39.0,36,2024-12-11 11:59:57,2024-12-11 12:00:59,2024-12-11 12:08:59,2024-12-11 12:20:35,Completed,6.16,11.6,70.0,1.0,12.0,20.0,14.39,17.41,220.62,Cash,,,2024-12-11 12:20:35
367,REQ00000367,327,74.0,81.0,9,43.0,42,2024-07-01 13:21:48,2024-07-01 13:26:08,,,Rider_Cancelled,,,,1.2,,,,,,,Other,Rider,2024-07-01 13:26:08
368,REQ00000368,177,4.0,4.0,1,2.0,3,2025-09-25 01:03:52,2025-09-25 01:08:27,2025-09-25 01:19:59,2025-09-25 01:33:23,Completed,8.29,13.4,70.0,1.2,12.0,0.0,0.0,22.38,302.16,Mobile Wallet,,,2025-09-25 01:33:23
369,REQ00000369,355,94.0,104.0,6,28.0,30,2025-01-01 12:28:12,2025-01-01 12:30:11,2025-01-01 12:32:41,2025-01-01 13:18:17,Completed,25.12,45.6,50.0,1.0,10.0,0.0,0.0,34.39,464.23,Debit Card,,,2025-01-01 13:18:17
370,REQ00000370,291,3.0,3.0,8,39.0,36,2024-03-13 16:08:27,2024-03-13 16:10:53,2024-03-13 16:19:00,2024-03-13 16:48:42,Completed,12.57,29.7,50.0,1.0,10.0,0.0,0.0,20.43,275.82,Cash,,,2024-03-13 16:48:42
371,REQ00000371,456,58.0,64.0,7,35.0,32,2025-03-06 06:54:51,2025-03-06 06:58:11,2025-03-06 07:02:33,2025-03-06 07:12:03,Completed,4.24,9.5,70.0,1.0,12.0,100.0,0.0,21.17,285.77,Credit Card,,,2025-03-06 07:12:03
372,REQ00000372,169,59.0,65.0,5,22.0,23,2025-07-22 10:39:43,2025-07-22 10:42:54,2025-07-22 10:54:58,2025-07-22 11:44:46,Completed,22.4,49.8,70.0,1.2,12.0,100.0,0.0,59.29,800.41,Debit Card,,,2025-07-22 11:44:46
373,REQ00000373,55,29.0,32.0,1,1.0,4,2024-04-02 00:08:35,2024-04-02 00:11:40,,,Accepted,,,,1.2,,,,,,,,,2024-04-02 00:11:40
374,REQ00000374,403,90.0,100.0,2,9.0,7,2025-02-12 01:37:49,2025-02-12 01:40:11,2025-02-12 01:41:29,2025-02-12 01:51:59,Completed,3.76,10.5,50.0,1.2,10.0,0.0,0.0,11.6,156.64,Cash,,,2025-02-12 01:51:59
375,REQ00000375,93,14.0,17.0,10,47.0,48,2024-08-21 02:19:27,2024-08-21 02:20:28,2024-08-21 02:34:09,2024-08-21 03:22:39,Completed,25.15,48.5,30.0,1.2,5.0,0.0,0.0,27.33,368.97,Cash,,,2024-08-21 03:22:39
376,REQ00000376,467,68.0,75.0,8,36.0,40,2025-10-04 18:05:11,2025-10-04 18:08:52,,,Rider_Cancelled,,,,1.5,,,,,,,Driver Delayed,Rider,2025-10-04 18:08:52
377,REQ00000377,260,49.0,54.0,2,10.0,6,2024-05-29 22:01:41,2024-05-29 22:05:19,2024-05-29 22:15:13,2024-05-29 22:28:01,Completed,6.27,12.8,70.0,1.0,12.0,0.0,21.79,16.13,195.99,Credit Card,,,2024-05-29 22:28:01
378,REQ00000378,490,49.0,54.0,2,9.0,10,2024-03-09 15:25:50,2024-03-09 15:26:31,2024-03-09 15:33:03,2024-03-09 15:40:39,Completed,3.46,7.6,70.0,1.2,12.0,0.0,0.0,14.31,193.23,Cash,,,2024-03-09 15:40:39
379,REQ00000379,88,60.0,66.0,5,21.0,24,2025-03-25 20:56:36,2025-03-25 20:57:27,2025-03-25 21:07:37,2025-03-25 21:15:31,Completed,3.19,7.9,70.0,1.5,12.0,0.0,0.0,17.48,235.96,Debit Card,,,2025-03-25 21:15:31
380,REQ00000380,328,93.0,103.0,5,24.0,21,2025-09-24 04:20:59,2025-09-24 04:23:14,,,Accepted,,,,1.2,,,,,,,,,2025-09-24 04:23:14
381,REQ00000381,146,62.0,68.0,6,30.0,29,2024-08-26 22:48:28,2024-08-26 22:50:48,2024-08-26 23:03:50,2024-08-26 23:15:20,Completed,5.16,11.5,50.0,1.2,10.0,0.0,0.0,13.36,180.36,Cash,,,2024-08-26 23:15:20
382,REQ00000382,155,58.0,64.0,7,32.0,31,2024-03-26 19:02:43,2024-03-26 19:06:58,,,Driver_Cancelled,,,,1.5,,,,,,,Low Fare,Driver,2024-03-26 19:06:58
383,REQ00000383,337,98.0,108.0,1,3.0,4,2024-09-21 18:11:21,2024-09-21 18:13:07,,,Rider_Cancelled,,,,1.5,,,,,,,High Fare,Rider,2024-09-21 18:13:07
384,REQ00000384,334,11.0,13.0,3,15.0,11,2024-12-14 00:42:22,2024-12-14 00:42:59,2024-12-14 00:55:03,2024-12-14 01:08:45,Completed,7.56,13.7,100.0,1.5,15.0,0.0,0.0,36.05,486.72,Credit Card,,,2024-12-14 01:08:45
385,REQ00000385,409,49.0,54.0,2,10.0,6,2024-04-17 05:29:31,2024-04-17 05:30:39,,,Driver_Cancelled,,,,1.0,,,,,,,Traffic,Driver,2024-04-17 05:30:39
386,REQ00000386,329,93.0,103.0,5,21.0,23,2025-09-30 04:34:28,2025-09-30 04:34:55,2025-09-30 04:49:44,2025-09-30 05:31:50,Completed,14.56,42.1,50.0,1.2,10.0,0.0,0.0,28.6,386.04,Credit Card,,,2025-09-30 05:31:50
387,REQ00000387,308,62.0,68.0,6,27.0,26,2025-08-14 10:12:57,2025-08-14 10:15:31,2025-08-14 10:17:58,2025-08-14 10:28:52,Completed,4.05,10.9,50.0,1.0,10.0,0.0,14.79,10.0,120.16,Credit Card,,,2025-08-14 10:28:52
388,REQ00000388,346,10.0,12.0,3,13.0,11,2024-07-13 07:28:11,2024-07-13 07:32:21,2024-07-13 07:43:15,2024-07-13 08:37:03,Completed,27.97,53.8,100.0,1.5,15.0,0.0,87.13,97.07,1223.29,Credit Card,,,2024-07-13 08:37:03
389,REQ00000389,129,33.0,37.0,1,2.0,4,2025-08-23 00:50:27,2025-08-23 00:54:19,2025-08-23 01:00:02,2025-08-23 01:05:44,Completed,1.63,5.7,50.0,1.2,10.0,0.0,10.43,8.46,103.76,Mobile Wallet,,,2025-08-23 01:05:44
390,REQ00000390,157,22.0,25.0,3,15.0,11,2025-10-11 06:46:36,2025-10-11 06:50:49,,,Driver_Cancelled,,,,1.2,,,,,,,Too Far,Driver,2025-10-11 06:50:49
391,REQ00000391,212,29.0,32.0,1,1.0,3,2024-06-18 20:23:18,2024-06-18 20:27:33,2024-06-18 20:37:00,2024-06-18 21:27:00,Completed,17.56,50.0,70.0,1.5,12.0,0.0,0.0,53.45,721.55,Cash,,,2024-06-18 21:27:00
392,REQ00000392,103,37.0,41.0,5,22.0,21,2024-08-30 08:17:00,2024-08-30 08:21:16,2024-08-30 08:34:21,2024-08-30 08:41:03,Completed,2.76,6.7,150.0,1.5,25.0,0.0,0.0,34.15,461.05,Cash,,,2024-08-30 08:41:03
393,REQ00000393,296,2.0,2.0,6,27.0,26,2025-01-06 06:25:20,2025-01-06 06:25:42,2025-01-06 06:35:26,2025-01-06 06:42:02,Completed,0.99,6.6,70.0,1.0,12.0,0.0,0.0,8.8,118.85,Bank Transfer,,,2025-01-06 06:42:02
394,REQ00000394,282,20.0,23.0,3,13.0,12,2024-06-08 09:40:48,2024-06-08 09:42:48,2024-06-08 09:54:25,2024-06-08 11:02:01,Completed,30.82,67.6,70.0,2.0,12.0,0.0,0.0,108.72,1467.72,Debit Card,,,2024-06-08 11:02:01
395,REQ00000395,492,70.0,77.0,9,42.0,44,2024-01-14 06:53:17,2024-01-14 06:56:07,,,Rider_Cancelled,,,,1.2,,,,,,,Changed Mind,Rider,2024-01-14 06:56:07
396,REQ00000396,238,87.0,97.0,1,2.0,3,2025-09-21 13:18:19,2025-09-21 13:19:09,2025-09-21 13:29:35,2025-09-21 14:19:23,Completed,27.15,49.8,120.0,1.2,18.0,0.0,0.0,84.93,1146.57,Cash,,,2025-09-21 14:19:23
397,REQ00000397,496,12.0,14.0,2,9.0,7,2025-08-10 12:26:06,2025-08-10 12:29:51,,,Rider_Cancelled,,,,1.2,,,,,,,Driver Delayed,Rider,2025-08-10 12:29:51
398,REQ00000398,6,49.0,54.0,2,8.0,9,2024-12-27 22:27:18,2024-12-27 22:31:37,,,Rider_Cancelled,,,,1.0,,,,,,,Changed Mind,Rider,2024-12-27 22:31:37
399,REQ00000399,340,15.0,18.0,2,10.0,8,2025-02-25 06:19:55,2025-02-25 06:20:25,2025-02-25 06:31:14,2025-02-25 08:07:20,Completed,33.04,96.1,30.0,1.0,5.0,0.0,0.0,31.63,427.05,Cash,,,2025-02-25 08:07:20
400,REQ00000400,11,,,6,30.0,26,2024-04-04 23:46:24,,,,No_Driver_Available,,,,1.2,,,,,,,,,2024-04-04 23:46:24
401,REQ00000401,8,15.0,18.0,2,7.0,9,2025-12-09 21:04:00,2025-12-09 21:06:19,2025-12-09 21:14:06,2025-12-09 21:21:00,Completed,2.2,6.9,30.0,1.2,5.0,0.0,14.1,5.71,63.01,Cash,,,2025-12-09 21:21:00
402,REQ00000402,465,31.0,35.0,7,34.0,35,2024-11-03 18:02:07,2024-11-03 18:05:18,,,Accepted,,,,1.5,,,,,,,,,2024-11-03 18:05:18
403,REQ00000403,39,22.0,25.0,3,12.0,11,2025-11-02 00:07:01,2025-11-02 00:09:55,,,Rider_Cancelled,,,,1.5,,,,,,,Changed Mind,Rider,2025-11-02 00:09:55
404,REQ00000404,306,49.0,54.0,2,10.0,9,2025-04-28 18:49:49,2025-04-28 18:54:09,2025-04-28 18:59:35,2025-04-28 19:07:05,Completed,4.55,7.5,70.0,2.0,12.0,0.0,0.0,26.44,356.94,Credit Card,,,2025-04-28 19:07:05
405,REQ00000405,491,42.0,47.0,2,8.0,7,2024-02-07 19:51:09,2024-02-07 19:54:25,2024-02-07 19:59:22,2024-02-07 21:02:58,Completed,25.18,63.6,150.0,1.5,25.0,50.0,0.0,148.18,2000.38,Mobile Wallet,,,2024-02-07 21:02:58
406,REQ00000406,378,55.0,61.0,2,10.0,6,2024-09-24 11:51:40,2024-09-24 11:55:35,2024-09-24 12:01:26,2024-09-24 12:22:02,Completed,5.8,20.6,50.0,1.0,10.0,0.0,0.0,12.84,173.34,Cash,,,2024-09-24 12:22:02
407,REQ00000407,325,15.0,18.0,2,8.0,7,2025-03-10 14:32:43,2025-03-10 14:33:03,,,Rider_Cancelled,,,,1.2,,,,,,,High Fare,Rider,2025-03-10 14:33:03
408,REQ00000408,324,45.0,50.0,3,15.0,11,2024-03-21 00:18:56,2024-03-21 00:20:49,2024-03-21 00:25:16,2024-03-21 00:39:16,Completed,7.33,14.0,70.0,1.2,12.0,0.0,0.0,21.12,285.06,Mobile Wallet,,,2024-03-21 00:39:16
409,REQ00000409,285,47.0,52.0,5,21.0,22,2024-04-20 03:19:45,2024-04-20 03:20:26,2024-04-20 03:21:52,2024-04-20 03:28:22,Completed,4.07,6.5,70.0,1.5,12.0,0.0,0.0,18.73,252.81,Mobile Wallet,,,2024-04-20 03:28:22
410,REQ00000410,215,55.0,61.0,2,10.0,6,2025-06-12 00:37:05,2025-06-12 00:40:17,2025-06-12 00:47:12,2025-06-12 00:56:24,Completed,4.05,9.2,50.0,1.5,10.0,0.0,0.0,14.69,198.29,Cash,,,2025-06-12 00:56:24
411,REQ00000411,230,74.0,81.0,9,41.0,43,2024-07-05 03:31:12,2024-07-05 03:34:19,2024-07-05 03:36:12,2024-07-05 04:39:24,Completed,29.81,63.2,70.0,1.5,12.0,0.0,0.0,78.67,1061.99,Cash,,,2024-07-05 04:39:24
412,REQ00000412,373,45.0,50.0,3,12.0,15,2024-09-28 02:01:02,2024-09-28 02:05:00,2024-09-28 02:19:17,2024-09-28 02:37:59,Completed,4.89,18.7,70.0,1.5,12.0,20.0,19.3,25.53,325.36,Credit Card,,,2024-09-28 02:37:59
413,REQ00000413,235,82.0,91.0,10,48.0,49,2024-11-18 03:50:33,2024-11-18 03:52:19,2024-11-18 04:05:17,2024-11-18 05:13:41,Completed,24.4,68.4,50.0,1.2,10.0,100.0,0.0,53.32,719.8,Debit Card,,,2024-11-18 05:13:41
414,REQ00000414,264,22.0,25.0,3,15.0,12,2025-06-10 08:59:45,2025-06-10 09:00:53,,,Accepted,,,,1.5,,,,,,,,,2025-06-10 09:00:53
415,REQ00000415,137,46.0,51.0,1,2.0,1,2024-06-18 03:49:34,2024-06-18 03:50:29,,,Rider_Cancelled,,,,1.2,,,,,,,Other,Rider,2024-06-18 03:50:29
416,REQ00000416,234,87.0,97.0,1,4.0,1,2024-09-06 07:54:45,2024-09-06 07:57:32,2024-09-06 08:02:39,2024-09-06 08:14:27,Completed,3.06,11.8,120.0,1.5,18.0,0.0,0.0,28.89,389.97,Cash,,,2024-09-06 08:14:27
417,REQ00000417,235,14.0,17.0,10,46.0,49,2025-03-18 04:07:46,2025-03-18 04:12:13,,,Rider_Cancelled,,,,1.2,,,,,,,Other,Rider,2025-03-18 04:12:13
418,REQ00000418,410,96.0,106.0,1,4.0,5,2025-05-27 18:53:18,2025-05-27 18:53:56,2025-05-27 19:05:48,2025-05-27 19:15:24,Completed,2.9,9.6,30.0,1.5,5.0,20.0,0.0,10.54,142.24,Mobile Wallet,,,2025-05-27 19:15:24
419,REQ00000419,495,65.0,71.0,4,19.0,18,2025-03-08 15:09:38,2025-03-08 15:13:45,2025-03-08 15:17:12,2025-03-08 16:21:00,Completed,24.6,63.8,50.0,1.2,10.0,0.0,51.78,43.29,532.59,Cash,,,2025-03-08 16:21:00
420,REQ00000420,500,15.0,18.0,2,8.0,6,2025-06-10 05:00:42,2025-06-10 05:03:25,,,Driver_Cancelled,,,,1.0,,,,,,,Other,Driver,2025-06-10 05:03:25
421,REQ00000421,184,90.0,100.0,2,10.0,7,2024-01-22 09:18:47,2024-01-22 09:22:42,,,Rider_Cancelled,,,,1.5,,,,,,,Other,Rider,2024-01-22 09:22:42
422,REQ00000422,81,81.0,89.0,5,23.0,21,2024-08-16 17:29:49,2024-08-16 17:33:07,2024-08-16 17:41:51,2024-08-16 18:20:45,Completed,21.09,38.9,100.0,1.5,15.0,0.0,0.0,76.09,1027.16,Cash,,,2024-08-16 18:20:45
423,REQ00000423,394,46.0,51.0,1,5.0,1,2025-08-04 23:51:32,2025-08-04 23:55:27,2025-08-05 00:08:50,2025-08-05 00:12:26,Completed,2.46,3.6,50.0,1.2,10.0,0.0,0.0,9.11,123.01,Cash,,,2025-08-05 00:12:26
424,REQ00000424,364,49.0,54.0,2,6.0,10,2024-05-08 05:26:12,2024-05-08 05:31:03,2024-05-08 05:43:03,2024-05-08 05:51:27,Completed,6.95,8.4,70.0,1.0,12.0,0.0,0.0,16.24,219.29,Debit Card,,,2024-05-08 05:51:27
425,REQ00000425,118,67.0,74.0,8,36.0,39,2025-11-14 23:30:21,2025-11-14 23:33:39,2025-11-14 23:45:04,2025-11-14 23:58:52,Completed,3.2,13.8,50.0,1.2,10.0,50.0,17.68,16.23,201.47,Credit Card,,,2025-11-14 23:58:52
426,REQ00000426,216,33.0,37.0,1,1.0,4,2024-12-02 14:13:39,2024-12-02 14:17:16,2024-12-02 14:30:26,2024-12-02 14:35:20,Completed,2.43,4.9,50.0,1.0,10.0,0.0,0.0,7.72,104.23,Cash,,,2024-12-02 14:35:20
427,REQ00000427,244,22.0,25.0,3,11.0,12,2024-11-26 21:16:19,2024-11-26 21:20:49,,,Rider_Cancelled,,,,1.0,,,,,,,Long ETA,Rider,2024-11-26 21:20:49
428,REQ00000428,198,74.0,81.0,9,44.0,43,2025-07-11 07:10:25,2025-07-11 07:11:56,2025-07-11 07:15:50,2025-07-11 08:36:38,Completed,34.27,80.8,70.0,1.5,12.0,0.0,0.0,90.92,1227.4,Bank Transfer,,,2025-07-11 08:36:38
429,REQ00000429,55,98.0,108.0,1,4.0,2,2025-09-18 11:15:19,2025-09-18 11:16:39,,,Driver_Cancelled,,,,1.2,,,,,,,Personal Reason,Driver,2025-09-18 11:16:39
430,REQ00000430,150,15.0,18.0,2,10.0,6,2024-06-25 20:14:59,2024-06-25 20:19:48,2024-06-25 20:27:01,2024-06-25 20:54:49,Completed,10.27,27.8,30.0,1.5,5.0,0.0,0.0,17.4,234.84,Cash,,,2024-06-25 20:54:49
431,REQ00000431,469,90.0,100.0,2,6.0,7,2025-06-03 06:42:43,2025-06-03 06:47:23,2025-06-03 06:59:50,2025-06-03 07:02:50,Completed,1.03,3.0,50.0,1.0,10.0,0.0,0.0,6.15,83.01,Mobile Wallet,,,2025-06-03 07:02:50
432,REQ00000432,466,59.0,65.0,5,23.0,22,2025-10-16 23:02:25,2025-10-16 23:06:06,,,Rider_Cancelled,,,,1.0,,,,,,,Other,Rider,2025-10-16 23:06:06
433,REQ00000433,302,,,8,37.0,40,2024-10-02 12:00:43,,,,No_Driver_Available,,,,1.0,,,,,,,,,2024-10-02 12:00:43
434,REQ00000434,473,70.0,77.0,9,42.0,45,2025-04-20 10:57:57,2025-04-20 11:01:28,2025-04-20 11:07:33,2025-04-20 11:21:39,Completed,4.81,14.1,120.0,1.2,18.0,50.0,0.0,32.27,435.61,Credit Card,,,2025-04-20 11:21:39
435,REQ00000435,343,69.0,76.0,9,44.0,43,2025-05-24 11:52:21,2025-05-24 11:52:41,2025-05-24 12:01:23,2025-05-24 12:59:53,Completed,31.93,58.5,70.0,1.2,12.0,0.0,0.0,65.08,878.62,Credit Card,,,2025-05-24 12:59:53
436,REQ00000436,77,,,1,4.0,1,2024-09-25 20:48:29,,,,Requested,,,,1.5,,,,,,,,,2024-09-25 20:48:29
437,REQ00000437,297,49.0,54.0,2,9.0,8,2025-02-14 00:45:40,2025-02-14 00:47:34,,,Rider_Cancelled,,,,1.2,,,,,,,Long ETA,Rider,2025-02-14 00:47:34
438,REQ00000438,17,37.0,41.0,5,23.0,24,2025-10-04 18:01:02,2025-10-04 18:05:07,2025-10-04 18:17:03,2025-10-04 19:31:15,Completed,31.87,74.2,150.0,1.5,25.0,0.0,0.0,171.35,2313.2,Bank Transfer,,,2025-10-04 19:31:15
439,REQ00000439,215,55.0,61.0,2,7.0,8,2025-11-14 04:50:29,2025-11-14 04:52:24,2025-11-14 05:00:18,2025-11-14 06:22:36,Completed,33.29,82.3,50.0,1.2,10.0,100.0,0.0,65.56,885.08,Mobile Wallet,,,2025-11-14 06:22:36
440,REQ00000440,419,48.0,53.0,10,48.0,50,2024-08-04 20:42:48,2024-08-04 20:46:42,2024-08-04 21:00:06,2024-08-04 21:50:00,Completed,20.12,49.9,50.0,1.5,10.0,0.0,0.0,45.15,609.58,Mobile Wallet,,,2024-08-04 21:50:00
441,REQ00000441,472,54.0,60.0,2,8.0,6,2024-02-04 15:19:02,2024-02-04 15:23:33,2024-02-04 15:37:02,2024-02-04 16:30:38,Completed,19.28,53.6,50.0,1.2,10.0,0.0,0.0,35.69,481.8,Cash,,,2024-02-04 16:30:38
442,REQ00000442,370,2.0,2.0,6,28.0,26,2025-04-25 11:46:10,2025-04-25 11:47:53,2025-04-25 11:51:18,2025-04-25 12:32:24,Completed,23.94,41.1,70.0,1.0,12.0,0.0,0.0,41.86,565.16,Debit Card,,,2025-04-25 12:32:24
443,REQ00000443,79,98.0,108.0,1,4.0,5,2024-11-12 04:59:58,2024-11-12 05:03:07,2024-11-12 05:07:08,2024-11-12 05:22:08,Completed,5.06,15.0,100.0,1.2,15.0,0.0,0.0,24.36,328.8,Credit Card,,,2024-11-12 05:22:08
444,REQ00000444,184,54.0,60.0,2,6.0,8,2025-12-07 15:05:52,2025-12-07 15:08:27,2025-12-07 15:13:51,2025-12-07 15:56:39,Completed,17.57,42.8,50.0,1.2,10.0,0.0,0.0,32.16,434.21,Cash,,,2025-12-07 15:56:39
445,REQ00000445,469,12.0,14.0,2,9.0,10,2025-01-12 11:08:10,2025-01-12 11:08:32,2025-01-12 11:19:40,2025-01-12 11:27:22,Completed,3.25,7.7,50.0,1.2,10.0,0.0,0.0,10.61,143.27,Cash,,,2025-01-12 11:27:22
446,REQ00000446,457,11.0,13.0,3,11.0,12,2025-10-02 14:07:48,2025-10-02 14:11:28,2025-10-02 14:20:14,2025-10-02 14:48:20,Completed,8.65,28.1,100.0,1.0,15.0,0.0,0.0,28.66,386.91,Cash,,,2025-10-02 14:48:20
447,REQ00000447,282,,,3,15.0,12,2025-01-06 09:05:09,,,,No_Driver_Available,,,,1.5,,,,,,,,,2025-01-06 09:05:09
448,REQ00000448,8,,,2,8.0,9,2024-06-18 23:00:25,,,,No_Driver_Available,,,,1.0,,,,,,,,,2024-06-18 23:00:25
449,REQ00000449,182,16.0,19.0,3,15.0,11,2024-10-25 08:24:01,2024-10-25 08:27:20,2024-10-25 08:29:06,2024-10-25 08:44:36,Completed,3.3,15.5,150.0,1.5,25.0,0.0,47.4,40.32,496.92,Debit Card,,,2024-10-25 08:44:36
450,REQ00000450,400,33.0,37.0,1,5.0,1,2024-07-02 07:13:49,2024-07-02 07:18:16,2024-07-02 07:32:38,2024-07-02 07:35:38,Completed,4.76,3.0,50.0,1.5,10.0,0.0,16.07,14.59,180.95,Credit Card,,,2024-07-02 07:35:38
451,REQ00000451,334,10.0,12.0,3,13.0,14,2024-06-29 18:27:04,2024-06-29 18:28:11,,,Rider_Cancelled,,,,1.5,,,,,,,Driver Delayed,Rider,2024-06-29 18:28:11
452,REQ00000452,71,12.0,14.0,2,6.0,9,2025-09-17 02:26:10,2025-09-17 02:30:51,,,Rider_Cancelled,,,,1.2,,,,,,,High Fare,Rider,2025-09-17 02:30:51
453,REQ00000453,255,55.0,61.0,2,8.0,6,2025-07-24 13:10:13,2025-07-24 13:10:42,2025-07-24 13:11:47,2025-07-24 13:45:17,Completed,15.27,33.5,50.0,1.0,10.0,0.0,0.0,23.48,316.97,Cash,,,2025-07-24 13:45:17
454,REQ00000454,163,54.0,60.0,2,8.0,9,2024-08-21 18:05:57,2024-08-21 18:07:18,2024-08-21 18:14:00,2024-08-21 19:07:12,Completed,16.27,53.2,50.0,1.5,10.0,0.0,36.79,40.2,505.97,Cash,,,2024-08-21 19:07:12
455,REQ00000455,413,74.0,81.0,9,45.0,42,2024-09-21 02:23:55,2024-09-21 02:28:12,2024-09-21 02:38:58,2024-09-21 02:43:22,Completed,2.13,4.4,70.0,1.2,12.0,100.0,0.0,21.38,288.68,Mobile Wallet,,,2024-09-21 02:43:22
456,REQ00000456,6,12.0,14.0,2,10.0,6,2024-06-15 06:12:24,2024-06-15 06:13:18,2024-06-15 06:19:10,2024-06-15 06:24:34,Completed,4.85,5.4,50.0,1.2,10.0,0.0,0.0,12.12,163.68,Credit Card,,,2024-06-15 06:24:34
457,REQ00000457,18,89.0,99.0,3,13.0,15,2025-10-25 01:19:18,2025-10-25 01:20:20,2025-10-25 01:22:49,2025-10-25 01:54:19,Completed,8.96,31.5,100.0,1.5,15.0,0.0,0.0,44.75,604.18,Debit Card,,,2025-10-25 01:54:19
458,REQ00000458,249,12.0,14.0,2,6.0,9,2024-04-21 02:38:18,2024-04-21 02:42:21,2024-04-21 02:43:54,2024-04-21 02:52:18,Completed,4.31,8.4,50.0,1.5,10.0,0.0,0.0,14.92,201.4,Cash,,,2024-04-21 02:52:18
459,REQ00000459,157,89.0,99.0,3,13.0,14,2025-05-11 11:20:02,2025-05-11 11:21:19,2025-05-11 11:24:42,2025-05-11 12:20:48,Completed,19.72,56.1,100.0,1.2,15.0,0.0,67.33,62.37,774.62,Cash,,,2025-05-11 12:20:48
460,REQ00000460,259,49.0,54.0,2,10.0,7,2024-08-31 21:25:50,2024-08-31 21:26:52,2024-08-31 21:33:41,2024-08-31 21:36:41,Completed,1.78,3.0,70.0,1.2,12.0,0.0,0.0,11.01,148.65,Mobile Wallet,,,2024-08-31 21:36:41
461,REQ00000461,279,49.0,54.0,2,8.0,9,2024-04-30 18:48:41,2024-04-30 18:52:08,2024-04-30 18:54:11,2024-04-30 19:35:17,Completed,12.19,41.1,70.0,1.5,12.0,0.0,0.0,41.65,562.23,Mobile Wallet,,,2024-04-30 19:35:17
462,REQ00000462,357,31.0,35.0,7,31.0,35,2024-03-18 04:27:08,2024-03-18 04:30:40,2024-03-18 04:44:41,2024-03-18 04:48:29,Completed,2.0,3.8,100.0,1.2,15.0,0.0,0.0,15.79,213.19,Mobile Wallet,,,2024-03-18 04:48:29
463,REQ00000463,422,28.0,31.0,8,36.0,37,2024-08-22 19:55:04,2024-08-22 19:59:23,2024-08-22 20:03:57,2024-08-22 20:15:21,Completed,6.24,11.4,70.0,1.5,12.0,50.0,0.0,29.81,402.41,Cash,,,2024-08-22 20:15:21
464,REQ00000464,3,33.0,37.0,1,1.0,3,2025-05-12 08:19:49,2025-05-12 08:24:14,,,Driver_Cancelled,,,,1.5,,,,,,,Traffic,Driver,2025-05-12 08:24:14
465,REQ00000465,371,10.0,12.0,3,12.0,14,2024-09-06 13:01:40,2024-09-06 13:05:12,2024-09-06 13:17:22,2024-09-06 13:27:40,Completed,2.39,10.3,100.0,1.2,15.0,0.0,0.0,18.1,244.36,Cash,,,2024-09-06 13:27:40
466,REQ00000466,122,6.0,6.0,5,21.0,24,2025-10-13 06:23:19,2025-10-13 06:27:35,2025-10-13 06:33:40,2025-10-13 06:40:58,Completed,4.77,7.3,150.0,1.2,25.0,0.0,0.0,33.34,450.1,Credit Card,,,2025-10-13 06:40:58
467,REQ00000467,3,98.0,108.0,1,5.0,4,2024-08-11 14:46:39,2024-08-11 14:47:29,2024-08-11 14:55:26,2024-08-11 15:23:20,Completed,8.95,27.9,100.0,1.5,15.0,0.0,20.74,43.65,568.53,Mobile Wallet,,,2024-08-11 15:23:20
468,REQ00000468,33,57.0,63.0,8,37.0,39,2025-10-28 09:08:45,2025-10-28 09:09:15,2025-10-28 09:11:43,2025-10-28 09:14:43,Completed,1.14,3.0,30.0,1.5,5.0,0.0,0.0,5.65,76.33,Mobile Wallet,,,2025-10-28 09:14:43
469,REQ00000469,287,28.0,31.0,8,39.0,37,2024-10-19 06:47:16,2024-10-19 06:51:48,,,Driver_Cancelled,,,,1.2,,,,,,,Too Far,Driver,2024-10-19 06:51:48
470,REQ00000470,106,75.0,82.0,4,17.0,20,2024-07-20 14:35:08,2024-07-20 14:37:26,2024-07-20 14:41:05,2024-07-20 14:46:05,Completed,3.87,5.0,30.0,1.2,5.0,0.0,0.0,6.81,91.96,Debit Card,,,2024-07-20 14:46:05
471,REQ00000471,397,42.0,47.0,2,10.0,6,2025-05-14 20:23:15,2025-05-14 20:28:04,2025-05-14 20:39:45,2025-05-14 20:42:45,Completed,2.01,3.0,150.0,1.5,25.0,50.0,0.0,35.68,481.63,Cash,,,2025-05-14 20:42:45
472,REQ00000472,333,83.0,92.0,6,29.0,28,2025-10-20 23:46:46,2025-10-20 23:51:40,2025-10-20 23:54:27,2025-10-21 00:17:27,Completed,15.09,23.0,100.0,1.0,15.0,0.0,0.0,37.94,512.24,Credit Card,,,2025-10-21 00:17:27
473,REQ00000473,382,43.0,48.0,4,16.0,20,2024-12-08 05:43:09,2024-12-08 05:45:02,2024-12-08 05:55:12,2024-12-08 06:06:06,Completed,6.64,10.9,150.0,1.2,25.0,0.0,0.0,40.11,541.47,Cash,,,2024-12-08 06:06:06
474,REQ00000474,236,15.0,18.0,2,8.0,9,2025-01-08 11:44:51,2025-01-08 11:49:42,,,Driver_Cancelled,,,,1.0,,,,,,,Vehicle Issue,Driver,2025-01-08 11:49:42
475,REQ00000475,287,40.0,45.0,8,36.0,37,2024-05-12 15:14:59,2024-05-12 15:19:11,2024-05-12 15:30:40,2024-05-12 15:38:28,Completed,1.96,7.8,120.0,1.2,18.0,0.0,0.0,19.63,265.05,Debit Card,,,2024-05-12 15:38:28
476,REQ00000476,209,96.0,106.0,1,3.0,1,2024-08-08 06:55:00,2024-08-08 06:58:35,2024-08-08 07:04:07,2024-08-08 08:06:01,Completed,26.08,61.9,30.0,1.2,5.0,0.0,0.0,29.33,395.98,Cash,,,2024-08-08 08:06:01
477,REQ00000477,205,46.0,51.0,1,3.0,5,2024-11-26 06:46:12,2024-11-26 06:47:53,,,Driver_Cancelled,,,,1.5,,,,,,,Vehicle Issue,Driver,2024-11-26 06:47:53
478,REQ00000478,367,89.0,99.0,3,11.0,14,2024-07-11 06:15:31,2024-07-11 06:18:17,,,Rider_Cancelled,,,,1.0,,,,,,,High Fare,Rider,2024-07-11 06:18:17
479,REQ00000479,106,38.0,43.0,4,20.0,18,2024-01-31 13:08:21,2024-01-31 13:12:18,2024-01-31 13:22:25,2024-01-31 14:44:31,Completed,24.58,82.1,70.0,1.0,12.0,0.0,0.0,49.19,664.09,Mobile Wallet,,,2024-01-31 14:44:31
480,REQ00000480,496,54.0,60.0,2,6.0,8,2025-02-06 14:39:08,2025-02-06 14:44:07,2025-02-06 14:54:48,2025-02-06 16:14:54,Completed,26.9,80.1,50.0,1.0,10.0,0.0,0.0,40.24,543.19,Cash,,,2025-02-06 16:14:54
481,REQ00000481,398,,,1,5.0,2,2024-05-21 12:49:19,,,,Requested,,,,1.2,,,,,,,,,2024-05-21 12:49:19
482,REQ00000482,456,5.0,5.0,7,34.0,35,2024-07-30 06:21:40,2024-07-30 06:26:00,,,Rider_Cancelled,,,,1.0,,,,,,,Other,Rider,2024-07-30 06:26:00
483,REQ00000483,483,38.0,43.0,4,18.0,17,2024-09-10 07:30:30,2024-09-10 07:31:31,2024-09-10 07:45:36,2024-09-10 08:06:30,Completed,9.84,20.9,70.0,1.5,12.0,0.0,0.0,32.57,439.67,Credit Card,,,2024-09-10 08:06:30
484,REQ00000484,2,48.0,53.0,10,49.0,47,2025-06-09 16:00:34,2025-06-09 16:00:52,2025-06-09 16:11:39,2025-06-09 16:28:27,Completed,5.02,16.8,50.0,1.0,10.0,0.0,0.0,11.64,157.08,Cash,,,2025-06-09 16:28:27
485,REQ00000485,364,42.0,47.0,2,7.0,8,2024-03-23 00:37:03,2024-03-23 00:41:13,,,Rider_Cancelled,,,,1.5,,,,,,,Changed Mind,Rider,2024-03-23 00:41:13
486,REQ00000486,298,5.0,5.0,7,31.0,33,2025-06-03 15:42:29,2025-06-03 15:43:14,2025-06-03 15:58:12,2025-06-03 16:41:00,Completed,21.13,42.8,30.0,1.2,5.0,0.0,28.36,23.7,291.55,Mobile Wallet,,,2025-06-03 16:41:00
487,REQ00000487,348,96.0,106.0,1,3.0,4,2024-07-27 21:02:17,2024-07-27 21:02:57,2024-07-27 21:16:15,2024-07-27 22:05:45,Completed,19.91,49.5,30.0,1.2,5.0,0.0,0.0,23.4,315.94,Debit Card,,,2024-07-27 22:05:45
488,REQ00000488,311,55.0,61.0,2,8.0,9,2025-01-25 22:04:01,2025-01-25 22:08:19,,,Rider_Cancelled,,,,1.2,,,,,,,Long ETA,Rider,2025-01-25 22:08:19
489,REQ00000489,449,31.0,35.0,7,31.0,32,2024-12-09 07:28:26,2024-12-09 07:30:51,2024-12-09 07:45:10,2024-12-09 09:39:46,Completed,45.0,114.6,100.0,1.5,15.0,0.0,0.0,156.18,2108.43,Cash,,,2024-12-09 09:39:46
490,REQ00000490,3,33.0,37.0,1,4.0,3,2025-01-06 20:09:11,2025-01-06 20:11:37,2025-01-06 20:20:53,2025-01-06 21:27:59,Completed,30.44,67.1,50.0,1.5,10.0,0.0,0.0,63.11,852.01,Bank Transfer,,,2025-01-06 21:27:59
491,REQ00000491,78,45.0,50.0,3,12.0,13,2025-02-01 23:31:27,2025-02-01 23:36:13,2025-02-01 23:44:21,2025-02-02 00:28:39,Completed,19.43,44.3,70.0,1.2,12.0,0.0,0.0,44.36,598.82,Debit Card,,,2025-02-02 00:28:39
492,REQ00000492,423,56.0,62.0,8,36.0,37,2025-11-03 12:53:24,2025-11-03 12:57:25,,,Rider_Cancelled,,,,1.5,,,,,,,Other,Rider,2025-11-03 12:57:25
493,REQ00000493,361,13.0,16.0,6,30.0,29,2025-10-08 21:32:16,2025-10-08 21:32:53,,,Rider_Cancelled,,,,1.2,,,,,,,Other,Rider,2025-10-08 21:32:53
494,REQ00000494,72,,,7,33.0,34,2025-09-03 05:36:34,,,,Requested,,,,1.2,,,,,,,,,2025-09-03 05:36:34
495,REQ00000495,262,9.0,11.0,1,5.0,4,2024-11-28 14:01:30,2024-11-28 14:04:31,2024-11-28 14:12:50,2024-11-28 14:25:26,Completed,3.89,12.6,70.0,1.2,12.0,0.0,0.0,15.89,214.55,Mobile Wallet,,,2024-11-28 14:25:26
496,REQ00000496,106,75.0,82.0,4,16.0,18,2024-10-18 10:01:07,2024-10-18 10:05:38,2024-10-18 10:10:46,2024-10-18 11:08:16,Completed,21.99,57.5,30.0,1.0,5.0,0.0,0.0,21.47,289.89,Cash,,,2024-10-18 11:08:16
497,REQ00000497,444,62.0,68.0,6,29.0,28,2024-06-02 21:40:33,2024-06-02 21:41:41,2024-06-02 21:51:30,2024-06-02 22:37:36,Completed,26.0,46.1,50.0,1.2,10.0,20.0,0.0,44.27,597.65,Cash,,,2024-06-02 22:37:36
498,REQ00000498,302,68.0,75.0,8,40.0,38,2025-03-24 21:57:34,2025-03-24 21:59:42,2025-03-24 22:13:24,2025-03-24 23:24:36,Completed,28.62,71.2,150.0,1.2,25.0,0.0,0.0,126.57,1708.65,Cash,,,2025-03-24 23:24:36
499,REQ00000499,284,28.0,31.0,8,40.0,37,2025-12-20 14:24:45,2025-12-20 14:27:32,2025-12-20 14:37:07,2025-12-20 14:44:31,Completed,5.34,7.4,70.0,1.2,12.0,0.0,0.0,16.98,229.26,Debit Card,,,2025-12-20 14:44:31
500,REQ00000500,242,55.0,61.0,2,7.0,8,2025-05-31 10:17:25,2025-05-31 10:19:10,,,Rider_Cancelled,,,,1.2,,,,,,,Long ETA,Rider,2025-05-31 10:19:10
501,REQ00000501,295,82.0,91.0,10,49.0,47,2025-03-22 16:47:27,2025-03-22 16:52:05,2025-03-22 17:03:45,2025-03-22 17:07:21,Completed,2.26,3.6,50.0,1.2,10.0,0.0,11.57,8.88,108.33,Mobile Wallet,,,2025-03-22 17:07:21
502,REQ00000502,86,33.0,37.0,1,4.0,5,2024-02-01 15:25:05,2024-02-01 15:27:58,2024-02-01 15:42:33,2024-02-01 15:54:45,Completed,7.14,12.2,50.0,1.0,10.0,0.0,0.0,13.12,177.1,Mobile Wallet,,,2024-02-01 15:54:45
503,REQ00000503,307,93.0,103.0,5,25.0,24,2024-04-21 12:47:11,2024-04-21 12:48:33,2024-04-21 12:54:28,2024-04-21 13:03:46,Completed,5.04,9.3,50.0,1.2,10.0,20.0,0.0,14.83,200.15,Cash,,,2024-04-21 13:03:46
504,REQ00000504,319,55.0,61.0,2,8.0,6,2025-05-25 04:00:39,2025-05-25 04:03:03,2025-05-25 04:13:45,2025-05-25 04:38:51,Completed,12.51,25.1,50.0,1.2,10.0,0.0,0.0,23.79,321.11,Cash,,,2025-05-25 04:38:51
505,REQ00000505,500,54.0,60.0,2,9.0,6,2025-08-21 14:57:33,2025-08-21 15:01:56,2025-08-21 15:04:00,2025-08-21 15:18:48,Completed,9.2,14.8,50.0,1.0,10.0,0.0,0.0,15.41,208.01,Mobile Wallet,,,2025-08-21 15:18:48
506,REQ00000506,425,90.0,100.0,2,6.0,10,2024-10-10 17:28:11,2024-10-10 17:29:22,,,Rider_Cancelled,,,,1.5,,,,,,,Driver Delayed,Rider,2024-10-10 17:29:22
507,REQ00000507,353,49.0,54.0,2,6.0,9,2024-03-16 23:06:18,2024-03-16 23:11:12,2024-03-16 23:25:10,2024-03-16 23:36:52,Completed,1.67,11.7,70.0,1.2,12.0,0.0,0.0,12.52,169.06,Cash,,,2024-03-16 23:36:52
508,REQ00000508,479,49.0,54.0,2,6.0,10,2024-08-31 02:53:07,2024-08-31 02:55:10,2024-08-31 03:05:20,2024-08-31 03:16:14,Completed,4.76,10.9,70.0,1.5,12.0,0.0,0.0,21.02,283.82,Cash,,,2024-08-31 03:16:14
509,REQ00000509,129,87.0,97.0,1,5.0,2,2024-04-16 14:58:38,2024-04-16 15:02:29,2024-04-16 15:07:06,2024-04-16 15:16:12,Completed,4.64,9.1,120.0,1.2,18.0,0.0,0.0,25.67,346.53,Cash,,,2024-04-16 15:16:12
510,REQ00000510,430,70.0,77.0,9,44.0,43,2024-12-29 14:52:58,2024-12-29 14:57:53,2024-12-29 15:04:19,2024-12-29 15:50:19,Completed,21.93,46.0,120.0,1.2,18.0,0.0,0.0,72.81,982.96,Cash,,,2024-12-29 15:50:19
511,REQ00000511,241,11.0,13.0,3,14.0,15,2025-03-17 16:56:26,2025-03-17 17:00:00,,,Driver_Cancelled,,,,1.2,,,,,,,Low Fare,Driver,2025-03-17 17:00:00
512,REQ00000512,333,62.0,68.0,6,28.0,27,2024-03-11 03:34:08,2024-03-11 03:36:53,2024-03-11 03:47:39,2024-03-11 04:42:45,Completed,22.26,55.1,50.0,1.2,10.0,0.0,0.0,39.34,531.06,Cash,,,2024-03-11 04:42:45
513,REQ00000513,3,96.0,106.0,1,4.0,2,2025-05-20 01:40:23,2025-05-20 01:44:46,2025-05-20 01:47:12,2025-05-20 02:00:06,Completed,4.76,12.9,30.0,1.2,5.0,0.0,0.0,8.25,111.43,Cash,,,2025-05-20 02:00:06
514,REQ00000514,331,,,7,33.0,35,2025-04-24 23:55:58,,,,No_Driver_Available,,,,1.2,,,,,,,,,2025-04-24 23:55:58
515,REQ00000515,103,60.0,66.0,5,22.0,23,2024-04-18 04:23:50,2024-04-18 04:26:42,2024-04-18 04:30:47,2024-04-18 05:21:35,Completed,24.98,50.8,70.0,1.2,12.0,100.0,18.49,63.2,834.67,Cash,,,2024-04-18 05:21:35
516,REQ00000516,193,16.0,19.0,3,12.0,15,2024-08-21 16:10:23,2024-08-21 16:14:58,2024-08-21 16:20:21,2024-08-21 16:27:27,Completed,2.16,7.1,150.0,1.2,25.0,0.0,0.0,25.75,347.59,Credit Card,,,2024-08-21 16:27:27
517,REQ00000517,202,98.0,108.0,1,1.0,5,2024-05-12 00:50:16,2024-05-12 00:53:10,2024-05-12 00:59:06,2024-05-12 01:18:36,Completed,8.11,19.5,100.0,1.5,15.0,0.0,0.0,39.11,528.03,Mobile Wallet,,,2024-05-12 01:18:36
518,REQ00000518,394,,,1,4.0,3,2024-11-02 19:53:36,,,,No_Driver_Available,,,,1.5,,,,,,,,,2024-11-02 19:53:36
519,REQ00000519,241,,,3,11.0,13,2025-07-21 06:24:13,,,,No_Driver_Available,,,,1.0,,,,,,,,,2025-07-21 06:24:13
520,REQ00000520,499,22.0,25.0,3,14.0,12,2024-02-07 22:39:34,2024-02-07 22:44:31,2024-02-07 22:50:29,2024-02-07 23:14:41,Completed,11.87,24.2,50.0,1.0,10.0,20.0,0.0,20.7,279.44,Cash,,,2024-02-07 23:14:41
521,REQ00000521,383,90.0,100.0,2,10.0,8,2024-07-05 00:37:23,2024-07-05 00:39:10,,,Rider_Cancelled,,,,1.2,,,,,,,Driver Delayed,Rider,2024-07-05 00:39:10
522,REQ00000522,369,4.0,4.0,1,2.0,3,2025-07-04 12:30:40,2025-07-04 12:30:56,,,Rider_Cancelled,,,,1.0,,,,,,,High Fare,Rider,2025-07-04 12:30:56
523,REQ00000523,289,,,2,9.0,6,2025-08-01 20:02:58,,,,No_Driver_Available,,,,1.5,,,,,,,,,2025-08-01 20:02:58
524,REQ00000524,106,65.0,71.0,4,20.0,19,2025-03-26 09:22:03,2025-03-26 09:22:30,,,Driver_Cancelled,,,,1.5,,,,,,,Vehicle Issue,Driver,2025-03-26 09:22:30
525,REQ00000525,2,80.0,88.0,10,50.0,49,2025-02-23 09:24:47,2025-02-23 09:28:41,2025-02-23 09:30:05,2025-02-23 09:35:35,Completed,6.36,5.5,150.0,1.5,25.0,0.0,0.0,46.54,628.24,Mobile Wallet,,,2025-02-23 09:35:35
526,REQ00000526,241,10.0,12.0,3,15.0,11,2025-08-03 02:41:23,2025-08-03 02:43:49,,,Driver_Cancelled,,,,1.5,,,,,,,Traffic,Driver,2025-08-03 02:43:49
527,REQ00000527,83,57.0,63.0,8,37.0,39,2024-12-14 13:55:15,2024-12-14 13:57:52,2024-12-14 14:08:32,2024-12-14 14:13:44,Completed,2.31,5.2,30.0,1.2,5.0,0.0,0.0,5.63,76.05,Mobile Wallet,,,2024-12-14 14:13:44
528,REQ00000528,34,49.0,54.0,2,9.0,10,2025-03-28 17:00:58,2025-03-28 17:03:46,2025-03-28 17:07:47,2025-03-28 17:32:59,Completed,6.4,25.2,70.0,1.5,12.0,0.0,0.0,27.41,370.01,Debit Card,,,2025-03-28 17:32:59
529,REQ00000529,39,22.0,25.0,3,14.0,15,2025-06-06 14:14:47,2025-06-06 14:19:02,2025-06-06 14:23:02,2025-06-06 14:40:26,Completed,4.48,17.4,50.0,1.0,10.0,0.0,0.0,11.19,151.05,Mobile Wallet,,,2025-06-06 14:40:26
530,REQ00000530,35,98.0,108.0,1,1.0,2,2024-10-23 23:56:33,2024-10-23 23:58:20,2024-10-24 00:11:17,2024-10-24 00:22:23,Completed,2.37,11.1,100.0,1.0,15.0,0.0,0.0,15.21,205.36,Credit Card,,,2024-10-24 00:22:23
531,REQ00000531,204,90.0,100.0,2,10.0,8,2025-01-04 22:51:10,2025-01-04 22:53:30,2025-01-04 22:54:39,2025-01-05 00:07:09,Completed,25.71,72.5,50.0,1.2,10.0,0.0,0.0,45.82,618.54,Credit Card,,,2025-01-05 00:07:09
532,REQ00000532,424,25.0,28.0,5,22.0,24,2024-05-18 07:36:51,2024-05-18 07:39:04,2024-05-18 07:50:40,2024-05-18 08:05:22,Completed,3.22,14.7,30.0,1.5,5.0,0.0,0.0,9.06,122.25,Credit Card,,,2024-05-18 08:05:22
533,REQ00000533,155,5.0,5.0,7,34.0,33,2024-07-06 03:42:15,2024-07-06 03:46:57,,,Rider_Cancelled,,,,1.2,,,,,,,Long ETA,Rider,2024-07-06 03:46:57
534,REQ00000534,228,55.0,61.0,2,8.0,6,2025-05-11 13:20:49,2025-05-11 13:23:57,2025-05-11 13:34:53,2025-05-11 15:11:17,Completed,34.44,96.4,50.0,1.2,10.0,0.0,0.0,59.32,800.78,Debit Card,,,2025-05-11 15:11:17
535,REQ00000535,241,45.0,50.0,3,13.0,14,2025-07-17 08:18:41,2025-07-17 08:20:40,,,Rider_Cancelled,,,,1.5,,,,,,,Changed Mind,Rider,2025-07-17 08:20:40
536,REQ00000536,200,5.0,5.0,7,34.0,32,2025-06-23 08:27:26,2025-06-23 08:28:39,2025-06-23 08:37:42,2025-06-23 08:51:36,Completed,4.01,13.9,30.0,1.5,5.0,0.0,0.0,9.72,131.19,Cash,,,2025-06-23 08:51:36
537,REQ00000537,233,42.0,47.0,2,9.0,7,2024-07-20 09:52:52,2024-07-20 09:56:46,,,Rider_Cancelled,,,,1.5,,,,,,,High Fare,Rider,2024-07-20 09:56:46
538,REQ00000538,145,,,2,10.0,6,2025-06-22 15:53:27,,,,No_Driver_Available,,,,1.2,,,,,,,,,2025-06-22 15:53:27
539,REQ00000539,331,58.0,64.0,7,34.0,31,2025-05-27 16:34:34,2025-05-27 16:37:26,2025-05-27 16:42:57,2025-05-27 16:56:27,Completed,5.39,13.5,70.0,1.0,12.0,0.0,0.0,15.19,205.04,Cash,,,2025-05-27 16:56:27
540,REQ00000540,138,14.0,17.0,10,46.0,48,2024-05-04 15:58:03,2024-05-04 16:01:06,2024-05-04 16:06:39,2024-05-04 16:50:03,Completed,23.06,43.4,30.0,1.2,5.0,0.0,46.01,25.24,294.69,Credit Card,,,2024-05-04 16:50:03
541,REQ00000541,157,20.0,23.0,3,14.0,11,2024-05-12 21:10:35,2024-05-12 21:13:33,2024-05-12 21:26:56,2024-05-12 21:29:56,Completed,2.82,3.0,70.0,1.2,12.0,0.0,0.0,12.51,168.87,Cash,,,2024-05-12 21:29:56
542,REQ00000542,471,42.0,47.0,2,7.0,6,2024-07-31 23:23:27,2024-07-31 23:27:16,2024-07-31 23:41:09,2024-07-31 23:47:03,Completed,4.02,5.9,150.0,1.2,25.0,0.0,0.0,30.64,413.68,Mobile Wallet,,,2024-07-31 23:47:03
543,REQ00000543,120,10.0,12.0,3,13.0,15,2025-04-24 21:27:27,2025-04-24 21:30:10,2025-04-24 21:35:29,2025-04-24 22:10:05,Completed,14.29,34.6,100.0,1.0,15.0,0.0,0.0,38.98,526.28,Cash,,,2025-04-24 22:10:05
544,REQ00000544,218,74.0,81.0,9,42.0,45,2025-04-19 10:27:59,2025-04-19 10:32:19,2025-04-19 10:46:08,2025-04-19 10:54:14,Completed,6.76,8.1,70.0,1.2,12.0,0.0,0.0,19.16,258.68,Cash,,,2025-04-19 10:54:14
545,REQ00000545,175,11.0,13.0,3,15.0,14,2024-10-23 22:50:22,2024-10-23 22:51:02,2024-10-23 23:03:12,2024-10-24 00:01:18,Completed,22.44,58.1,100.0,1.2,15.0,0.0,0.0,68.07,918.93,Debit Card,,,2024-10-24 00:01:18
546,REQ00000546,56,59.0,65.0,5,24.0,22,2024-07-30 04:42:04,2024-07-30 04:43:30,2024-07-30 04:44:53,2024-07-30 05:05:47,Completed,5.83,20.9,70.0,1.2,12.0,0.0,0.0,20.28,273.78,Mobile Wallet,,,2024-07-30 05:05:47
547,REQ00000547,242,15.0,18.0,2,10.0,8,2025-03-12 11:30:17,2025-03-12 11:34:06,,,Rider_Cancelled,,,,1.0,,,,,,,Long ETA,Rider,2025-03-12 11:34:06
548,REQ00000548,97,81.0,89.0,5,22.0,24,2025-06-16 17:37:22,2025-06-16 17:38:27,2025-06-16 17:48:37,2025-06-16 17:54:31,Completed,1.85,5.9,100.0,1.5,15.0,0.0,0.0,20.01,270.13,Mobile Wallet,,,2025-06-16 17:54:31
549,REQ00000549,16,9.0,11.0,1,5.0,2,2025-10-01 00:46:49,2025-10-01 00:47:58,,,Driver_Cancelled,,,,1.5,,,,,,,Personal Reason,Driver,2025-10-01 00:47:58
550,REQ00000550,327,69.0,76.0,9,42.0,45,2025-09-04 22:40:19,2025-09-04 22:41:13,,,Rider_Cancelled,,,,1.0,,,,,,,Long ETA,Rider,2025-09-04 22:41:13
551,REQ00000551,66,43.0,48.0,4,18.0,20,2025-04-15 08:28:06,2025-04-15 08:30:47,2025-04-15 08:44:48,2025-04-15 09:23:00,Completed,14.01,38.2,150.0,2.0,25.0,0.0,0.0,119.7,1615.9,Cash,,,2025-04-15 09:23:00
552,REQ00000552,75,96.0,106.0,1,2.0,5,2025-11-12 14:47:01,2025-11-12 14:50:59,2025-11-12 14:54:51,2025-11-12 15:06:39,Completed,4.67,11.8,30.0,1.0,5.0,0.0,0.0,6.73,90.89,Cash,,,2025-11-12 15:06:39
553,REQ00000553,63,15.0,18.0,2,8.0,9,2024-01-18 19:07:05,2024-01-18 19:11:07,2024-01-18 19:22:17,2024-01-18 19:45:29,Completed,10.82,23.2,30.0,1.5,5.0,20.0,0.0,19.77,266.91,Mobile Wallet,,,2024-01-18 19:45:29
554,REQ00000554,410,33.0,37.0,1,2.0,1,2024-07-21 23:44:04,2024-07-21 23:45:36,2024-07-21 23:48:34,2024-07-22 00:54:28,Completed,25.9,65.9,50.0,1.2,10.0,0.0,0.0,45.09,608.67,Cash,,,2024-07-22 00:54:28
555,REQ00000555,160,78.0,86.0,4,19.0,18,2024-01-17 05:21:11,2024-01-17 05:21:26,2024-01-17 05:29:29,2024-01-17 06:50:35,Completed,30.63,81.1,50.0,1.0,10.0,0.0,0.0,43.94,593.15,Cash,,,2024-01-17 06:50:35
556,REQ00000556,30,46.0,51.0,1,5.0,1,2025-03-22 04:59:34,2025-03-22 05:00:32,2025-03-22 05:15:25,2025-03-22 05:27:07,Completed,5.65,11.7,50.0,1.5,10.0,0.0,0.0,17.44,235.47,Debit Card,,,2025-03-22 05:27:07
557,REQ00000557,138,48.0,53.0,10,49.0,48,2024-06-06 17:34:02,2024-06-06 17:35:20,2024-06-06 17:49:09,2024-06-06 18:34:09,Completed,16.12,45.0,50.0,1.5,10.0,50.0,0.0,44.51,600.92,Cash,,,2024-06-06 18:34:09
558,REQ00000558,237,80.0,88.0,10,49.0,50,2025-03-02 14:26:35,2025-03-02 14:27:07,2025-03-02 14:36:28,2025-03-02 14:52:04,Completed,5.43,15.6,150.0,1.2,25.0,0.0,53.79,38.43,465.0,Mobile Wallet,,,2025-03-02 14:52:04
559,REQ00000559,201,98.0,108.0,1,2.0,4,2024-04-08 10:42:23,2024-04-08 10:45:50,2024-04-08 10:52:46,2024-04-08 11:01:34,Completed,3.98,8.8,100.0,1.0,15.0,0.0,0.0,17.33,233.93,Credit Card,,,2024-04-08 11:01:34
560,REQ00000560,386,16.0,19.0,3,12.0,13,2025-12-01 00:09:07,2025-12-01 00:12:16,2025-12-01 00:18:51,2025-12-01 01:07:57,Completed,20.23,49.1,150.0,1.2,25.0,0.0,0.0,93.92,1267.88,Cash,,,2025-12-01 01:07:57
561,REQ00000561,221,38.0,43.0,4,20.0,19,2025-03-13 22:16:55,2025-03-13 22:18:07,2025-03-13 22:22:32,2025-03-13 22:50:38,Completed,6.78,28.1,70.0,1.0,12.0,0.0,22.7,19.19,236.39,Debit Card,,,2025-03-13 22:50:38
562,REQ00000562,492,,,9,41.0,43,2024-12-08 06:42:23,,,,No_Driver_Available,,,,1.2,,,,,,,,,2024-12-08 06:42:23
563,REQ00000563,298,5.0,5.0,7,34.0,35,2024-09-10 00:18:27,2024-09-10 00:21:03,2024-09-10 00:25:27,2024-09-10 00:31:39,Completed,3.16,6.2,30.0,1.2,5.0,0.0,0.0,6.38,86.16,Mobile Wallet,,,2024-09-10 00:31:39
564,REQ00000564,383,12.0,14.0,2,9.0,10,2024-04-12 00:06:47,2024-04-12 00:11:31,2024-04-12 00:15:55,2024-04-12 00:29:07,Completed,5.3,13.2,50.0,1.2,10.0,0.0,0.0,13.77,185.85,Bank Transfer,,,2024-04-12 00:29:07
565,REQ00000565,235,14.0,17.0,10,46.0,49,2024-11-23 00:12:53,2024-11-23 00:17:27,,,Rider_Cancelled,,,,1.5,,,,,,,Driver Delayed,Rider,2024-11-23 00:17:27
566,REQ00000566,27,67.0,74.0,8,39.0,36,2025-01-23 14:55:34,2025-01-23 14:55:50,2025-01-23 15:06:53,2025-01-23 15:14:47,Completed,1.77,7.9,50.0,1.0,10.0,0.0,0.0,7.45,100.54,Cash,,,2025-01-23 15:14:47
567,REQ00000567,413,70.0,77.0,9,43.0,41,2025-11-23 12:58:41,2025-11-23 13:01:30,2025-11-23 13:14:01,2025-11-23 13:41:43,Completed,13.36,27.7,120.0,1.2,18.0,0.0,28.03,49.44,639.43,Debit Card,,,2025-11-23 13:41:43
568,REQ00000568,57,55.0,61.0,2,7.0,6,2024-08-06 04:30:22,2024-08-06 04:31:29,2024-08-06 04:44:19,2024-08-06 04:52:37,Completed,3.92,8.3,50.0,1.2,10.0,0.0,0.0,11.47,154.86,Mobile Wallet,,,2024-08-06 04:52:37
569,REQ00000569,403,12.0,14.0,2,8.0,10,2025-05-28 22:47:57,2025-05-28 22:51:11,,,Rider_Cancelled,,,,1.0,,,,,,,Changed Mind,Rider,2025-05-28 22:51:11
570,REQ00000570,118,8.0,9.0,8,36.0,39,2025-12-26 10:54:19,2025-12-26 10:59:00,2025-12-26 11:04:56,2025-12-26 11:21:26,Completed,11.41,16.5,70.0,1.2,12.0,20.0,0.0,29.39,396.77,Cash,,,2025-12-26 11:21:26
571,REQ00000571,370,94.0,104.0,6,29.0,27,2024-06-21 17:41:16,2024-06-21 17:46:13,2024-06-21 17:59:24,2024-06-21 18:45:18,Completed,14.13,45.9,50.0,1.5,10.0,0.0,32.93,35.81,450.49,Cash,,,2024-06-21 18:45:18
572,REQ00000572,260,54.0,60.0,2,8.0,9,2025-10-22 15:19:56,2025-10-22 15:22:02,2025-10-22 15:26:03,2025-10-22 16:34:39,Completed,33.28,68.6,50.0,1.0,10.0,0.0,0.0,44.98,607.24,Debit Card,,,2025-10-22 16:34:39
573,REQ00000573,264,20.0,23.0,3,11.0,14,2025-07-07 02:13:15,2025-07-07 02:17:50,2025-07-07 02:21:43,2025-07-07 02:36:31,Completed,9.15,14.8,70.0,1.2,12.0,0.0,26.97,23.89,295.54,Bank Transfer,,,2025-07-07 02:36:31
574,REQ00000574,118,57.0,63.0,8,37.0,38,2025-10-05 14:39:42,2025-10-05 14:41:52,2025-10-05 14:43:51,2025-10-05 15:23:51,Completed,20.55,40.0,30.0,1.2,5.0,20.0,0.0,24.9,336.18,Cash,,,2025-10-05 15:23:51
575,REQ00000575,216,29.0,32.0,1,1.0,3,2025-12-22 20:38:01,2025-12-22 20:42:46,,,Driver_Cancelled,,,,1.5,,,,,,,Vehicle Issue,Driver,2025-12-22 20:42:46
576,REQ00000576,274,15.0,18.0,2,8.0,7,2024-08-15 08:48:40,2024-08-15 08:53:32,2024-08-15 08:57:11,2024-08-15 10:11:47,Completed,34.11,74.6,30.0,2.5,5.0,0.0,0.0,76.5,1032.7,Cash,,,2024-08-15 10:11:47
577,REQ00000577,326,87.0,97.0,1,5.0,3,2025-10-15 08:12:10,2025-10-15 08:13:23,2025-10-15 08:26:51,2025-10-15 08:59:27,Completed,12.09,32.6,120.0,1.5,18.0,0.0,53.02,60.21,759.86,Mobile Wallet,,,2025-10-15 08:59:27
578,REQ00000578,17,6.0,6.0,5,21.0,25,2024-01-17 07:34:06,2024-01-17 07:37:09,,,Rider_Cancelled,,,,2.0,,,,,,,High Fare,Rider,2024-01-17 07:37:09
579,REQ00000579,223,98.0,108.0,1,2.0,3,2024-11-29 13:19:28,2024-11-29 13:20:15,2024-11-29 13:21:33,2024-11-29 13:47:45,Completed,9.12,26.2,100.0,1.0,15.0,0.0,20.94,29.03,370.99,Cash,,,2024-11-29 13:47:45
580,REQ00000580,301,74.0,81.0,9,45.0,44,2024-07-16 01:47:19,2024-07-16 01:48:25,,,Rider_Cancelled,,,,1.2,,,,,,,Driver Delayed,Rider,2024-07-16 01:48:25
581,REQ00000581,210,,,3,13.0,11,2025-03-19 13:46:51,,,,No_Driver_Available,,,,1.0,,,,,,,,,2025-03-19 13:46:51
582,REQ00000582,204,15.0,18.0,2,6.0,7,2024-08-08 06:40:58,2024-08-08 06:43:38,2024-08-08 06:49:47,2024-08-08 06:58:29,Completed,3.96,8.7,30.0,1.0,5.0,0.0,0.0,6.03,81.41,Cash,,,2024-08-08 06:58:29
583,REQ00000583,215,,,2,10.0,9,2024-06-30 08:57:44,,,,Requested,,,,1.5,,,,,,,,,2024-06-30 08:57:44
584,REQ00000584,379,12.0,14.0,2,10.0,6,2024-03-13 10:14:01,2024-03-13 10:18:34,2024-03-13 10:22:31,2024-03-13 10:28:25,Completed,1.68,5.9,50.0,1.0,10.0,0.0,0.0,7.12,96.13,Debit Card,,,2024-03-13 10:28:25
585,REQ00000585,140,43.0,48.0,4,19.0,17,2025-11-01 08:16:36,2025-11-01 08:19:42,2025-11-01 08:26:05,2025-11-01 08:37:23,Completed,6.22,11.3,150.0,1.5,25.0,0.0,0.0,48.82,659.02,Bank Transfer,,,2025-11-01 08:37:23
586,REQ00000586,218,74.0,81.0,9,45.0,42,2025-01-01 13:07:51,2025-01-01 13:08:39,2025-01-01 13:11:39,2025-01-01 13:29:39,Completed,7.25,18.0,70.0,1.0,12.0,0.0,0.0,18.14,244.89,Cash,,,2025-01-01 13:29:39
587,REQ00000587,190,12.0,14.0,2,9.0,7,2025-01-25 19:08:05,2025-01-25 19:12:06,2025-01-25 19:13:38,2025-01-25 19:32:08,Completed,6.86,18.5,50.0,1.5,10.0,0.0,0.0,20.41,275.51,Cash,,,2025-01-25 19:32:08
588,REQ00000588,323,21.0,24.0,5,23.0,25,2025-06-16 18:47:55,2025-06-16 18:50:58,2025-06-16 18:56:51,2025-06-16 19:44:39,Completed,28.41,47.8,30.0,1.5,5.0,0.0,0.0,37.21,502.33,Cash,,,2025-06-16 19:44:39
589,REQ00000589,253,90.0,100.0,2,9.0,6,2025-12-26 02:39:43,2025-12-26 02:41:52,,,Rider_Cancelled,,,,1.2,,,,,,,Changed Mind,Rider,2025-12-26 02:41:52
590,REQ00000590,48,10.0,12.0,3,13.0,15,2025-05-31 18:50:16,2025-05-31 18:51:12,2025-05-31 18:54:04,2025-05-31 20:13:58,Completed,29.11,79.9,100.0,1.5,15.0,0.0,0.0,107.63,1453.06,Mobile Wallet,,,2025-05-31 20:13:58
591,REQ00000591,209,9.0,11.0,1,5.0,3,2025-02-26 20:33:05,2025-02-26 20:36:49,2025-02-26 20:44:52,2025-02-26 21:38:52,Completed,24.36,54.0,70.0,1.5,12.0,0.0,0.0,66.65,899.75,Mobile Wallet,,,2025-02-26 21:38:52
592,REQ00000592,136,38.0,43.0,4,16.0,20,2025-10-20 23:29:17,2025-10-20 23:30:12,2025-10-20 23:44:58,2025-10-21 00:05:16,Completed,8.2,20.3,70.0,1.2,12.0,0.0,0.0,23.58,318.3,Cash,,,2025-10-21 00:05:16
593,REQ00000593,499,45.0,50.0,3,14.0,15,2024-07-08 01:33:42,2024-07-08 01:38:29,,,Rider_Cancelled,,,,1.2,,,,,,,Changed Mind,Rider,2024-07-08 01:38:29
594,REQ00000594,196,25.0,28.0,5,25.0,21,2024-08-30 00:34:07,2024-08-30 00:36:56,2024-08-30 00:49:31,2024-08-30 00:55:55,Completed,2.63,6.4,30.0,1.5,5.0,0.0,0.0,7.49,101.15,Debit Card,,,2024-08-30 00:55:55
595,REQ00000595,328,81.0,89.0,5,23.0,22,2025-01-13 19:02:11,2025-01-13 19:03:01,2025-01-13 19:15:31,2025-01-13 19:45:19,Completed,16.75,29.8,100.0,1.5,15.0,0.0,0.0,62.94,849.69,Cash,,,2025-01-13 19:45:19
596,REQ00000596,6,15.0,18.0,2,8.0,9,2025-12-09 09:31:16,2025-12-09 09:33:49,,,Driver_Cancelled,,,,1.5,,,,,,,Low Fare,Driver,2025-12-09 09:33:49
597,REQ00000597,36,74.0,81.0,9,44.0,43,2025-12-27 09:39:42,2025-12-27 09:42:34,2025-12-27 09:47:11,2025-12-27 10:08:59,Completed,9.27,21.8,70.0,2.0,12.0,0.0,0.0,42.34,571.64,Credit Card,,,2025-12-27 10:08:59
598,REQ00000598,51,96.0,106.0,1,5.0,3,2025-07-03 11:29:20,2025-07-03 11:33:38,2025-07-03 11:39:01,2025-07-03 12:40:13,Completed,18.97,61.2,30.0,1.2,5.0,0.0,0.0,23.8,321.35,Mobile Wallet,,,2025-07-03 12:40:13
599,REQ00000599,195,80.0,88.0,10,49.0,47,2025-03-12 15:06:21,2025-03-12 15:06:52,2025-03-12 15:15:38,2025-03-12 15:22:08,Completed,2.96,6.5,150.0,1.0,25.0,0.0,0.0,23.18,312.98,Mobile Wallet,,,2025-03-12 15:22:08
600,REQ00000600,467,97.0,107.0,8,38.0,37,2024-04-27 05:25:52,2024-04-27 05:26:25,2024-04-27 05:28:58,2024-04-27 06:14:40,Completed,12.02,45.7,70.0,1.5,12.0,0.0,0.0,42.44,572.99,Credit Card,,,2024-04-27 06:14:40
601,REQ00000601,60,93.0,103.0,5,21.0,23,2024-06-09 04:38:02,2024-06-09 04:39:55,2024-06-09 04:41:39,2024-06-09 05:31:57,Completed,16.25,50.3,50.0,1.5,10.0,0.0,0.0,39.65,535.32,Cash,,,2024-06-09 05:31:57
602,REQ00000602,294,45.0,50.0,3,15.0,12,2025-12-17 06:33:34,2025-12-17 06:34:29,2025-12-17 06:36:43,2025-12-17 06:47:49,Completed,5.17,11.1,70.0,1.2,12.0,0.0,0.0,17.45,235.55,Bank Transfer,,,2025-12-17 06:47:49
603,REQ00000603,301,70.0,77.0,9,42.0,43,2024-10-14 07:46:07,2024-10-14 07:48:08,,,Rider_Cancelled,,,,1.5,,,,,,,High Fare,Rider,2024-10-14 07:48:08
604,REQ00000604,293,54.0,60.0,2,8.0,9,2025-10-22 11:53:57,2025-10-22 11:57:52,,,Driver_Cancelled,,,,1.2,,,,,,,Low Fare,Driver,2025-10-22 11:57:52
605,REQ00000605,253,,,2,8.0,10,2025-07-27 22:57:12,,,,No_Driver_Available,,,,1.2,,,,,,,,,2025-07-27 22:57:12
606,REQ00000606,210,16.0,19.0,3,11.0,14,2024-11-29 10:59:02,2024-11-29 11:02:23,2024-11-29 11:03:39,2024-11-29 11:21:51,Completed,4.54,18.2,150.0,1.0,25.0,50.0,0.0,34.72,468.72,Debit Card,,,2024-11-29 11:21:51
607,REQ00000607,416,64.0,70.0,4,19.0,17,2024-04-27 15:50:25,2024-04-27 15:54:05,,,Accepted,,,,1.2,,,,,,,,,2024-04-27 15:54:05
608,REQ00000608,123,87.0,97.0,1,2.0,1,2024-08-05 13:07:54,2024-08-05 13:09:31,2024-08-05 13:14:00,2024-08-05 13:28:42,Completed,4.84,14.7,120.0,1.2,18.0,0.0,0.0,27.7,374.0,Cash,,,2024-08-05 13:28:42
609,REQ00000609,11,18.0,21.0,6,27.0,26,2024-12-03 21:35:40,2024-12-03 21:40:19,2024-12-03 21:51:00,2024-12-03 22:04:18,Completed,5.45,13.3,50.0,1.2,10.0,0.0,0.0,13.95,188.37,Cash,,,2024-12-03 22:04:18
610,REQ00000610,155,5.0,5.0,7,31.0,35,2024-03-28 06:45:14,2024-03-28 06:45:51,2024-03-28 06:46:58,2024-03-28 07:25:28,Completed,12.31,38.5,30.0,1.0,5.0,0.0,0.0,13.76,185.74,Mobile Wallet,,,2024-03-28 07:25:28
611,REQ00000611,293,54.0,60.0,2,6.0,9,2024-01-01 00:45:09,2024-01-01 00:46:33,,,Rider_Cancelled,,,,1.2,,,,,,,Other,Rider,2024-01-01 00:46:33
612,REQ00000612,184,49.0,54.0,2,8.0,6,2024-01-09 05:32:50,2024-01-09 05:33:34,2024-01-09 05:40:54,2024-01-09 06:50:12,Completed,30.44,69.3,70.0,1.0,12.0,0.0,65.29,54.18,666.09,Mobile Wallet,,,2024-01-09 06:50:12
613,REQ00000613,450,74.0,81.0,9,44.0,45,2024-09-13 05:00:55,2024-09-13 05:01:35,2024-09-13 05:07:07,2024-09-13 05:35:01,Completed,7.75,27.9,70.0,1.0,12.0,0.0,0.0,20.32,274.37,Debit Card,,,2024-09-13 05:35:01
614,REQ00000614,78,89.0,99.0,3,13.0,15,2025-02-10 10:30:23,2025-02-10 10:32:51,2025-02-10 10:39:17,2025-02-10 11:19:53,Completed,17.3,40.6,100.0,1.0,15.0,0.0,0.0,45.0,607.5,Debit Card,,,2025-02-10 11:19:53
615,REQ00000615,225,74.0,81.0,9,44.0,42,2024-10-05 17:56:03,2024-10-05 17:58:40,2024-10-05 18:08:27,2024-10-05 18:12:57,Completed,3.15,4.5,70.0,2.0,12.0,50.0,0.0,30.12,406.62,Credit Card,,,2024-10-05 18:12:57
616,REQ00000616,248,42.0,47.0,2,10.0,7,2025-02-05 15:25:56,2025-02-05 15:26:25,,,Driver_Cancelled,,,,1.0,,,,,,,Vehicle Issue,Driver,2025-02-05 15:26:25
617,REQ00000617,208,18.0,21.0,6,28.0,30,2024-12-22 17:25:29,2024-12-22 17:28:11,,,Rider_Cancelled,,,,1.5,,,,,,,High Fare,Rider,2024-12-22 17:28:11
618,REQ00000618,11,94.0,104.0,6,30.0,28,2024-06-05 22:28:06,2024-06-05 22:30:03,,,Rider_Cancelled,,,,1.2,,,,,,,Changed Mind,Rider,2024-06-05 22:30:03
619,REQ00000619,369,98.0,108.0,1,5.0,1,2024-08-25 16:01:54,2024-08-25 16:04:49,2024-08-25 16:19:13,2024-08-25 16:29:31,Completed,6.68,10.3,100.0,1.5,15.0,0.0,0.0,32.92,444.45,Cash,,,2024-08-25 16:29:31
620,REQ00000620,135,94.0,104.0,6,28.0,30,2025-07-27 19:37:36,2025-07-27 19:39:20,2025-07-27 19:50:09,2025-07-27 21:11:33,Completed,34.38,81.4,50.0,1.5,10.0,100.0,0.0,83.36,1125.35,Cash,,,2025-07-27 21:11:33
621,REQ00000621,127,33.0,37.0,1,4.0,2,2025-07-22 20:30:13,2025-07-22 20:31:56,2025-07-22 20:42:24,2025-07-22 20:56:48,Completed,2.5,14.4,50.0,1.5,10.0,20.0,0.0,15.79,213.19,Bank Transfer,,,2025-07-22 20:56:48
622,REQ00000622,481,21.0,24.0,5,24.0,23,2024-10-30 22:11:14,2024-10-30 22:15:22,2024-10-30 22:17:31,2024-10-30 23:22:55,Completed,27.21,65.4,30.0,1.0,5.0,0.0,0.0,25.45,343.53,Mobile Wallet,,,2024-10-30 23:22:55
623,REQ00000623,124,67.0,74.0,8,37.0,40,2024-12-15 00:00:14,2024-12-15 00:01:55,,,Driver_Cancelled,,,,1.2,,,,,,,Traffic,Driver,2024-12-15 00:01:55
624,REQ00000624,358,,,9,42.0,43,2025-09-22 18:11:06,,,,Requested,,,,1.5,,,,,,,,,2025-09-22 18:11:06
625,REQ00000625,20,81.0,89.0,5,24.0,22,2024-10-04 06:18:34,2024-10-04 06:20:29,2024-10-04 06:26:45,2024-10-04 06:34:33,Completed,2.42,7.8,100.0,1.0,15.0,0.0,0.0,14.63,197.53,Credit Card,,,2024-10-04 06:34:33
626,REQ00000626,320,74.0,81.0,9,43.0,44,2024-12-03 12:28:16,2024-12-03 12:28:57,2024-12-03 12:35:28,2024-12-03 13:12:22,Completed,15.31,36.9,70.0,1.2,12.0,0.0,0.0,37.0,499.54,Cash,,,2024-12-03 13:12:22
627,REQ00000627,39,,,3,12.0,13,2024-08-02 01:56:21,,,,No_Driver_Available,,,,1.2,,,,,,,,,2024-08-02 01:56:21
628,REQ00000628,195,48.0,53.0,10,46.0,47,2025-08-03 00:24:31,2025-08-03 00:27:35,2025-08-03 00:42:27,2025-08-03 01:05:03,Completed,8.97,22.6,50.0,1.5,10.0,0.0,0.0,24.18,326.49,Debit Card,,,2025-08-03 01:05:03
629,REQ00000629,30,9.0,11.0,1,3.0,5,2025-01-30 04:01:42,2025-01-30 04:04:32,2025-01-30 04:10:03,2025-01-30 05:29:45,Completed,33.39,79.7,70.0,1.2,12.0,20.0,0.0,73.18,987.88,Mobile Wallet,,,2025-01-30 05:29:45
630,REQ00000630,357,36.0,40.0,7,34.0,33,2024-11-30 15:21:09,2024-11-30 15:21:31,,,Rider_Cancelled,,,,1.2,,,,,,,Long ETA,Rider,2024-11-30 15:21:31
631,REQ00000631,276,20.0,23.0,3,15.0,11,2024-09-24 10:47:55,2024-09-24 10:49:27,,,Rider_Cancelled,,,,1.2,,,,,,,High Fare,Rider,2024-09-24 10:49:27
632,REQ00000632,383,,,2,10.0,8,2025-06-27 17:29:04,,,,No_Driver_Available,,,,1.5,,,,,,,,,2025-06-27 17:29:04
633,REQ00000633,419,14.0,17.0,10,48.0,49,2025-10-19 12:23:54,2025-10-19 12:27:49,,,Rider_Cancelled,,,,1.2,,,,,,,Changed Mind,Rider,2025-10-19 12:27:49
634,REQ00000634,302,68.0,75.0,8,38.0,40,2024-06-15 04:03:13,2024-06-15 04:05:39,,,Rider_Cancelled,,,,1.2,,,,,,,Changed Mind,Rider,2024-06-15 04:05:39
635,REQ00000635,466,60.0,66.0,5,25.0,23,2024-04-23 18:44:52,2024-04-23 18:46:43,,,Rider_Cancelled,,,,1.5,,,,,,,Changed Mind,Rider,2024-04-23 18:46:43
636,REQ00000636,96,97.0,107.0,8,37.0,36,2025-11-15 10:47:33,2025-11-15 10:51:57,,,Driver_Cancelled,,,,1.2,,,,,,,Low Fare,Driver,2025-11-15 10:51:57
637,REQ00000637,486,22.0,25.0,3,15.0,11,2024-02-05 19:14:55,2024-02-05 19:15:34,2024-02-05 19:20:40,2024-02-05 19:34:10,Completed,4.64,13.5,50.0,1.5,10.0,0.0,0.0,16.31,220.21,Cash,,,2024-02-05 19:34:10
638,REQ00000638,6,,,2,7.0,9,2024-08-26 02:25:16,,,,No_Driver_Available,,,,1.2,,,,,,,,,2024-08-26 02:25:16
639,REQ00000639,103,47.0,52.0,5,22.0,21,2024-12-08 22:43:03,2024-12-08 22:43:37,2024-12-08 22:52:54,2024-12-08 23:11:54,Completed,9.47,19.0,70.0,1.2,12.0,0.0,0.0,25.16,339.62,Cash,,,2024-12-08 23:11:54
640,REQ00000640,7,87.0,97.0,1,5.0,1,2025-10-25 18:05:19,2025-10-25 18:07:31,2025-10-25 18:22:09,2025-10-25 18:52:33,Completed,11.45,30.4,120.0,1.5,18.0,0.0,0.0,57.73,779.38,Mobile Wallet,,,2025-10-25 18:52:33
641,REQ00000641,395,78.0,86.0,4,18.0,20,2024-03-18 12:45:22,2024-03-18 12:47:39,2024-03-18 13:01:58,2024-03-18 13:26:46,Completed,12.86,24.8,50.0,1.2,10.0,0.0,0.0,24.15,325.97,Cash,,,2024-03-18 13:26:46
642,REQ00000642,435,10.0,12.0,3,13.0,11,2025-10-07 23:41:39,2025-10-07 23:44:33,2025-10-07 23:56:04,2025-10-08 00:59:10,Completed,24.9,63.1,100.0,1.0,15.0,0.0,0.0,61.66,832.41,Bank Transfer,,,2025-10-08 00:59:10
643,REQ00000643,235,82.0,91.0,10,49.0,50,2025-11-29 00:19:18,2025-11-29 00:22:30,2025-11-29 00:26:06,2025-11-29 00:37:24,Completed,5.69,11.3,50.0,1.2,10.0,0.0,0.0,13.94,188.22,Cash,,,2025-11-29 00:37:24
644,REQ00000644,303,31.0,35.0,7,33.0,35,2024-02-26 13:20:58,2024-02-26 13:23:15,2024-02-26 13:38:12,2024-02-26 14:21:12,Completed,19.54,43.0,100.0,1.0,15.0,0.0,0.0,49.06,662.36,Cash,,,2024-02-26 14:21:12
645,REQ00000645,429,,,3,12.0,11,2024-03-08 14:30:32,,,,No_Driver_Available,,,,1.2,,,,,,,,,2024-03-08 14:30:32
646,REQ00000646,485,9.0,11.0,1,4.0,1,2024-04-02 06:01:51,2024-04-02 06:06:41,2024-04-02 06:13:46,2024-04-02 06:21:04,Completed,3.38,7.3,70.0,1.0,12.0,50.0,0.0,15.78,213.08,Debit Card,,,2024-04-02 06:21:04
647,REQ00000647,216,98.0,108.0,1,2.0,5,2024-07-26 08:37:03,2024-07-26 08:39:55,2024-07-26 08:51:29,2024-07-26 08:56:47,Completed,1.88,5.3,100.0,1.5,15.0,0.0,0.0,19.9,268.67,Cash,,,2024-07-26 08:56:47
648,REQ00000648,364,55.0,61.0,2,9.0,10,2024-06-09 09:54:37,2024-06-09 09:58:47,2024-06-09 10:12:21,2024-06-09 10:33:15,Completed,11.98,20.9,50.0,1.5,10.0,0.0,0.0,28.21,380.87,Credit Card,,,2024-06-09 10:33:15
649,REQ00000649,39,89.0,99.0,3,15.0,13,2025-08-03 14:33:22,2025-08-03 14:37:05,2025-08-03 14:46:00,2025-08-03 15:15:12,Completed,18.95,29.2,100.0,1.2,15.0,0.0,16.37,54.43,718.46,Credit Card,,,2025-08-03 15:15:12
650,REQ00000650,439,89.0,99.0,3,11.0,13,2024-02-02 16:33:32,2024-02-02 16:35:32,2024-02-02 16:40:05,2024-02-02 17:57:11,Completed,25.41,77.1,100.0,1.0,15.0,0.0,0.0,65.28,881.23,Mobile Wallet,,,2024-02-02 17:57:11
651,REQ00000651,460,65.0,71.0,4,17.0,18,2024-02-28 20:34:10,2024-02-28 20:35:40,2024-02-28 20:41:06,2024-02-28 21:34:18,Completed,25.98,53.2,50.0,1.5,10.0,0.0,0.0,54.19,731.53,Debit Card,,,2024-02-28 21:34:18
652,REQ00000652,165,4.0,4.0,1,2.0,5,2024-01-15 12:45:31,2024-01-15 12:49:33,2024-01-15 12:57:09,2024-01-15 13:04:15,Completed,3.31,7.1,70.0,1.0,12.0,0.0,0.0,11.67,157.52,Cash,,,2024-01-15 13:04:15
653,REQ00000653,160,43.0,48.0,4,20.0,19,2024-03-09 04:58:59,2024-03-09 05:03:28,,,Driver_Cancelled,,,,1.2,,,,,,,Low Fare,Driver,2024-03-09 05:03:28
654,REQ00000654,460,38.0,43.0,4,20.0,17,2024-03-16 08:25:45,2024-03-16 08:28:57,,,Driver_Cancelled,,,,1.5,,,,,,,Vehicle Issue,Driver,2024-03-16 08:28:57
655,REQ00000655,467,97.0,107.0,8,39.0,37,2025-11-29 22:14:03,2025-11-29 22:16:55,2025-11-29 22:21:59,2025-11-29 22:29:23,Completed,3.42,7.4,70.0,1.2,12.0,0.0,0.0,14.22,191.94,Cash,,,2025-11-29 22:29:23
656,REQ00000656,477,38.0,43.0,4,19.0,20,2024-07-28 00:59:48,2024-07-28 01:01:00,2024-07-28 01:05:57,2024-07-28 01:14:45,Completed,2.99,8.8,70.0,1.2,12.0,100.0,0.0,23.47,316.81,Mobile Wallet,,,2024-07-28 01:14:45
657,REQ00000657,440,33.0,37.0,1,1.0,5,2025-02-09 00:28:21,2025-02-09 00:28:45,2025-02-09 00:35:40,2025-02-09 00:43:52,Completed,2.93,8.2,50.0,1.5,10.0,0.0,0.0,12.9,174.09,Cash,,,2025-02-09 00:43:52
658,REQ00000658,383,49.0,54.0,2,8.0,9,2024-03-03 07:19:35,2024-03-03 07:20:12,2024-03-03 07:34:54,2024-03-03 08:24:30,Completed,16.72,49.6,70.0,1.5,12.0,0.0,0.0,51.84,699.84,Debit Card,,,2024-03-03 08:24:30
659,REQ00000659,164,49.0,54.0,2,7.0,8,2024-11-19 03:11:10,2024-11-19 03:12:01,,,Rider_Cancelled,,,,1.2,,,,,,,Driver Delayed,Rider,2024-11-19 03:12:01
660,REQ00000660,379,12.0,14.0,2,7.0,10,2024-07-08 10:52:29,2024-07-08 10:55:32,2024-07-08 11:06:55,2024-07-08 11:28:37,Completed,13.15,21.7,50.0,1.2,10.0,20.0,0.0,25.95,350.37,Mobile Wallet,,,2024-07-08 11:28:37
661,REQ00000661,6,42.0,47.0,2,7.0,9,2024-09-07 06:11:33,2024-09-07 06:13:30,2024-09-07 06:22:10,2024-09-07 06:33:16,Completed,5.66,11.1,150.0,1.2,25.0,100.0,0.0,46.96,634.0,Bank Transfer,,,2024-09-07 06:33:16
662,REQ00000662,355,79.0,87.0,6,28.0,29,2024-12-07 18:43:21,2024-12-07 18:48:04,,,Rider_Cancelled,,,,1.5,,,,,,,Changed Mind,Rider,2024-12-07 18:48:04
663,REQ00000663,317,,,6,26.0,29,2024-12-01 11:41:48,,,,No_Driver_Available,,,,1.2,,,,,,,,,2024-12-01 11:41:48
664,REQ00000664,449,58.0,64.0,7,34.0,35,2025-04-21 01:04:00,2025-04-21 01:07:09,2025-04-21 01:20:23,2025-04-21 01:39:35,Completed,7.65,19.2,70.0,1.2,12.0,0.0,0.0,22.57,304.75,Mobile Wallet,,,2025-04-21 01:39:35
665,REQ00000665,62,43.0,48.0,4,20.0,16,2024-06-07 14:14:28,2024-06-07 14:16:54,2024-06-07 14:22:14,2024-06-07 14:28:08,Completed,2.92,5.9,150.0,1.0,25.0,0.0,0.0,22.9,309.1,Mobile Wallet,,,2024-06-07 14:28:08
666,REQ00000666,115,33.0,37.0,1,1.0,5,2025-03-02 16:28:21,2025-03-02 16:29:00,,,Driver_Cancelled,,,,1.2,,,,,,,Low Fare,Driver,2025-03-02 16:29:00
667,REQ00000667,93,14.0,17.0,10,47.0,49,2025-08-31 19:10:20,2025-08-31 19:13:42,,,Accepted,,,,1.5,,,,,,,,,2025-08-31 19:13:42
668,REQ00000668,13,42.0,47.0,2,10.0,7,2024-11-25 19:28:44,2024-11-25 19:30:27,2024-11-25 19:44:17,2024-11-25 19:48:35,Completed,2.9,4.3,150.0,1.5,25.0,0.0,0.0,33.5,452.3,Cash,,,2024-11-25 19:48:35
669,REQ00000669,299,,,9,41.0,44,2025-06-26 04:30:59,,,,No_Driver_Available,,,,1.2,,,,,,,,,2025-06-26 04:30:59
670,REQ00000670,112,80.0,88.0,10,50.0,46,2025-07-25 01:16:43,2025-07-25 01:20:39,,,Rider_Cancelled,,,,1.2,,,,,,,High Fare,Rider,2025-07-25 01:20:39
671,REQ00000671,244,20.0,23.0,3,15.0,14,2024-08-07 09:30:04,2024-08-07 09:32:20,2024-08-07 09:46:44,2024-08-07 10:01:02,Completed,4.86,14.3,70.0,1.5,12.0,0.0,0.0,22.02,297.27,Mobile Wallet,,,2024-08-07 10:01:02
672,REQ00000672,193,45.0,50.0,3,15.0,13,2024-04-08 13:02:28,2024-04-08 13:03:37,,,Rider_Cancelled,,,,1.2,,,,,,,Changed Mind,Rider,2024-04-08 13:03:37
673,REQ00000673,225,70.0,77.0,9,42.0,41,2024-08-06 21:24:26,2024-08-06 21:25:51,,,Rider_Cancelled,,,,1.0,,,,,,,Other,Rider,2024-08-06 21:25:51
674,REQ00000674,281,5.0,5.0,7,31.0,34,2025-08-18 18:37:41,2025-08-18 18:42:09,,,Driver_Cancelled,,,,1.5,,,,,,,Traffic,Driver,2025-08-18 18:42:09
675,REQ00000675,446,33.0,37.0,1,3.0,5,2025-09-08 20:38:02,2025-09-08 20:38:50,2025-09-08 20:53:40,2025-09-08 21:10:52,Completed,9.57,17.2,50.0,1.5,10.0,0.0,0.0,24.08,325.04,Mobile Wallet,,,2025-09-08 21:10:52
676,REQ00000676,138,14.0,17.0,10,49.0,50,2025-03-05 07:18:54,2025-03-05 07:20:24,,,Rider_Cancelled,,,,1.5,,,,,,,High Fare,Rider,2025-03-05 07:20:24
677,REQ00000677,194,72.0,79.0,10,47.0,50,2024-06-25 03:44:38,2024-06-25 03:45:10,2024-06-25 03:58:40,2024-06-25 04:13:22,Completed,5.51,14.7,50.0,1.2,10.0,0.0,0.0,14.22,192.02,Credit Card,,,2024-06-25 04:13:22
678,REQ00000678,208,62.0,68.0,6,30.0,27,2024-07-20 22:07:05,2024-07-20 22:11:46,2024-07-20 22:16:13,2024-07-20 22:32:31,Completed,5.43,16.3,50.0,1.5,10.0,0.0,0.0,17.95,242.37,Mobile Wallet,,,2024-07-20 22:32:31
679,REQ00000679,124,32.0,36.0,8,37.0,39,2024-05-05 12:32:08,2024-05-05 12:35:40,2024-05-05 12:36:42,2024-05-05 12:42:18,Completed,2.84,5.6,70.0,1.2,12.0,50.0,0.0,17.84,240.8,Debit Card,,,2024-05-05 12:42:18
680,REQ00000680,376,58.0,64.0,7,32.0,31,2024-08-21 19:32:42,2024-08-21 19:33:02,,,Rider_Cancelled,,,,1.5,,,,,,,Driver Delayed,Rider,2024-08-21 19:33:02
681,REQ00000681,500,90.0,100.0,2,8.0,7,2025-04-17 11:12:08,2025-04-17 11:12:34,,,Driver_Cancelled,,,,1.0,,,,,,,Low Fare,Driver,2025-04-17 11:12:34
682,REQ00000682,43,29.0,32.0,1,4.0,5,2024-09-30 00:08:13,2024-09-30 00:08:57,2024-09-30 00:22:25,2024-09-30 00:40:31,Completed,4.76,18.1,70.0,1.2,12.0,0.0,19.07,18.2,226.65,Cash,,,2024-09-30 00:40:31
683,REQ00000683,378,15.0,18.0,2,6.0,7,2024-01-19 09:11:13,2024-01-19 09:13:59,2024-01-19 09:21:23,2024-01-19 09:32:23,Completed,5.68,11.0,30.0,1.5,5.0,0.0,14.72,10.97,133.41,Cash,,,2024-01-19 09:32:23
684,REQ00000684,463,15.0,18.0,2,10.0,6,2025-04-19 14:35:54,2025-04-19 14:36:12,2025-04-19 14:42:03,2025-04-19 14:52:21,Completed,7.4,10.3,30.0,1.2,5.0,0.0,0.0,10.03,135.43,Mobile Wallet,,,2025-04-19 14:52:21
685,REQ00000685,145,42.0,47.0,2,10.0,6,2024-06-20 18:08:51,2024-06-20 18:11:38,,,Accepted,,,,1.5,,,,,,,,,2024-06-20 18:11:38
686,REQ00000686,393,15.0,18.0,2,8.0,10,2024-05-28 18:59:01,2024-05-28 19:03:23,,,Driver_Cancelled,,,,1.5,,,,,,,Traffic,Driver,2024-05-28 19:03:23
687,REQ00000687,296,79.0,87.0,6,27.0,26,2024-11-27 00:27:22,2024-11-27 00:31:00,,,Driver_Cancelled,,,,1.2,,,,,,,Other,Driver,2024-11-27 00:31:00
688,REQ00000688,419,14.0,17.0,10,49.0,50,2024-01-12 20:33:20,2024-01-12 20:34:18,,,Rider_Cancelled,,,,1.5,,,,,,,High Fare,Rider,2024-01-12 20:34:18
689,REQ00000689,178,42.0,47.0,2,10.0,6,2024-03-20 08:29:55,2024-03-20 08:33:14,2024-03-20 08:40:16,2024-03-20 09:02:28,Completed,7.09,22.2,150.0,1.5,25.0,0.0,0.0,57.18,771.93,Credit Card,,,2024-03-20 09:02:28
690,REQ00000690,424,81.0,89.0,5,21.0,25,2025-11-25 05:30:48,2025-11-25 05:32:07,2025-11-25 05:42:21,2025-11-25 05:56:27,Completed,9.24,14.1,100.0,1.2,15.0,0.0,0.0,32.16,434.22,Mobile Wallet,,,2025-11-25 05:56:27
691,REQ00000691,394,96.0,106.0,1,4.0,3,2024-08-23 09:59:08,2024-08-23 10:01:26,2024-08-23 10:03:44,2024-08-23 10:42:26,Completed,17.14,38.7,30.0,1.5,5.0,0.0,0.0,25.3,341.53,Credit Card,,,2024-08-23 10:42:26
692,REQ00000692,395,78.0,86.0,4,17.0,20,2025-12-27 12:37:38,2025-12-27 12:41:42,,,Accepted,,,,1.2,,,,,,,,,2025-12-27 12:41:42
693,REQ00000693,410,46.0,51.0,1,1.0,5,2025-08-16 16:49:41,2025-08-16 16:50:37,2025-08-16 16:59:36,2025-08-16 17:13:24,Completed,4.49,13.8,50.0,1.2,10.0,0.0,10.39,12.92,164.03,Credit Card,,,2025-08-16 17:13:24
694,REQ00000694,76,68.0,75.0,8,37.0,39,2024-03-27 16:54:43,2024-03-27 16:57:36,2024-03-27 17:06:37,2024-03-27 17:49:25,Completed,18.97,42.8,150.0,1.0,25.0,0.0,0.0,73.22,988.52,Debit Card,,,2024-03-27 17:49:25
695,REQ00000695,324,16.0,19.0,3,12.0,13,2025-12-08 05:43:10,2025-12-08 05:46:19,2025-12-08 06:00:05,2025-12-08 06:18:23,Completed,8.92,18.3,150.0,1.2,25.0,20.0,0.0,51.44,694.4,Credit Card,,,2025-12-08 06:18:23
696,REQ00000696,238,96.0,106.0,1,3.0,5,2025-06-17 21:21:01,2025-06-17 21:24:44,,,Rider_Cancelled,,,,1.2,,,,,,,Driver Delayed,Rider,2025-06-17 21:24:44
697,REQ00000697,26,,,1,4.0,2,2024-01-06 16:21:59,,,,No_Driver_Available,,,,1.2,,,,,,,,,2024-01-06 16:21:59
698,REQ00000698,184,15.0,18.0,2,9.0,6,2024-03-18 19:32:55,2024-03-18 19:37:39,2024-03-18 19:40:48,2024-03-18 20:05:00,Completed,11.69,24.2,30.0,1.5,5.0,0.0,0.0,18.33,247.41,Debit Card,,,2024-03-18 20:05:00
699,REQ00000699,187,37.0,41.0,5,25.0,22,2025-01-05 21:05:32,2025-01-05 21:06:17,2025-01-05 21:11:16,2025-01-05 21:16:22,Completed,3.53,5.1,150.0,1.2,25.0,0.0,0.0,28.92,390.48,Cash,,,2025-01-05 21:16:22
700,REQ00000700,389,93.0,103.0,5,23.0,25,2025-03-14 21:09:54,2025-03-14 21:14:02,2025-03-14 21:18:24,2025-03-14 21:59:30,Completed,16.85,41.1,50.0,1.0,10.0,0.0,0.0,25.91,349.76,Mobile Wallet,,,2025-03-14 21:59:30
701,REQ00000701,305,29.0,32.0,1,1.0,4,2025-07-24 13:52:54,2025-07-24 13:54:55,2025-07-24 14:06:26,2025-07-24 14:09:26,Completed,1.71,3.0,70.0,1.0,12.0,0.0,0.0,9.09,122.74,Credit Card,,,2025-07-24 14:09:26
702,REQ00000702,337,46.0,51.0,1,5.0,3,2024-11-10 06:17:53,2024-11-10 06:20:10,,,Rider_Cancelled,,,,1.2,,,,,,,Changed Mind,Rider,2024-11-10 06:20:10
703,REQ00000703,243,82.0,91.0,10,50.0,46,2024-06-28 07:03:27,2024-06-28 07:07:41,,,Rider_Cancelled,,,,1.5,,,,,,,High Fare,Rider,2024-06-28 07:07:41
704,REQ00000704,485,29.0,32.0,1,1.0,5,2025-10-03 00:34:21,2025-10-03 00:35:44,,,Rider_Cancelled,,,,1.2,,,,,,,Changed Mind,Rider,2025-10-03 00:35:44
705,REQ00000705,94,,,7,31.0,32,2024-05-24 11:53:02,,,,No_Driver_Available,,,,1.0,,,,,,,,,2024-05-24 11:53:02
706,REQ00000706,87,96.0,106.0,1,3.0,1,2024-11-16 22:12:54,2024-11-16 22:13:23,2024-11-16 22:15:19,2024-11-16 23:10:19,Completed,26.32,55.0,30.0,1.2,5.0,0.0,0.0,28.85,389.52,Mobile Wallet,,,2024-11-16 23:10:19
707,REQ00000707,404,72.0,79.0,10,47.0,49,2024-04-30 18:13:23,2024-04-30 18:15:33,,,Rider_Cancelled,,,,1.5,,,,,,,Other,Rider,2024-04-30 18:15:33
708,REQ00000708,95,4.0,4.0,1,1.0,3,2024-03-20 22:32:34,2024-03-20 22:36:03,,,Accepted,,,,1.0,,,,,,,,,2024-03-20 22:36:03
709,REQ00000709,203,78.0,86.0,4,17.0,16,2025-09-02 17:38:45,2025-09-02 17:40:30,2025-09-02 17:47:19,2025-09-02 17:54:43,Completed,3.02,7.4,50.0,1.5,10.0,0.0,8.62,12.88,165.27,Debit Card,,,2025-09-02 17:54:43
710,REQ00000710,52,70.0,77.0,9,44.0,42,2025-02-26 01:05:04,2025-02-26 01:05:20,2025-02-26 01:06:36,2025-02-26 01:13:06,Completed,4.3,6.5,120.0,1.2,18.0,20.0,0.0,26.12,352.64,Cash,,,2025-02-26 01:13:06
711,REQ00000711,212,87.0,97.0,1,2.0,1,2024-11-06 22:15:41,2024-11-06 22:18:40,2024-11-06 22:21:55,2024-11-06 22:40:31,Completed,7.64,18.6,120.0,1.0,18.0,0.0,0.0,28.95,390.83,Cash,,,2024-11-06 22:40:31
712,REQ00000712,339,56.0,62.0,8,39.0,37,2025-10-17 22:41:26,2025-10-17 22:43:05,2025-10-17 22:51:02,2025-10-17 23:00:08,Completed,2.47,9.1,50.0,1.0,10.0,0.0,0.0,8.26,111.55,Cash,,,2025-10-17 23:00:08
713,REQ00000713,453,69.0,76.0,9,41.0,45,2025-04-25 03:16:09,2025-04-25 03:17:12,2025-04-25 03:19:56,2025-04-25 03:53:44,Completed,11.46,33.8,70.0,1.2,12.0,0.0,0.0,30.86,416.66,Mobile Wallet,,,2025-04-25 03:53:44
714,REQ00000714,196,93.0,103.0,5,21.0,23,2025-05-17 05:00:39,2025-05-17 05:01:42,2025-05-17 05:03:25,2025-05-17 06:04:01,Completed,27.37,60.6,50.0,1.5,10.0,0.0,37.84,57.52,738.69,Credit Card,,,2025-05-17 06:04:01
715,REQ00000715,103,37.0,41.0,5,23.0,22,2024-01-11 21:03:20,2024-01-11 21:04:43,,,Driver_Cancelled,,,,1.0,,,,,,,Personal Reason,Driver,2024-01-11 21:04:43
716,REQ00000716,396,,,8,39.0,37,2024-03-16 04:15:21,,,,No_Driver_Available,,,,1.2,,,,,,,,,2024-03-16 04:15:21
717,REQ00000717,475,72.0,79.0,10,47.0,46,2025-05-26 21:33:45,2025-05-26 21:36:27,2025-05-26 21:42:59,2025-05-26 21:56:05,Completed,4.89,13.1,50.0,1.2,10.0,20.0,10.87,15.2,194.33,Cash,,,2025-05-26 21:56:05
718,REQ00000718,230,74.0,81.0,9,43.0,44,2024-05-18 09:36:58,2024-05-18 09:38:16,,,Rider_Cancelled,,,,1.5,,,,,,,High Fare,Rider,2024-05-18 09:38:16
719,REQ00000719,204,90.0,100.0,2,9.0,8,2025-10-14 11:50:00,2025-10-14 11:51:48,2025-10-14 11:54:09,2025-10-14 12:23:39,Completed,13.78,29.5,50.0,1.0,10.0,0.0,0.0,21.57,291.18,Cash,,,2025-10-14 12:23:39
720,REQ00000720,29,67.0,74.0,8,37.0,40,2025-10-07 08:19:11,2025-10-07 08:20:10,2025-10-07 08:33:26,2025-10-07 08:36:26,Completed,2.13,3.0,50.0,1.5,10.0,0.0,0.0,10.81,145.9,Mobile Wallet,,,2025-10-07 08:36:26
721,REQ00000721,500,15.0,18.0,2,8.0,10,2024-09-30 22:41:41,2024-09-30 22:44:38,2024-09-30 22:54:10,2024-09-30 23:53:04,Completed,24.82,58.9,30.0,1.0,5.0,0.0,0.0,23.4,315.86,Credit Card,,,2024-09-30 23:53:04
722,REQ00000722,476,75.0,82.0,4,16.0,20,2025-11-22 14:02:59,2025-11-22 14:03:23,2025-11-22 14:16:21,2025-11-22 14:37:09,Completed,9.92,20.8,30.0,1.2,5.0,0.0,0.0,12.98,175.17,Cash,,,2025-11-22 14:37:09
723,REQ00000723,350,70.0,77.0,9,45.0,44,2024-10-03 04:10:41,2024-10-03 04:13:39,2024-10-03 04:18:13,2024-10-03 04:36:13,Completed,7.92,18.0,120.0,1.2,18.0,20.0,0.0,37.08,500.57,Mobile Wallet,,,2024-10-03 04:36:13
724,REQ00000724,253,,,2,7.0,9,2024-09-22 14:08:56,,,,No_Driver_Available,,,,2.0,,,,,,,,,2024-09-22 14:08:56
725,REQ00000725,245,72.0,79.0,10,48.0,47,2025-02-23 01:26:38,2025-02-23 01:30:10,2025-02-23 01:33:43,2025-02-23 02:31:55,Completed,29.63,58.2,50.0,1.2,10.0,0.0,81.11,48.27,570.59,Mobile Wallet,,,2025-02-23 02:31:55
726,REQ00000726,15,70.0,77.0,9,44.0,41,2025-04-20 04:27:05,2025-04-20 04:32:04,2025-04-20 04:33:26,2025-04-20 04:44:56,Completed,2.67,11.5,120.0,1.2,18.0,0.0,0.0,22.2,299.69,Debit Card,,,2025-04-20 04:44:56
727,REQ00000727,369,96.0,106.0,1,5.0,4,2024-05-28 11:38:55,2024-05-28 11:41:05,,,Driver_Cancelled,,,,1.2,,,,,,,Low Fare,Driver,2024-05-28 11:41:05
728,REQ00000728,305,29.0,32.0,1,1.0,4,2025-06-18 10:24:44,2025-06-18 10:25:37,2025-06-18 10:36:39,2025-06-18 10:50:27,Completed,5.09,13.8,70.0,1.0,12.0,0.0,0.0,14.88,200.83,Cash,,,2025-06-18 10:50:27
729,REQ00000729,73,96.0,106.0,1,4.0,3,2024-07-07 00:15:23,2024-07-07 00:18:34,2024-07-07 00:31:32,2024-07-07 01:28:38,Completed,16.6,57.1,30.0,1.2,5.0,0.0,0.0,21.59,291.47,Debit Card,,,2024-07-07 01:28:38
730,REQ00000730,456,36.0,40.0,7,32.0,34,2024-04-24 05:15:12,2024-04-24 05:19:21,,,Accepted,,,,1.2,,,,,,,,,2024-04-24 05:19:21
731,REQ00000731,260,15.0,18.0,2,7.0,6,2024-04-06 18:12:27,2024-04-06 18:14:27,,,Rider_Cancelled,,,,1.5,,,,,,,Changed Mind,Rider,2024-04-06 18:14:27
732,REQ00000732,66,78.0,86.0,4,18.0,17,2025-12-16 22:15:09,2025-12-16 22:17:28,,,Accepted,,,,1.2,,,,,,,,,2025-12-16 22:17:28
733,REQ00000733,370,83.0,92.0,6,30.0,28,2024-01-13 07:32:55,2024-01-13 07:37:36,,,Driver_Cancelled,,,,1.5,,,,,,,Personal Reason,Driver,2024-01-13 07:37:36
734,REQ00000734,493,65.0,71.0,4,19.0,18,2024-08-13 05:12:06,2024-08-13 05:14:23,2024-08-13 05:28:54,2024-08-13 06:17:00,Completed,16.15,48.1,50.0,2.0,10.0,0.0,0.0,52.15,704.05,Mobile Wallet,,,2024-08-13 06:17:00
735,REQ00000735,477,,,4,19.0,17,2024-06-19 18:07:01,,,,No_Driver_Available,,,,1.5,,,,,,,,,2024-06-19 18:07:01
736,REQ00000736,261,81.0,89.0,5,21.0,23,2025-05-22 07:06:13,2025-05-22 07:11:02,2025-05-22 07:20:55,2025-05-22 08:08:07,Completed,22.49,47.2,100.0,1.5,15.0,0.0,0.0,81.94,1106.14,Credit Card,,,2025-05-22 08:08:07
737,REQ00000737,239,56.0,62.0,8,38.0,36,2025-01-28 20:30:58,2025-01-28 20:31:31,2025-01-28 20:43:24,2025-01-28 21:11:24,Completed,16.06,28.0,50.0,1.5,10.0,0.0,0.0,35.37,477.45,Cash,,,2025-01-28 21:11:24
738,REQ00000738,483,75.0,82.0,4,17.0,18,2024-01-03 01:40:22,2024-01-03 01:44:38,2024-01-03 01:47:13,2024-01-03 02:47:13,Completed,18.66,60.0,30.0,1.2,5.0,0.0,0.0,23.45,316.59,Credit Card,,,2024-01-03 02:47:13
739,REQ00000739,385,93.0,103.0,5,23.0,21,2025-06-05 00:58:59,2025-06-05 01:01:05,2025-06-05 01:09:04,2025-06-05 02:41:28,Completed,27.36,92.4,50.0,1.2,10.0,0.0,0.0,50.58,682.88,Credit Card,,,2025-06-05 02:41:28
740,REQ00000740,408,60.0,66.0,5,21.0,23,2024-02-09 23:22:58,2024-02-09 23:24:45,2024-02-09 23:39:28,2024-02-10 00:46:52,Completed,28.97,67.4,70.0,1.2,12.0,0.0,0.0,62.53,844.15,Mobile Wallet,,,2024-02-10 00:46:52
741,REQ00000741,216,4.0,4.0,1,1.0,5,2025-10-03 20:51:26,2025-10-03 20:53:17,,,Rider_Cancelled,,,,1.5,,,,,,,High Fare,Rider,2025-10-03 20:53:17
742,REQ00000742,438,87.0,97.0,1,4.0,5,2024-03-24 01:06:28,2024-03-24 01:06:58,2024-03-24 01:12:34,2024-03-24 01:34:28,Completed,9.79,21.9,120.0,1.2,18.0,50.0,0.0,45.03,607.93,Cash,,,2024-03-24 01:34:28
743,REQ00000743,373,89.0,99.0,3,11.0,14,2024-10-19 09:29:01,2024-10-19 09:33:37,2024-10-19 09:43:46,2024-10-19 10:10:52,Completed,10.82,27.1,100.0,2.0,15.0,0.0,0.0,63.86,862.16,Cash,,,2024-10-19 10:10:52
744,REQ00000744,325,90.0,100.0,2,7.0,10,2025-11-20 09:01:09,2025-11-20 09:05:32,2025-11-20 09:10:34,2025-11-20 09:27:22,Completed,6.8,16.8,50.0,1.5,10.0,50.0,13.16,26.02,338.06,Cash,,,2025-11-20 09:27:22
745,REQ00000745,381,22.0,25.0,3,15.0,11,2025-08-28 15:18:21,2025-08-28 15:20:55,2025-08-28 15:32:31,2025-08-28 15:38:19,Completed,3.06,5.8,50.0,1.2,10.0,0.0,0.0,10.12,136.62,Credit Card,,,2025-08-28 15:38:19
746,REQ00000746,138,48.0,53.0,10,50.0,48,2025-04-14 21:11:33,2025-04-14 21:12:49,,,Rider_Cancelled,,,,1.2,,,,,,,High Fare,Rider,2025-04-14 21:12:49
747,REQ00000747,302,40.0,45.0,8,36.0,39,2025-03-29 21:00:54,2025-03-29 21:02:57,2025-03-29 21:11:39,2025-03-29 21:14:39,Completed,1.7,3.0,120.0,1.2,18.0,0.0,0.0,17.7,238.98,Debit Card,,,2025-03-29 21:14:39
748,REQ00000748,130,82.0,91.0,10,48.0,49,2025-05-27 19:05:50,2025-05-27 19:07:25,2025-05-27 19:11:11,2025-05-27 19:35:35,Completed,12.8,24.4,50.0,1.5,10.0,0.0,0.0,30.02,405.32,Mobile Wallet,,,2025-05-27 19:35:35
749,REQ00000749,276,16.0,19.0,3,13.0,14,2025-03-31 05:42:15,2025-03-31 05:45:09,,,Rider_Cancelled,,,,1.0,,,,,,,Long ETA,Rider,2025-03-31 05:45:09
750,REQ00000750,350,69.0,76.0,9,44.0,45,2024-11-28 22:35:53,2024-11-28 22:40:18,2024-11-28 22:48:34,2024-11-28 23:06:58,Completed,8.45,18.4,70.0,1.0,12.0,0.0,0.0,19.64,265.19,Mobile Wallet,,,2024-11-28 23:06:58
751,REQ00000751,56,,,5,21.0,22,2025-03-13 04:16:47,,,,No_Driver_Available,,,,1.2,,,,,,,,,2025-03-13 04:16:47
752,REQ00000752,223,98.0,108.0,1,4.0,5,2024-09-24 07:05:45,2024-09-24 07:10:33,2024-09-24 07:18:14,2024-09-24 07:26:08,Completed,5.96,7.9,100.0,1.5,15.0,0.0,0.0,30.47,411.39,Cash,,,2024-09-24 07:26:08
753,REQ00000753,354,11.0,13.0,3,12.0,15,2025-06-29 17:50:25,2025-06-29 17:53:22,2025-06-29 18:08:17,2025-06-29 18:14:11,Completed,3.4,5.9,100.0,2.0,15.0,0.0,0.0,31.64,427.14,Mobile Wallet,,,2025-06-29 18:14:11
754,REQ00000754,122,21.0,24.0,5,22.0,24,2025-01-14 05:37:40,2025-01-14 05:41:48,2025-01-14 05:51:40,2025-01-14 06:02:04,Completed,3.76,10.4,30.0,1.2,5.0,0.0,0.0,7.25,97.83,Credit Card,,,2025-01-14 06:02:04
755,REQ00000755,450,86.0,96.0,9,43.0,44,2025-01-12 23:49:00,2025-01-12 23:51:23,2025-01-12 23:57:33,2025-01-13 00:29:21,Completed,17.38,31.8,100.0,1.2,15.0,0.0,0.0,52.04,702.56,Cash,,,2025-01-13 00:29:21
756,REQ00000756,235,14.0,17.0,10,46.0,50,2024-09-11 10:33:39,2024-09-11 10:37:13,2024-09-11 10:38:46,2024-09-11 10:48:34,Completed,4.83,9.8,30.0,1.0,5.0,0.0,0.0,6.68,90.12,Cash,,,2024-09-11 10:48:34
757,REQ00000757,479,42.0,47.0,2,10.0,8,2024-08-11 16:34:54,2024-08-11 16:39:46,2024-08-11 16:49:02,2024-08-11 17:36:14,Completed,16.3,47.2,150.0,1.2,25.0,0.0,0.0,81.87,1105.23,Debit Card,,,2024-08-11 17:36:14
758,REQ00000758,256,14.0,17.0,10,48.0,50,2025-07-30 15:15:01,2025-07-30 15:16:14,2025-07-30 15:29:06,2025-07-30 16:48:00,Completed,29.66,78.9,30.0,1.0,5.0,0.0,0.0,28.09,379.27,Debit Card,,,2025-07-30 16:48:00
759,REQ00000759,225,74.0,81.0,9,45.0,43,2024-01-20 17:13:43,2024-01-20 17:15:54,2024-01-20 17:17:55,2024-01-20 17:59:07,Completed,13.82,41.2,70.0,1.5,12.0,0.0,0.0,44.6,602.15,Cash,,,2024-01-20 17:59:07
760,REQ00000760,102,89.0,99.0,3,15.0,14,2024-06-30 02:23:46,2024-06-30 02:25:48,2024-06-30 02:35:08,2024-06-30 02:41:44,Completed,2.61,6.6,100.0,1.5,15.0,20.0,0.0,24.44,329.99,Cash,,,2024-06-30 02:41:44
761,REQ00000761,296,83.0,92.0,6,28.0,29,2025-08-11 05:16:23,2025-08-11 05:17:00,,,Rider_Cancelled,,,,1.2,,,,,,,High Fare,Rider,2025-08-11 05:17:00
762,REQ00000762,343,70.0,77.0,9,41.0,44,2024-01-25 14:49:34,2024-01-25 14:53:57,,,Rider_Cancelled,,,,1.2,,,,,,,Long ETA,Rider,2024-01-25 14:53:57
763,REQ00000763,291,8.0,9.0,8,39.0,40,2024-11-24 15:57:36,2024-11-24 16:00:40,,,Accepted,,,,1.2,,,,,,,,,2024-11-24 16:00:40
764,REQ00000764,133,57.0,63.0,8,38.0,40,2024-05-15 12:29:39,2024-05-15 12:31:21,2024-05-15 12:42:25,2024-05-15 13:17:55,Completed,22.37,35.5,30.0,1.0,5.0,0.0,44.77,19.96,224.65,Mobile Wallet,,,2024-05-15 13:17:55
765,REQ00000765,330,33.0,37.0,1,5.0,4,2025-07-24 01:36:36,2025-07-24 01:39:54,2025-07-24 01:48:06,2025-07-24 01:55:00,Completed,2.03,6.9,50.0,1.2,10.0,100.0,0.0,18.69,252.34,Cash,,,2025-07-24 01:55:00
766,REQ00000766,496,,,2,9.0,6,2024-09-06 19:06:58,,,,No_Driver_Available,,,,1.5,,,,,,,,,2024-09-06 19:06:58
767,REQ00000767,433,90.0,100.0,2,10.0,6,2024-01-11 16:44:56,2024-01-11 16:45:31,2024-01-11 16:59:18,2024-01-11 17:08:06,Completed,2.2,8.8,50.0,1.0,10.0,0.0,15.28,7.97,92.29,Debit Card,,,2024-01-11 17:08:06
768,REQ00000768,35,98.0,108.0,1,4.0,5,2025-10-07 22:25:17,2025-10-07 22:29:52,2025-10-07 22:33:18,2025-10-07 22:39:06,Completed,6.59,5.8,100.0,1.2,15.0,100.0,8.95,34.68,459.29,Cash,,,2025-10-07 22:39:06
769,REQ00000769,22,87.0,97.0,1,4.0,2,2025-12-20 11:19:55,2025-12-20 11:23:37,2025-12-20 11:35:56,2025-12-20 11:48:50,Completed,4.01,12.9,120.0,1.2,18.0,0.0,0.0,25.43,343.33,Cash,,,2025-12-20 11:48:50
770,REQ00000770,114,34.0,38.0,4,18.0,20,2024-10-23 20:46:47,2024-10-23 20:48:59,2024-10-23 21:01:39,2024-10-23 21:54:45,Completed,22.04,53.1,150.0,1.5,25.0,50.0,0.0,131.83,1779.73,Mobile Wallet,,,2024-10-23 21:54:45
771,REQ00000771,351,4.0,4.0,1,4.0,3,2024-02-14 20:29:06,2024-02-14 20:30:01,2024-02-14 20:31:42,2024-02-14 21:20:36,Completed,23.75,48.9,70.0,1.5,12.0,0.0,0.0,64.33,868.4,Debit Card,,,2024-02-14 21:20:36
772,REQ00000772,168,15.0,18.0,2,8.0,10,2024-03-22 15:47:39,2024-03-22 15:50:26,2024-03-22 15:53:16,2024-03-22 16:09:28,Completed,8.25,16.2,30.0,1.0,5.0,0.0,0.0,9.38,126.58,Bank Transfer,,,2024-03-22 16:09:28
773,REQ00000773,355,2.0,2.0,6,27.0,28,2024-10-22 13:26:50,2024-10-22 13:31:27,2024-10-22 13:37:26,2024-10-22 14:30:44,Completed,20.47,53.3,70.0,1.0,12.0,0.0,0.0,39.65,535.3,Credit Card,,,2024-10-22 14:30:44
774,REQ00000774,323,21.0,24.0,5,25.0,23,2025-04-17 08:16:24,2025-04-17 08:17:53,2025-04-17 08:23:29,2025-04-17 10:03:17,Completed,31.21,99.8,30.0,1.5,5.0,0.0,0.0,46.14,622.86,Credit Card,,,2025-04-17 10:03:17
775,REQ00000775,234,96.0,106.0,1,5.0,1,2024-02-22 15:31:56,2024-02-22 15:34:46,2024-02-22 15:44:27,2024-02-22 15:49:15,Completed,3.48,4.8,30.0,1.2,5.0,0.0,0.0,6.49,87.66,Cash,,,2024-02-22 15:49:15
776,REQ00000776,373,89.0,99.0,3,15.0,14,2024-10-03 13:26:18,2024-10-03 13:29:44,2024-10-03 13:36:50,2024-10-03 13:47:20,Completed,4.68,10.5,100.0,1.2,15.0,0.0,0.0,22.55,304.37,Mobile Wallet,,,2024-10-03 13:47:20
777,REQ00000777,370,83.0,92.0,6,30.0,27,2024-11-05 20:13:42,2024-11-05 20:15:37,2024-11-05 20:29:28,2024-11-05 20:44:58,Completed,6.95,15.5,100.0,1.5,15.0,20.0,0.0,37.53,506.65,Mobile Wallet,,,2024-11-05 20:44:58
778,REQ00000778,145,55.0,61.0,2,7.0,9,2024-12-14 18:57:27,2024-12-14 18:58:53,2024-12-14 19:10:59,2024-12-14 19:18:23,Completed,5.24,7.4,50.0,1.5,10.0,0.0,0.0,16.08,217.05,Cash,,,2024-12-14 19:18:23
779,REQ00000779,496,15.0,18.0,2,9.0,7,2025-12-31 18:57:05,2025-12-31 19:01:08,2025-12-31 19:09:18,2025-12-31 19:21:06,Completed,4.2,11.8,30.0,1.5,5.0,0.0,0.0,9.65,130.25,Mobile Wallet,,,2025-12-31 19:21:06
780,REQ00000780,477,84.0,94.0,4,17.0,19,2025-01-07 23:35:14,2025-01-07 23:38:38,2025-01-07 23:45:40,2025-01-07 23:55:22,Completed,4.58,9.7,70.0,1.0,12.0,100.0,0.0,21.61,291.71,Mobile Wallet,,,2025-01-07 23:55:22
781,REQ00000781,145,42.0,47.0,2,6.0,10,2024-06-04 20:16:23,2024-06-04 20:17:25,2024-06-04 20:26:07,2024-06-04 20:30:49,Completed,1.52,4.7,150.0,1.5,25.0,0.0,0.0,28.73,387.83,Mobile Wallet,,,2024-06-04 20:30:49
782,REQ00000782,247,32.0,36.0,8,36.0,40,2024-05-24 10:26:44,2024-05-24 10:29:18,2024-05-24 10:42:53,2024-05-24 11:04:59,Completed,7.03,22.1,70.0,1.2,12.0,20.0,0.0,24.16,326.14,Cash,,,2024-05-24 11:04:59
783,REQ00000783,468,16.0,19.0,3,11.0,13,2024-12-24 00:04:48,2024-12-24 00:06:22,2024-12-24 00:18:00,2024-12-24 01:17:06,Completed,34.17,59.1,150.0,1.2,25.0,0.0,0.0,137.9,1861.7,Cash,,,2024-12-24 01:17:06
784,REQ00000784,245,,88.0,10,47.0,50,2025-02-12 06:40:20,2025-02-12 06:43:25,,,Driver_Cancelled,,,,1.2,,,,,,,Personal Reason,Driver,2025-02-12 06:43:25
785,REQ00000785,458,1.0,1.0,5,23.0,22,2024-08-02 08:29:47,2024-08-02 08:31:13,2024-08-02 08:44:20,2024-08-02 08:54:50,Completed,8.36,10.5,120.0,1.5,18.0,0.0,0.0,42.41,572.54,Bank Transfer,,,2024-08-02 08:54:50
786,REQ00000786,150,49.0,54.0,2,10.0,7,2024-10-30 00:26:45,2024-10-30 00:29:15,2024-10-30 00:40:07,2024-10-30 00:46:43,Completed,2.48,6.6,70.0,1.2,12.0,0.0,0.0,12.71,171.59,Cash,,,2024-10-30 00:46:43
787,REQ00000787,188,4.0,4.0,1,1.0,2,2024-10-06 21:12:10,2024-10-06 21:15:55,,,Rider_Cancelled,,,,1.2,,,,,,,Other,Rider,2024-10-06 21:15:55
788,REQ00000788,348,33.0,37.0,1,2.0,3,2024-02-25 19:13:10,2024-02-25 19:13:56,2024-02-25 19:19:29,2024-02-25 19:43:05,Completed,8.41,23.6,50.0,1.5,10.0,0.0,0.0,23.56,318.04,Credit Card,,,2024-02-25 19:43:05
789,REQ00000789,215,42.0,47.0,2,6.0,10,2024-09-21 16:58:35,2024-09-21 17:00:31,2024-09-21 17:14:31,2024-09-21 17:46:07,Completed,17.5,31.6,150.0,1.2,25.0,0.0,0.0,79.33,1071.01,Credit Card,,,2024-09-21 17:46:07
790,REQ00000790,306,12.0,14.0,2,7.0,8,2024-03-22 21:17:19,2024-03-22 21:18:33,2024-03-22 21:21:09,2024-03-22 22:25:03,Completed,27.96,63.9,50.0,1.2,10.0,0.0,0.0,47.17,636.81,Mobile Wallet,,,2024-03-22 22:25:03
791,REQ00000791,404,82.0,91.0,10,50.0,47,2024-02-01 12:30:20,2024-02-01 12:30:38,2024-02-01 12:37:22,2024-02-01 12:43:16,Completed,2.96,5.9,50.0,1.2,10.0,0.0,0.0,10.02,135.26,Cash,,,2024-02-01 12:43:16
792,REQ00000792,214,46.0,51.0,1,3.0,1,2025-03-08 14:36:48,2025-03-08 14:40:09,2025-03-08 14:54:00,2025-03-08 15:47:12,Completed,19.51,53.2,50.0,1.5,10.0,0.0,0.0,44.87,605.75,Cash,,,2025-03-08 15:47:12
793,REQ00000793,256,72.0,79.0,10,47.0,50,2024-07-20 08:13:56,2024-07-20 08:17:23,2024-07-20 08:29:42,2024-07-20 08:39:06,Completed,3.5,9.4,50.0,1.5,10.0,20.0,0.0,16.33,220.48,Cash,,,2024-07-20 08:39:06
794,REQ00000794,350,86.0,96.0,9,42.0,45,2025-12-30 19:26:05,2025-12-30 19:29:20,2025-12-30 19:38:55,2025-12-30 19:41:55,Completed,2.92,3.0,100.0,1.5,15.0,50.0,0.0,27.71,374.06,Debit Card,,,2025-12-30 19:41:55
795,REQ00000795,295,48.0,53.0,10,47.0,48,2025-02-14 15:47:58,2025-02-14 15:50:10,,,Driver_Cancelled,,,,1.2,,,,,,,Personal Reason,Driver,2025-02-14 15:50:10
796,REQ00000796,467,8.0,9.0,8,36.0,40,2024-03-05 10:42:15,2024-03-05 10:45:20,2024-03-05 10:59:23,2024-03-05 11:23:23,Completed,7.17,24.0,70.0,1.2,12.0,20.0,0.0,24.72,333.78,Credit Card,,,2024-03-05 11:23:23
797,REQ00000797,2,80.0,88.0,10,46.0,49,2025-01-13 15:37:06,2025-01-13 15:40:52,2025-01-13 15:50:10,2025-01-13 16:02:46,Completed,6.35,12.6,150.0,1.0,25.0,0.0,0.0,33.27,449.17,Credit Card,,,2025-01-13 16:02:46
798,REQ00000798,359,70.0,77.0,9,43.0,45,2024-04-07 04:31:05,2024-04-07 04:34:27,2024-04-07 04:36:17,2024-04-07 05:46:35,Completed,30.84,70.3,120.0,1.5,18.0,0.0,0.0,123.29,1664.36,Cash,,,2024-04-07 05:46:35
799,REQ00000799,343,74.0,81.0,9,45.0,42,2025-10-26 01:15:03,2025-10-26 01:15:21,,,Rider_Cancelled,,,,2.0,,,,,,,High Fare,Rider,2025-10-26 01:15:21
800,REQ00000800,407,59.0,65.0,5,24.0,23,2025-09-25 05:03:11,2025-09-25 05:05:04,2025-09-25 05:12:09,2025-09-25 06:00:21,Completed,18.88,48.2,70.0,1.0,12.0,0.0,0.0,36.93,498.53,Cash,,,2025-09-25 06:00:21
801,REQ00000801,262,4.0,4.0,1,2.0,1,2024-02-08 22:40:44,2024-02-08 22:42:08,2024-02-08 22:50:14,2024-02-08 22:55:14,Completed,2.4,5.0,70.0,1.0,12.0,0.0,24.7,10.24,113.54,Mobile Wallet,,,2024-02-08 22:55:14
802,REQ00000802,477,78.0,86.0,4,19.0,17,2024-12-05 13:48:13,2024-12-05 13:48:32,2024-12-05 13:58:09,2024-12-05 14:33:27,Completed,8.51,35.3,50.0,1.0,10.0,0.0,0.0,17.21,232.28,Cash,,,2024-12-05 14:33:27
803,REQ00000803,78,16.0,19.0,3,15.0,12,2024-08-02 14:07:31,2024-08-02 14:11:16,,,Rider_Cancelled,,,,1.2,,,,,,,Other,Rider,2024-08-02 14:11:16
804,REQ00000804,68,64.0,70.0,4,18.0,16,2024-03-10 22:37:58,2024-03-10 22:42:56,2024-03-10 22:56:26,2024-03-10 23:33:32,Completed,20.2,37.1,150.0,1.2,25.0,0.0,0.0,89.22,1204.5,Mobile Wallet,,,2024-03-10 23:33:32
805,REQ00000805,62,84.0,94.0,4,16.0,18,2025-05-19 08:16:06,2025-05-19 08:21:04,,,Rider_Cancelled,,,,1.5,,,,,,,High Fare,Rider,2025-05-19 08:21:04
806,REQ00000806,53,21.0,24.0,5,22.0,21,2025-01-22 16:23:57,2025-01-22 16:26:54,,,Rider_Cancelled,,,,1.0,,,,,,,Changed Mind,Rider,2025-01-22 16:26:54
807,REQ00000807,113,33.0,37.0,1,1.0,2,2025-12-15 17:31:34,2025-12-15 17:33:16,,,Driver_Cancelled,,,,1.5,,,,,,,Other,Driver,2025-12-15 17:33:16
808,REQ00000808,420,89.0,99.0,3,13.0,14,2025-08-15 18:54:31,2025-08-15 18:58:00,,,Rider_Cancelled,,,,1.5,,,,,,,Changed Mind,Rider,2025-08-15 18:58:00
809,REQ00000809,196,37.0,41.0,5,22.0,24,2024-10-14 16:27:01,2024-10-14 16:31:52,,,Rider_Cancelled,,,,1.5,,,,,,,Driver Delayed,Rider,2024-10-14 16:31:52
810,REQ00000810,369,9.0,11.0,1,1.0,5,2025-05-10 15:22:35,2025-05-10 15:25:08,2025-05-10 15:29:15,2025-05-10 15:46:33,Completed,6.58,17.3,70.0,1.2,12.0,0.0,0.0,20.67,279.03,Debit Card,,,2025-05-10 15:46:33
811,REQ00000811,370,13.0,16.0,6,26.0,29,2024-05-27 00:10:27,2024-05-27 00:11:36,2024-05-27 00:23:50,2024-05-27 00:26:50,Completed,2.54,3.0,120.0,1.2,18.0,0.0,0.0,19.48,262.94,Cash,,,2024-05-27 00:26:50
812,REQ00000812,411,86.0,96.0,9,43.0,41,2025-07-18 14:26:52,2025-07-18 14:30:37,2025-07-18 14:32:06,2025-07-18 14:54:12,Completed,9.23,22.1,100.0,1.2,15.0,20.0,0.0,35.99,485.81,Debit Card,,,2025-07-18 14:54:12
813,REQ00000813,262,96.0,106.0,1,2.0,3,2025-07-04 20:30:31,2025-07-04 20:34:15,2025-07-04 20:49:14,2025-07-04 21:26:20,Completed,11.81,37.1,30.0,1.5,5.0,100.0,17.17,31.99,414.69,Mobile Wallet,,,2025-07-04 21:26:20
814,REQ00000814,146,13.0,16.0,6,29.0,28,2024-06-22 11:25:14,2024-06-22 11:29:04,2024-06-22 11:43:49,2024-06-22 12:02:31,Completed,11.84,18.7,120.0,1.2,18.0,20.0,0.0,45.56,615.06,Cash,,,2024-06-22 12:02:31
815,REQ00000815,129,29.0,32.0,1,3.0,1,2024-10-28 20:04:20,2024-10-28 20:07:58,2024-10-28 20:20:31,2024-10-28 20:36:55,Completed,13.76,16.4,70.0,1.5,12.0,0.0,0.0,38.54,520.34,Mobile Wallet,,,2024-10-28 20:36:55
816,REQ00000816,46,56.0,62.0,8,38.0,40,2024-04-02 22:38:58,2024-04-02 22:43:18,,,Rider_Cancelled,,,,1.2,,,,,,,Driver Delayed,Rider,2024-04-02 22:43:18
817,REQ00000817,428,62.0,68.0,6,30.0,29,2025-12-23 08:23:56,2025-12-23 08:24:11,,,Driver_Cancelled,,,,1.5,,,,,,,Traffic,Driver,2025-12-23 08:24:11
818,REQ00000818,31,15.0,18.0,2,8.0,9,2025-10-08 06:36:39,2025-10-08 06:39:45,2025-10-08 06:51:40,2025-10-08 07:42:40,Completed,17.39,51.0,30.0,1.0,5.0,100.0,0.0,26.01,351.13,Mobile Wallet,,,2025-10-08 07:42:40
819,REQ00000819,472,,,2,7.0,6,2025-09-20 14:22:55,,,,No_Driver_Available,,,,1.2,,,,,,,,,2025-09-20 14:22:55
820,REQ00000820,289,90.0,100.0,2,10.0,6,2025-10-13 03:05:48,2025-10-13 03:10:03,2025-10-13 03:24:09,2025-10-13 03:49:27,Completed,8.74,25.3,50.0,1.2,10.0,0.0,0.0,19.47,262.87,Cash,,,2025-10-13 03:49:27
821,REQ00000821,464,74.0,81.0,9,43.0,45,2024-04-22 17:42:30,2024-04-22 17:47:00,2024-04-22 17:57:48,2024-04-22 18:30:30,Completed,11.15,32.7,70.0,1.5,12.0,0.0,0.0,37.76,509.73,Mobile Wallet,,,2024-04-22 18:30:30
822,REQ00000822,366,87.0,97.0,1,5.0,1,2025-07-09 01:20:03,2025-07-09 01:21:07,2025-07-09 01:29:47,2025-07-09 01:47:53,Completed,8.12,18.1,120.0,1.2,18.0,0.0,0.0,35.61,480.74,Credit Card,,,2025-07-09 01:47:53
823,REQ00000823,276,16.0,19.0,3,13.0,12,2025-11-10 05:18:46,2025-11-10 05:21:36,2025-11-10 05:24:44,2025-11-10 05:49:08,Completed,13.69,24.4,150.0,1.2,25.0,0.0,0.0,65.6,885.56,Mobile Wallet,,,2025-11-10 05:49:08
824,REQ00000824,103,60.0,66.0,5,23.0,24,2024-08-20 20:41:10,2024-08-20 20:43:29,2024-08-20 20:48:09,2024-08-20 22:01:03,Completed,27.27,72.9,70.0,1.5,12.0,0.0,0.0,76.42,1031.7,Mobile Wallet,,,2024-08-20 22:01:03
825,REQ00000825,367,10.0,12.0,3,14.0,13,2025-03-15 22:56:28,2025-03-15 22:57:43,2025-03-15 23:07:11,2025-03-15 23:33:23,Completed,11.03,26.2,100.0,1.2,15.0,0.0,46.47,38.51,473.36,Credit Card,,,2025-03-15 23:33:23
826,REQ00000826,105,37.0,41.0,5,21.0,24,2025-08-13 18:15:46,2025-08-13 18:18:57,2025-08-13 18:28:38,2025-08-13 18:31:38,Completed,1.66,3.0,150.0,1.5,25.0,0.0,0.0,28.42,383.62,Cash,,,2025-08-13 18:31:38
827,REQ00000827,5,31.0,35.0,7,31.0,33,2024-12-16 15:43:01,2024-12-16 15:45:31,2024-12-16 15:51:43,2024-12-16 16:49:31,Completed,17.11,57.8,100.0,1.0,15.0,50.0,0.0,52.14,703.84,Cash,,,2024-12-16 16:49:31
828,REQ00000828,183,40.0,45.0,8,36.0,38,2025-12-22 17:27:13,2025-12-22 17:27:33,2025-12-22 17:34:33,2025-12-22 18:22:45,Completed,18.76,48.2,120.0,2.0,18.0,0.0,0.0,111.25,1501.89,Credit Card,,,2025-12-22 18:22:45
829,REQ00000829,161,82.0,91.0,10,48.0,50,2024-11-24 18:33:15,2024-11-24 18:33:31,2024-11-24 18:41:36,2024-11-24 19:48:30,Completed,32.04,66.9,50.0,1.5,10.0,0.0,0.0,65.38,882.63,Cash,,,2024-11-24 19:48:30
830,REQ00000830,264,22.0,25.0,3,11.0,15,2025-12-23 20:25:07,2025-12-23 20:27:01,2025-12-23 20:39:46,2025-12-23 20:52:10,Completed,5.37,12.4,50.0,1.5,10.0,0.0,0.0,17.16,231.72,Cash,,,2025-12-23 20:52:10
831,REQ00000831,2,80.0,88.0,10,50.0,47,2024-03-29 01:40:02,2024-03-29 01:42:06,2024-03-29 01:50:35,2024-03-29 02:07:05,Completed,4.74,16.5,150.0,1.2,25.0,0.0,0.0,36.79,496.63,Debit Card,,,2024-03-29 02:07:05
832,REQ00000832,63,49.0,54.0,2,8.0,9,2024-03-22 01:04:53,2024-03-22 01:06:09,2024-03-22 01:13:20,2024-03-22 02:14:44,Completed,28.22,61.4,70.0,1.2,12.0,0.0,0.0,60.3,814.02,Mobile Wallet,,,2024-03-22 02:14:44
833,REQ00000833,396,3.0,3.0,8,40.0,36,2024-01-24 08:43:01,2024-01-24 08:44:47,2024-01-24 08:53:25,2024-01-24 09:23:13,Completed,14.12,29.8,50.0,1.5,10.0,0.0,0.0,32.9,444.11,Cash,,,2024-01-24 09:23:13
834,REQ00000834,375,87.0,97.0,1,1.0,3,2025-11-25 17:32:32,2025-11-25 17:37:12,2025-11-25 17:48:24,2025-11-25 18:37:36,Completed,27.87,49.2,120.0,1.5,18.0,0.0,0.0,107.85,1455.96,Credit Card,,,2025-11-25 18:37:36
835,REQ00000835,274,,,2,7.0,9,2025-11-23 16:23:37,,,,No_Driver_Available,,,,1.5,,,,,,,,,2025-11-23 16:23:37
836,REQ00000836,282,10.0,12.0,3,12.0,14,2024-08-18 22:40:23,2024-08-18 22:42:51,2024-08-18 22:50:47,2024-08-18 23:18:53,Completed,9.63,28.1,100.0,1.2,15.0,0.0,0.0,36.27,489.69,Debit Card,,,2024-08-18 23:18:53
837,REQ00000837,148,,,4,17.0,18,2024-07-16 11:55:08,,,,No_Driver_Available,,,,1.0,,,,,,,,,2024-07-16 11:55:08
838,REQ00000838,466,1.0,1.0,5,22.0,25,2025-06-21 12:56:54,2025-06-21 13:00:59,2025-06-21 13:07:52,2025-06-21 13:17:22,Completed,4.49,9.5,120.0,1.2,18.0,0.0,0.0,25.47,343.81,Cash,,,2025-06-21 13:17:22
839,REQ00000839,232,56.0,62.0,8,37.0,39,2025-04-24 01:38:37,2025-04-24 01:41:44,2025-04-24 01:56:38,2025-04-24 02:01:02,Completed,3.64,4.4,50.0,1.2,10.0,0.0,0.0,10.59,142.93,Cash,,,2025-04-24 02:01:02
840,REQ00000840,359,70.0,77.0,9,41.0,42,2025-07-23 09:25:59,2025-07-23 09:30:36,2025-07-23 09:35:12,2025-07-23 09:53:12,Completed,8.74,18.0,120.0,1.5,18.0,0.0,0.0,46.11,622.53,Cash,,,2025-07-23 09:53:12
841,REQ00000841,44,2.0,2.0,6,26.0,30,2025-08-21 01:25:41,2025-08-21 01:28:49,2025-08-21 01:36:50,2025-08-21 01:39:50,Completed,3.55,3.0,70.0,1.2,12.0,0.0,0.0,13.56,183.06,Credit Card,,,2025-08-21 01:39:50
842,REQ00000842,334,11.0,13.0,3,11.0,14,2024-05-20 09:52:35,2024-05-20 09:56:04,,,Rider_Cancelled,,,,1.5,,,,,,,Long ETA,Rider,2024-05-20 09:56:04
843,REQ00000843,91,42.0,47.0,2,10.0,7,2025-04-02 06:26:14,2025-04-02 06:28:59,2025-04-02 06:37:34,2025-04-02 06:50:22,Completed,5.2,12.8,150.0,1.0,25.0,0.0,0.0,30.58,412.78,Cash,,,2025-04-02 06:50:22
844,REQ00000844,2,14.0,17.0,10,47.0,49,2025-05-27 21:51:12,2025-05-27 21:53:36,2025-05-27 21:59:48,2025-05-27 22:13:12,Completed,4.96,13.4,30.0,1.2,5.0,0.0,0.0,8.46,114.16,Mobile Wallet,,,2025-05-27 22:13:12
845,REQ00000845,207,,,8,36.0,40,2025-09-20 10:44:53,,,,Requested,,,,1.2,,,,,,,,,2025-09-20 10:44:53
846,REQ00000846,274,54.0,60.0,2,8.0,6,2024-04-17 18:00:24,2024-04-17 18:03:17,2024-04-17 18:06:56,2024-04-17 18:22:38,Completed,9.37,15.7,50.0,1.5,10.0,0.0,0.0,23.52,317.5,Cash,,,2024-04-17 18:22:38
847,REQ00000847,66,61.0,67.0,4,17.0,16,2025-05-27 03:39:36,2025-05-27 03:41:02,2025-05-27 03:46:08,2025-05-27 03:54:32,Completed,3.19,8.4,50.0,1.2,10.0,50.0,0.0,15.44,208.5,Cash,,,2025-05-27 03:54:32
848,REQ00000848,490,,,2,7.0,6,2025-06-02 21:12:36,,,,No_Driver_Available,,,,1.2,,,,,,,,,2025-06-02 21:12:36
849,REQ00000849,408,1.0,1.0,5,23.0,21,2024-11-13 16:00:21,2024-11-13 16:00:51,2024-11-13 16:14:02,2024-11-13 17:03:32,Completed,28.21,49.5,120.0,1.0,18.0,20.0,0.0,74.17,1001.29,Cash,,,2024-11-13 17:03:32
850,REQ00000850,24,56.0,62.0,8,39.0,38,2024-03-05 11:53:39,2024-03-05 11:54:55,,,Rider_Cancelled,,,,1.0,,,,,,,Long ETA,Rider,2024-03-05 11:54:55
851,REQ00000851,70,29.0,32.0,1,4.0,2,2024-06-04 08:21:46,2024-06-04 08:24:27,2024-06-04 08:31:35,2024-06-04 08:51:41,Completed,8.54,20.1,70.0,1.5,12.0,0.0,0.0,30.04,405.49,Mobile Wallet,,,2024-06-04 08:51:41
852,REQ00000852,211,49.0,54.0,2,8.0,10,2024-11-08 02:44:03,2024-11-08 02:45:32,2024-11-08 02:56:49,2024-11-08 03:27:01,Completed,8.15,30.2,70.0,1.2,12.0,0.0,0.0,25.41,342.99,Mobile Wallet,,,2024-11-08 03:27:01
853,REQ00000853,233,12.0,14.0,2,7.0,6,2025-07-20 06:08:30,2025-07-20 06:12:39,2025-07-20 06:20:45,2025-07-20 06:41:51,Completed,12.61,21.1,50.0,1.2,10.0,50.0,0.0,28.13,379.69,Bank Transfer,,,2025-07-20 06:41:51
854,REQ00000854,114,75.0,82.0,4,18.0,20,2024-09-21 21:17:50,2024-09-21 21:19:31,2024-09-21 21:24:58,2024-09-21 22:29:04,Completed,33.97,64.1,30.0,1.2,5.0,0.0,21.88,35.6,458.75,Mobile Wallet,,,2024-09-21 22:29:04
855,REQ00000855,64,89.0,99.0,3,13.0,14,2025-12-18 07:51:52,2025-12-18 07:54:16,,,Rider_Cancelled,,,,1.5,,,,,,,Long ETA,Rider,2025-12-18 07:54:16
856,REQ00000856,204,49.0,54.0,2,9.0,7,2024-12-03 19:41:54,2024-12-03 19:44:05,2024-12-03 19:52:04,2024-12-03 20:01:52,Completed,4.1,9.8,70.0,1.5,12.0,0.0,0.0,19.57,264.22,Mobile Wallet,,,2024-12-03 20:01:52
857,REQ00000857,141,96.0,106.0,1,2.0,4,2025-02-06 06:41:48,2025-02-06 06:43:08,2025-02-06 06:45:22,2025-02-06 06:55:46,Completed,6.44,10.4,30.0,1.0,5.0,0.0,0.0,7.75,104.67,Mobile Wallet,,,2025-02-06 06:55:46
858,REQ00000858,198,70.0,77.0,9,42.0,44,2024-05-14 02:06:55,2024-05-14 02:07:23,,,Driver_Cancelled,,,,1.2,,,,,,,Personal Reason,Driver,2024-05-14 02:07:23
859,REQ00000859,187,59.0,65.0,5,24.0,25,2024-01-30 18:54:07,2024-01-30 18:56:23,,,Rider_Cancelled,,,,1.5,,,,,,,High Fare,Rider,2024-01-30 18:56:23
860,REQ00000860,110,22.0,25.0,3,11.0,14,2025-07-26 00:19:11,2025-07-26 00:21:28,2025-07-26 00:35:52,2025-07-26 01:13:46,Completed,13.37,37.9,50.0,1.5,10.0,0.0,0.0,33.27,449.2,Cash,,,2025-07-26 01:13:46
861,REQ00000861,121,69.0,76.0,9,43.0,41,2024-11-17 13:39:50,2024-11-17 13:40:47,2024-11-17 13:54:09,2024-11-17 14:39:51,Completed,24.99,45.7,70.0,1.2,12.0,0.0,0.0,52.63,710.53,Mobile Wallet,,,2024-11-17 14:39:51
862,REQ00000862,186,10.0,12.0,3,11.0,15,2025-02-08 14:27:32,2025-02-08 14:30:53,2025-02-08 14:35:05,2025-02-08 14:39:29,Completed,1.91,4.4,100.0,1.2,15.0,0.0,0.0,15.76,212.8,Cash,,,2025-02-08 14:39:29
863,REQ00000863,4,94.0,104.0,6,26.0,28,2025-07-29 01:22:44,2025-07-29 01:25:22,2025-07-29 01:37:09,2025-07-29 02:37:51,Completed,32.64,60.7,50.0,1.2,10.0,0.0,66.25,52.1,637.13,Cash,,,2025-07-29 02:37:51
864,REQ00000864,261,47.0,52.0,5,21.0,22,2024-01-03 00:57:48,2024-01-03 01:01:22,,,Rider_Cancelled,,,,1.2,,,,,,,Long ETA,Rider,2024-01-03 01:01:22
865,REQ00000865,485,,,1,2.0,1,2024-06-05 16:09:47,,,,No_Driver_Available,,,,1.2,,,,,,,,,2024-06-05 16:09:47
866,REQ00000866,214,29.0,32.0,1,5.0,3,2025-11-18 13:49:19,2025-11-18 13:52:40,,,Rider_Cancelled,,,,1.2,,,,,,,High Fare,Rider,2025-11-18 13:52:40
867,REQ00000867,361,2.0,2.0,6,29.0,27,2024-02-15 01:41:17,2024-02-15 01:41:33,2024-02-15 01:47:26,2024-02-15 02:11:44,Completed,12.04,24.3,70.0,1.2,12.0,0.0,0.0,29.88,403.32,Credit Card,,,2024-02-15 02:11:44
868,REQ00000868,374,37.0,41.0,5,21.0,23,2024-09-07 00:55:42,2024-09-07 00:57:40,2024-09-07 01:00:16,2024-09-07 02:01:46,Completed,25.47,61.5,150.0,2.0,25.0,0.0,91.13,189.62,2468.69,Cash,,,2024-09-07 02:01:46
869,REQ00000869,125,48.0,53.0,10,46.0,49,2025-10-05 14:29:45,2025-10-05 14:32:04,2025-10-05 14:34:27,2025-10-05 14:41:45,Completed,3.56,7.3,50.0,1.2,10.0,0.0,0.0,10.91,147.31,Mobile Wallet,,,2025-10-05 14:41:45
870,REQ00000870,462,49.0,54.0,2,7.0,8,2024-07-27 09:24:56,2024-07-27 09:29:09,2024-07-27 09:43:02,2024-07-27 10:54:32,Completed,31.95,71.5,70.0,1.5,12.0,20.0,68.01,86.91,1105.28,Credit Card,,,2024-07-27 10:54:32
871,REQ00000871,165,98.0,108.0,1,5.0,2,2024-01-20 18:12:53,2024-01-20 18:13:08,,,Driver_Cancelled,,,,1.5,,,,,,,Too Far,Driver,2024-01-20 18:13:08
872,REQ00000872,313,16.0,19.0,3,12.0,15,2025-03-10 20:13:13,2025-03-10 20:17:15,2025-03-10 20:29:06,2025-03-10 20:33:42,Completed,1.29,4.6,150.0,1.5,25.0,0.0,24.82,27.85,351.18,Cash,,,2025-03-10 20:33:42
873,REQ00000873,31,90.0,100.0,2,10.0,8,2024-12-18 17:49:03,2024-12-18 17:52:08,2024-12-18 18:04:47,2024-12-18 18:38:05,Completed,13.38,33.3,50.0,1.5,10.0,50.0,0.0,38.46,519.23,Cash,,,2024-12-18 18:38:05
874,REQ00000874,119,18.0,21.0,6,30.0,28,2024-11-06 19:22:15,2024-11-06 19:26:37,2024-11-06 19:40:45,2024-11-06 20:53:03,Completed,33.02,72.3,50.0,2.0,10.0,20.0,100.0,93.55,1162.93,Cash,,,2024-11-06 20:53:03
875,REQ00000875,136,34.0,38.0,4,17.0,20,2025-04-16 09:49:02,2025-04-16 09:51:54,2025-04-16 10:05:00,2025-04-16 10:20:24,Completed,8.01,15.4,150.0,1.5,25.0,20.0,0.0,59.63,804.98,Mobile Wallet,,,2025-04-16 10:20:24
876,REQ00000876,136,84.0,94.0,4,20.0,19,2025-05-01 20:03:03,2025-05-01 20:05:37,2025-05-01 20:12:45,2025-05-01 20:20:21,Completed,2.15,7.6,70.0,1.5,12.0,20.0,0.0,17.93,242.1,Bank Transfer,,,2025-05-01 20:20:21
877,REQ00000877,443,90.0,100.0,2,8.0,9,2024-09-28 07:35:26,2024-09-28 07:37:34,2024-09-28 07:45:48,2024-09-28 08:15:48,Completed,14.2,30.0,50.0,1.5,10.0,0.0,0.0,33.05,446.15,Debit Card,,,2024-09-28 08:15:48
878,REQ00000878,62,61.0,67.0,4,16.0,18,2024-11-23 08:36:12,2024-11-23 08:40:55,,,Rider_Cancelled,,,,1.5,,,,,,,High Fare,Rider,2024-11-23 08:40:55
879,REQ00000879,71,12.0,14.0,2,7.0,10,2025-05-28 14:01:50,2025-05-28 14:03:06,2025-05-28 14:13:46,2025-05-28 14:31:34,Completed,6.23,17.8,50.0,1.2,10.0,0.0,0.0,15.5,209.25,Cash,,,2025-05-28 14:31:34
880,REQ00000880,498,97.0,107.0,8,38.0,39,2024-12-17 16:34:11,2024-12-17 16:35:39,2024-12-17 16:40:33,2024-12-17 17:41:51,Completed,29.78,61.3,70.0,1.0,12.0,20.0,0.0,53.7,725.0,Cash,,,2024-12-17 17:41:51
881,REQ00000881,357,31.0,35.0,7,33.0,35,2024-09-14 18:13:30,2024-09-14 18:15:23,,,Accepted,,,,1.5,,,,,,,,,2024-09-14 18:15:23
882,REQ00000882,356,46.0,51.0,1,2.0,3,2025-08-17 00:22:13,2025-08-17 00:26:52,,,Rider_Cancelled,,,,1.2,,,,,,,Long ETA,Rider,2025-08-17 00:26:52
883,REQ00000883,222,89.0,99.0,3,12.0,14,2025-09-02 08:52:50,2025-09-02 08:55:29,2025-09-02 08:57:06,2025-09-02 09:08:36,Completed,3.77,11.5,100.0,1.5,15.0,0.0,0.0,26.3,355.03,Mobile Wallet,,,2025-09-02 09:08:36
884,REQ00000884,17,6.0,6.0,5,24.0,23,2024-02-18 06:08:12,2024-02-18 06:11:48,,,Rider_Cancelled,,,,1.2,,,,,,,Long ETA,Rider,2024-02-18 06:11:48
885,REQ00000885,466,47.0,52.0,5,23.0,21,2024-06-15 12:01:02,2024-06-15 12:05:26,2024-06-15 12:10:13,2024-06-15 12:46:01,Completed,12.43,35.8,70.0,1.2,12.0,0.0,0.0,32.64,440.7,Cash,,,2024-06-15 12:46:01
886,REQ00000886,6,54.0,60.0,2,9.0,6,2025-06-09 05:05:45,2025-06-09 05:09:33,,,Rider_Cancelled,,,,1.0,,,,,,,Driver Delayed,Rider,2025-06-09 05:09:33
887,REQ00000887,179,15.0,18.0,2,9.0,10,2024-01-21 14:08:20,2024-01-21 14:10:47,2024-01-21 14:12:23,2024-01-21 14:19:05,Completed,2.97,6.7,30.0,1.2,5.0,0.0,0.0,6.28,84.83,Credit Card,,,2024-01-21 14:19:05
888,REQ00000888,256,80.0,88.0,10,49.0,50,2024-08-12 21:21:03,2024-08-12 21:24:10,,,Rider_Cancelled,,,,1.0,,,,,,,High Fare,Rider,2024-08-12 21:24:10
889,REQ00000889,218,,,9,43.0,42,2024-04-29 15:26:45,,,,Requested,,,,1.2,,,,,,,,,2024-04-29 15:26:45
890,REQ00000890,124,28.0,31.0,8,38.0,37,2024-07-01 16:06:37,2024-07-01 16:11:20,2024-07-01 16:19:54,2024-07-01 17:22:30,Completed,28.99,62.6,70.0,1.0,12.0,0.0,62.68,51.36,630.73,Mobile Wallet,,,2024-07-01 17:22:30
891,REQ00000891,472,49.0,54.0,2,7.0,8,2024-09-05 23:32:02,2024-09-05 23:32:53,,,Rider_Cancelled,,,,1.2,,,,,,,High Fare,Rider,2024-09-05 23:32:53
892,REQ00000892,140,75.0,82.0,4,19.0,20,2024-10-30 15:23:20,2024-10-30 15:26:25,2024-10-30 15:33:34,2024-10-30 15:40:58,Completed,6.12,7.4,30.0,1.0,5.0,0.0,0.0,7.31,98.67,Debit Card,,,2024-10-30 15:40:58
893,REQ00000893,206,37.0,41.0,5,24.0,22,2025-02-10 14:07:24,2025-02-10 14:09:43,2025-02-10 14:14:21,2025-02-10 14:40:33,Completed,9.37,26.2,150.0,1.0,25.0,0.0,0.0,44.87,605.77,Credit Card,,,2025-02-10 14:40:33
894,REQ00000894,138,72.0,79.0,10,49.0,47,2025-06-21 10:48:26,2025-06-21 10:52:22,2025-06-21 11:02:40,2025-06-21 11:29:34,Completed,7.75,26.9,50.0,1.2,10.0,0.0,7.15,18.56,243.43,Cash,,,2025-06-21 11:29:34
895,REQ00000895,75,87.0,97.0,1,2.0,4,2025-12-24 11:00:48,2025-12-24 11:04:14,2025-12-24 11:14:08,2025-12-24 11:20:32,Completed,4.08,6.4,120.0,1.0,18.0,0.0,0.0,19.76,266.72,Mobile Wallet,,,2025-12-24 11:20:32
896,REQ00000896,294,22.0,25.0,3,13.0,12,2025-03-25 12:26:02,2025-03-25 12:26:23,,,Rider_Cancelled,,,,1.0,,,,,,,High Fare,Rider,2025-03-25 12:26:23
897,REQ00000897,413,70.0,77.0,9,42.0,43,2025-11-04 18:14:28,2025-11-04 18:14:56,,,Rider_Cancelled,,,,1.5,,,,,,,High Fare,Rider,2025-11-04 18:14:56
898,REQ00000898,191,14.0,17.0,10,50.0,48,2025-09-25 20:58:41,2025-09-25 20:59:29,2025-09-25 21:00:42,2025-09-25 21:20:12,Completed,8.42,19.5,30.0,1.5,5.0,0.0,0.0,14.62,197.41,Cash,,,2025-09-25 21:20:12
899,REQ00000899,49,82.0,91.0,10,49.0,50,2025-03-22 07:11:37,2025-03-22 07:13:39,2025-03-22 07:22:15,2025-03-22 07:31:57,Completed,7.46,9.7,50.0,1.5,10.0,0.0,0.0,19.69,265.8,Cash,,,2025-03-22 07:31:57
900,REQ00000900,274,55.0,61.0,2,8.0,10,2024-01-16 14:24:01,2024-01-16 14:28:41,2024-01-16 14:35:20,2024-01-16 15:32:32,Completed,30.76,57.2,50.0,1.0,10.0,0.0,0.0,41.19,556.11,Mobile Wallet,,,2024-01-16 15:32:32
901,REQ00000901,383,49.0,54.0,2,9.0,6,2024-12-20 10:30:45,2024-12-20 10:32:58,,,Driver_Cancelled,,,,1.0,,,,,,,Traffic,Driver,2024-12-20 10:32:58
902,REQ00000902,311,15.0,18.0,2,9.0,8,2024-06-23 19:45:54,2024-06-23 19:46:41,2024-06-23 19:51:44,2024-06-23 20:31:26,Completed,20.15,39.7,30.0,1.5,5.0,0.0,0.0,28.31,382.16,Cash,,,2024-06-23 20:31:26
903,REQ00000903,6,54.0,60.0,2,7.0,6,2025-10-31 07:28:56,2025-10-31 07:32:13,2025-10-31 07:36:59,2025-10-31 07:51:53,Completed,10.83,14.9,50.0,1.5,10.0,0.0,0.0,25.48,343.95,Debit Card,,,2025-10-31 07:51:53
904,REQ00000904,279,42.0,47.0,2,8.0,6,2025-12-22 09:17:26,2025-12-22 09:21:04,,,Rider_Cancelled,,,,1.5,,,,,,,High Fare,Rider,2025-12-22 09:21:04
905,REQ00000905,467,56.0,62.0,8,39.0,36,2024-06-05 06:02:35,2024-06-05 06:04:07,2024-06-05 06:05:33,2024-06-05 06:23:33,Completed,7.98,18.0,50.0,1.0,10.0,20.0,0.0,16.22,218.98,Cash,,,2024-06-05 06:23:33
906,REQ00000906,124,67.0,74.0,8,40.0,39,2024-06-25 04:44:37,2024-06-25 04:48:38,,,Rider_Cancelled,,,,1.2,,,,,,,Long ETA,Rider,2024-06-25 04:48:38
907,REQ00000907,352,48.0,53.0,10,46.0,49,2024-05-03 23:08:34,2024-05-03 23:11:40,,,Driver_Cancelled,,,,1.0,,,,,,,Vehicle Issue,Driver,2024-05-03 23:11:40
908,REQ00000908,370,83.0,92.0,6,28.0,29,2025-06-19 10:56:04,2025-06-19 10:59:10,2025-06-19 11:12:31,2025-06-19 12:21:07,Completed,29.9,68.6,100.0,1.0,15.0,0.0,0.0,70.76,955.26,Debit Card,,,2025-06-19 12:21:07
909,REQ00000909,169,93.0,103.0,5,22.0,24,2024-05-12 20:58:47,2024-05-12 21:01:58,2024-05-12 21:04:17,2024-05-12 21:13:29,Completed,4.66,9.2,50.0,1.5,10.0,0.0,0.0,15.57,210.15,Cash,,,2024-05-12 21:13:29
910,REQ00000910,467,8.0,9.0,8,38.0,37,2024-06-23 00:26:16,2024-06-23 00:29:03,2024-06-23 00:40:03,2024-06-23 01:39:03,Completed,34.39,59.0,70.0,1.2,12.0,0.0,0.0,68.72,927.74,Mobile Wallet,,,2024-06-23 01:39:03
911,REQ00000911,253,54.0,60.0,2,7.0,10,2024-05-17 05:05:21,2024-05-17 05:07:39,2024-05-17 05:21:05,2024-05-17 05:24:05,Completed,2.98,3.0,50.0,1.2,10.0,0.0,0.0,9.62,129.93,Cash,,,2024-05-17 05:24:05
912,REQ00000912,398,29.0,32.0,1,2.0,1,2025-03-01 20:18:49,2025-03-01 20:20:47,2025-03-01 20:27:16,2025-03-01 20:30:16,Completed,1.57,3.0,70.0,1.5,12.0,0.0,0.0,13.39,180.71,Mobile Wallet,,,2025-03-01 20:30:16
913,REQ00000913,407,25.0,28.0,5,22.0,21,2024-05-15 06:01:24,2024-05-15 06:01:57,2024-05-15 06:12:16,2024-05-15 06:18:34,Completed,2.41,6.3,30.0,1.0,5.0,20.0,0.0,6.45,87.03,Debit Card,,,2024-05-15 06:18:34
914,REQ00000914,484,74.0,81.0,9,44.0,41,2024-02-28 10:14:27,2024-02-28 10:18:39,2024-02-28 10:29:01,2024-02-28 10:41:01,Completed,4.84,12.0,70.0,1.0,12.0,0.0,32.02,14.29,160.87,Credit Card,,,2024-02-28 10:41:01
915,REQ00000915,232,57.0,63.0,8,39.0,38,2024-12-22 03:16:01,2024-12-22 03:18:00,2024-12-22 03:23:42,2024-12-22 04:11:48,Completed,26.78,48.1,30.0,1.2,5.0,0.0,0.0,28.54,385.35,Credit Card,,,2024-12-22 04:11:48
916,REQ00000916,238,46.0,51.0,1,3.0,1,2024-01-30 18:45:52,2024-01-30 18:47:19,,,Driver_Cancelled,,,,1.5,,,,,,,Too Far,Driver,2024-01-30 18:47:19
917,REQ00000917,407,1.0,1.0,5,24.0,25,2024-07-29 19:18:08,2024-07-29 19:19:05,2024-07-29 19:29:21,2024-07-29 19:42:33,Completed,4.23,13.2,120.0,1.5,18.0,20.0,0.0,34.88,470.87,Cash,,,2024-07-29 19:42:33
918,REQ00000918,13,54.0,60.0,2,9.0,8,2024-07-13 16:54:40,2024-07-13 16:56:37,2024-07-13 17:09:20,2024-07-13 18:03:26,Completed,30.86,54.1,50.0,1.2,10.0,0.0,0.0,49.1,662.86,Credit Card,,,2024-07-13 18:03:26
919,REQ00000919,364,12.0,14.0,2,7.0,6,2024-08-07 14:00:25,2024-08-07 14:04:51,2024-08-07 14:06:05,2024-08-07 14:15:29,Completed,2.33,9.4,50.0,1.2,10.0,0.0,0.0,9.8,132.27,Credit Card,,,2024-08-07 14:15:29
920,REQ00000920,481,37.0,41.0,5,25.0,23,2024-05-10 01:01:16,2024-05-10 01:04:01,2024-05-10 01:16:59,2024-05-10 01:54:59,Completed,21.25,38.0,150.0,1.2,25.0,100.0,0.0,102.19,1379.59,Bank Transfer,,,2024-05-10 01:54:59
921,REQ00000921,29,32.0,36.0,8,37.0,36,2025-11-26 23:39:42,2025-11-26 23:44:19,,,Rider_Cancelled,,,,1.0,,,,,,,Driver Delayed,Rider,2025-11-26 23:44:19
922,REQ00000922,456,5.0,5.0,7,31.0,34,2025-02-21 18:39:50,2025-02-21 18:42:59,2025-02-21 18:45:25,2025-02-21 18:55:37,Completed,4.71,10.2,30.0,1.5,5.0,0.0,0.0,9.95,134.27,Debit Card,,,2025-02-21 18:55:37
923,REQ00000923,389,1.0,1.0,5,22.0,23,2025-08-11 06:55:02,2025-08-11 06:55:36,,,Rider_Cancelled,,,,1.0,,,,,,,High Fare,Rider,2025-08-11 06:55:36
924,REQ00000924,210,20.0,23.0,3,11.0,15,2024-10-31 18:08:56,2024-10-31 18:13:17,2024-10-31 18:17:37,2024-10-31 18:55:01,Completed,12.65,37.4,70.0,1.5,12.0,0.0,0.0,41.59,561.42,Mobile Wallet,,,2024-10-31 18:55:01
925,REQ00000925,355,52.0,58.0,6,30.0,27,2024-04-12 09:44:09,2024-04-12 09:44:34,,,Rider_Cancelled,,,,1.5,,,,,,,High Fare,Rider,2024-04-12 09:44:34
926,REQ00000926,357,5.0,5.0,7,34.0,33,2024-07-16 00:58:55,2024-07-16 01:02:42,2024-07-16 01:10:41,2024-07-16 01:46:29,Completed,17.15,35.8,30.0,1.2,5.0,0.0,0.0,19.97,269.57,Mobile Wallet,,,2024-07-16 01:46:29
927,REQ00000927,31,42.0,47.0,2,9.0,7,2025-07-31 19:17:51,2025-07-31 19:21:36,2025-07-31 19:35:07,2025-07-31 19:40:55,Completed,2.93,5.8,150.0,1.5,25.0,0.0,0.0,34.33,463.48,Credit Card,,,2025-07-31 19:40:55
928,REQ00000928,35,96.0,106.0,1,5.0,4,2024-09-08 08:51:46,2024-09-08 08:52:39,,,Rider_Cancelled,,,,1.5,,,,,,,Changed Mind,Rider,2024-09-08 08:52:39
929,REQ00000929,457,,,3,11.0,14,2024-05-22 04:41:14,,,,No_Driver_Available,,,,1.2,,,,,,,,,2024-05-22 04:41:14
930,REQ00000930,187,47.0,52.0,5,22.0,25,2024-03-01 08:29:34,2024-03-01 08:34:23,,,Rider_Cancelled,,,,1.5,,,,,,,Long ETA,Rider,2024-03-01 08:34:23
931,REQ00000931,196,25.0,28.0,5,24.0,21,2024-08-27 11:41:06,2024-08-27 11:44:06,,,Rider_Cancelled,,,,1.0,,,,,,,High Fare,Rider,2024-08-27 11:44:06
932,REQ00000932,449,58.0,64.0,7,31.0,32,2024-09-17 09:34:28,2024-09-17 09:35:29,,,Rider_Cancelled,,,,1.5,,,,,,,Long ETA,Rider,2024-09-17 09:35:29
933,REQ00000933,79,9.0,11.0,1,1.0,4,2025-03-20 23:05:58,2025-03-20 23:10:02,,,Rider_Cancelled,,,,1.2,,,,,,,Driver Delayed,Rider,2025-03-20 23:10:02
934,REQ00000934,74,12.0,14.0,2,8.0,6,2024-06-10 08:47:51,2024-06-10 08:51:48,2024-06-10 08:54:30,2024-06-10 09:55:18,Completed,27.05,60.8,50.0,1.5,10.0,0.0,18.73,57.1,752.07,Credit Card,,,2024-06-10 09:55:18
935,REQ00000935,255,12.0,14.0,2,10.0,7,2025-03-16 16:08:23,2025-03-16 16:10:53,,,Driver_Cancelled,,,,1.2,,,,,,,Too Far,Driver,2025-03-16 16:10:53
936,REQ00000936,495,,,4,19.0,20,2025-09-11 08:03:07,,,,No_Driver_Available,,,,1.5,,,,,,,,,2025-09-11 08:03:07
937,REQ00000937,337,87.0,97.0,1,2.0,5,2024-03-09 00:57:41,2024-03-09 00:58:49,2024-03-09 01:07:52,2024-03-09 01:31:58,Completed,6.67,24.1,120.0,1.2,18.0,20.0,0.0,36.2,488.65,Debit Card,,,2024-03-09 01:31:58
938,REQ00000938,102,89.0,99.0,3,14.0,12,2024-01-10 16:43:42,2024-01-10 16:47:20,,,Rider_Cancelled,,,,1.0,,,,,,,Long ETA,Rider,2024-01-10 16:47:20
939,REQ00000939,52,74.0,81.0,9,45.0,42,2025-03-07 02:32:14,2025-03-07 02:35:54,2025-03-07 02:43:04,2025-03-07 02:50:28,Completed,2.67,7.4,70.0,1.2,12.0,0.0,0.0,13.14,177.36,Credit Card,,,2025-03-07 02:50:28
940,REQ00000940,281,5.0,5.0,7,32.0,31,2024-08-30 17:43:54,2024-08-30 17:48:00,2024-08-30 18:01:42,2024-08-30 18:13:00,Completed,4.52,11.3,30.0,1.5,5.0,0.0,0.0,9.9,133.59,Credit Card,,,2024-08-30 18:13:00
941,REQ00000941,500,49.0,54.0,2,10.0,9,2024-04-24 09:12:48,2024-04-24 09:13:23,,,Rider_Cancelled,,,,2.0,,,,,,,Driver Delayed,Rider,2024-04-24 09:13:23
942,REQ00000942,178,49.0,54.0,2,7.0,8,2024-12-18 06:03:43,2024-12-18 06:07:56,,,Driver_Cancelled,,,,1.2,,,,,,,Too Far,Driver,2024-12-18 06:07:56
943,REQ00000943,235,14.0,17.0,10,48.0,46,2024-12-21 14:55:35,2024-12-21 14:57:48,2024-12-21 14:59:56,2024-12-21 15:26:44,Completed,9.74,26.8,30.0,1.2,5.0,0.0,0.0,13.41,181.07,Cash,,,2024-12-21 15:26:44
944,REQ00000944,32,86.0,96.0,9,44.0,42,2025-05-10 09:27:24,2025-05-10 09:29:08,2025-05-10 09:35:34,2025-05-10 09:44:04,Completed,4.43,8.5,100.0,1.5,15.0,0.0,0.0,26.98,364.25,Debit Card,,,2025-05-10 09:44:04
945,REQ00000945,257,54.0,60.0,2,6.0,10,2024-07-01 01:32:22,2024-07-01 01:32:51,,,Rider_Cancelled,,,,1.2,,,,,,,High Fare,Rider,2024-07-01 01:32:51
946,REQ00000946,386,20.0,23.0,3,14.0,15,2025-05-18 17:30:31,2025-05-18 17:31:25,,,Driver_Cancelled,,,,1.5,,,,,,,Personal Reason,Driver,2025-05-18 17:31:25
947,REQ00000947,496,42.0,47.0,2,10.0,9,2025-05-05 15:14:24,2025-05-05 15:17:10,2025-05-05 15:30:44,2025-05-05 15:44:56,Completed,8.91,14.2,150.0,1.0,25.0,0.0,0.0,39.93,539.03,Mobile Wallet,,,2025-05-05 15:44:56
948,REQ00000948,120,22.0,25.0,3,12.0,11,2025-05-24 20:56:58,2025-05-24 21:00:02,2025-05-24 21:01:43,2025-05-24 21:04:43,Completed,1.14,3.0,50.0,1.5,10.0,100.0,0.0,21.38,288.65,Debit Card,,,2025-05-24 21:04:43
949,REQ00000949,413,69.0,76.0,9,42.0,43,2025-11-18 07:38:52,2025-11-18 07:42:38,2025-11-18 07:45:40,2025-11-18 08:18:46,Completed,16.14,33.1,70.0,1.5,12.0,0.0,39.55,46.84,592.74,Mobile Wallet,,,2025-11-18 08:18:46
950,REQ00000950,126,37.0,41.0,5,21.0,25,2024-09-07 04:14:41,2024-09-07 04:18:16,,,Driver_Cancelled,,,,1.5,,,,,,,Other,Driver,2024-09-07 04:18:16
951,REQ00000951,13,15.0,18.0,2,10.0,7,2024-01-04 07:44:11,2024-01-04 07:47:21,2024-01-04 07:49:48,2024-01-04 08:08:42,Completed,11.3,18.9,30.0,1.5,5.0,20.0,0.0,19.72,266.17,Cash,,,2024-01-04 08:08:42
952,REQ00000952,355,83.0,92.0,6,29.0,30,2024-02-09 15:51:56,2024-02-09 15:56:27,2024-02-09 16:07:28,2024-02-09 16:12:22,Completed,2.01,4.9,100.0,1.0,15.0,0.0,0.0,13.4,180.85,Cash,,,2024-02-09 16:12:22
953,REQ00000953,117,64.0,70.0,4,18.0,20,2025-02-18 02:36:54,2025-02-18 02:41:31,2025-02-18 02:54:32,2025-02-18 04:15:08,Completed,23.68,80.6,150.0,1.2,25.0,0.0,0.0,115.95,1565.31,Cash,,,2025-02-18 04:15:08
954,REQ00000954,281,5.0,5.0,7,33.0,34,2024-11-30 17:35:37,2024-11-30 17:36:59,2024-11-30 17:44:22,2024-11-30 18:40:04,Completed,20.88,55.7,30.0,1.5,5.0,0.0,0.0,30.93,417.54,Debit Card,,,2024-11-30 18:40:04
955,REQ00000955,204,90.0,100.0,2,9.0,7,2025-10-06 21:36:28,2025-10-06 21:41:05,,,Driver_Cancelled,,,,1.2,,,,,,,Personal Reason,Driver,2025-10-06 21:41:05
956,REQ00000956,306,12.0,14.0,2,7.0,9,2025-12-30 00:55:07,2025-12-30 00:57:06,2025-12-30 01:00:15,2025-12-30 01:17:27,Completed,4.28,17.2,50.0,1.2,10.0,0.0,0.0,13.17,177.76,Credit Card,,,2025-12-30 01:17:27
957,REQ00000957,2,48.0,53.0,10,47.0,46,2025-12-29 07:59:08,2025-12-29 08:01:19,,,Rider_Cancelled,,,,1.5,,,,,,,Driver Delayed,Rider,2025-12-29 08:01:19
958,REQ00000958,365,59.0,65.0,5,21.0,22,2025-04-21 03:45:48,2025-04-21 03:49:07,,,Driver_Cancelled,,,,1.2,,,,,,,Traffic,Driver,2025-04-21 03:49:07
959,REQ00000959,400,46.0,51.0,1,4.0,2,2024-06-16 01:19:11,2024-06-16 01:22:38,2024-06-16 01:24:13,2024-06-16 01:33:13,Completed,2.79,9.0,50.0,1.2,10.0,50.0,0.0,15.07,203.45,Cash,,,2024-06-16 01:33:13
960,REQ00000960,440,46.0,51.0,1,5.0,4,2024-07-31 17:13:28,2024-07-31 17:17:18,2024-07-31 17:25:04,2024-07-31 17:32:34,Completed,3.85,7.5,50.0,1.5,10.0,0.0,9.62,14.09,180.65,Credit Card,,,2024-07-31 17:32:34
961,REQ00000961,226,61.0,67.0,4,20.0,19,2024-08-09 21:37:23,2024-08-09 21:39:50,2024-08-09 21:50:16,2024-08-09 21:58:10,Completed,2.48,7.9,50.0,1.0,10.0,20.0,0.0,9.73,131.34,Debit Card,,,2024-08-09 21:58:10
962,REQ00000962,422,67.0,74.0,8,38.0,39,2025-08-25 01:48:16,2025-08-25 01:48:31,,,Driver_Cancelled,,,,1.2,,,,,,,Vehicle Issue,Driver,2025-08-25 01:48:31
963,REQ00000963,233,42.0,47.0,2,10.0,7,2025-07-24 23:04:44,2025-07-24 23:07:37,,,Rider_Cancelled,,,,1.2,,,,,,,Other,Rider,2025-07-24 23:07:37
964,REQ00000964,394,98.0,108.0,1,4.0,2,2025-05-14 13:04:52,2025-05-14 13:06:44,2025-05-14 13:18:24,2025-05-14 13:30:42,Completed,3.67,12.3,100.0,1.2,15.0,0.0,14.4,21.04,269.62,Cash,,,2025-05-14 13:30:42
965,REQ00000965,477,78.0,86.0,4,16.0,20,2024-03-23 16:35:11,2024-03-23 16:37:32,2024-03-23 16:51:02,2024-03-23 16:55:26,Completed,4.23,4.4,50.0,1.2,10.0,0.0,25.19,11.27,126.91,Credit Card,,,2024-03-23 16:55:26
966,REQ00000966,337,33.0,37.0,1,5.0,1,2024-08-07 15:48:56,2024-08-07 15:52:14,2024-08-07 16:02:58,2024-08-07 16:19:04,Completed,4.46,16.1,50.0,1.2,10.0,0.0,15.53,13.22,162.89,Mobile Wallet,,,2024-08-07 16:19:04
967,REQ00000967,331,58.0,64.0,7,35.0,33,2024-04-12 03:04:05,2024-04-12 03:05:45,,,Rider_Cancelled,,,,1.2,,,,,,,Changed Mind,Rider,2024-04-12 03:05:45
968,REQ00000968,117,84.0,94.0,4,18.0,20,2025-04-18 13:07:41,2025-04-18 13:08:13,,,Accepted,,,,1.2,,,,,,,,,2025-04-18 13:08:13
969,REQ00000969,105,93.0,103.0,5,23.0,25,2025-04-22 08:11:21,2025-04-22 08:15:38,2025-04-22 08:29:10,2025-04-22 08:53:04,Completed,12.19,23.9,50.0,1.5,10.0,0.0,0.0,29.06,392.25,Cash,,,2025-04-22 08:53:04
970,REQ00000970,95,29.0,32.0,1,1.0,4,2025-06-01 09:27:42,2025-06-01 09:31:48,2025-06-01 09:33:57,2025-06-01 09:46:33,Completed,7.58,12.6,70.0,1.5,12.0,0.0,16.1,26.51,341.76,Debit Card,,,2025-06-01 09:46:33
971,REQ00000971,274,12.0,14.0,2,6.0,10,2025-10-02 03:39:23,2025-10-02 03:40:01,2025-10-02 03:43:47,2025-10-02 03:56:11,Completed,3.04,12.4,50.0,1.2,10.0,0.0,21.62,11.05,127.53,Mobile Wallet,,,2025-10-02 03:56:11
972,REQ00000972,4,2.0,2.0,6,27.0,28,2024-04-15 17:42:58,2024-04-15 17:46:02,2024-04-15 17:59:09,2024-04-15 19:13:09,Completed,34.62,74.0,70.0,1.5,12.0,0.0,0.0,89.92,1213.87,Cash,,,2024-04-15 19:13:09
973,REQ00000973,206,93.0,103.0,5,25.0,21,2025-03-17 14:13:15,2025-03-17 14:16:14,2025-03-17 14:23:31,2025-03-17 14:29:01,Completed,3.75,5.5,50.0,1.0,10.0,0.0,0.0,9.06,122.31,Mobile Wallet,,,2025-03-17 14:29:01
974,REQ00000974,496,,,2,7.0,10,2024-10-29 22:13:39,,,,No_Driver_Available,,,,1.2,,,,,,,,,2024-10-29 22:13:39
975,REQ00000975,96,28.0,31.0,8,38.0,40,2024-04-21 07:10:36,2024-04-21 07:11:41,2024-04-21 07:18:25,2024-04-21 07:47:55,Completed,14.59,29.5,70.0,1.5,12.0,0.0,0.0,43.18,582.96,Cash,,,2024-04-21 07:47:55
976,REQ00000976,168,55.0,61.0,2,8.0,9,2025-11-11 08:02:49,2025-11-11 08:04:35,2025-11-11 08:17:02,2025-11-11 08:58:32,Completed,27.1,41.5,50.0,1.5,10.0,0.0,0.0,53.69,724.87,Credit Card,,,2025-11-11 08:58:32
977,REQ00000977,436,33.0,37.0,1,3.0,2,2024-05-21 19:40:33,2024-05-21 19:41:44,2024-05-21 19:55:27,2024-05-21 20:36:09,Completed,21.67,40.7,50.0,2.0,10.0,0.0,0.0,60.97,823.15,Cash,,,2024-05-21 20:36:09
978,REQ00000978,108,15.0,18.0,2,9.0,7,2024-12-20 13:02:21,2024-12-20 13:04:51,2024-12-20 13:18:28,2024-12-20 13:23:28,Completed,3.06,5.0,30.0,1.0,5.0,0.0,0.0,5.16,69.64,Debit Card,,,2024-12-20 13:23:28
979,REQ00000979,110,10.0,12.0,3,15.0,13,2025-11-28 01:35:30,2025-11-28 01:37:06,2025-11-28 01:47:03,2025-11-28 02:53:15,Completed,33.07,66.2,100.0,1.2,15.0,0.0,0.0,90.42,1220.7,Debit Card,,,2025-11-28 02:53:15
980,REQ00000980,312,31.0,35.0,7,33.0,31,2025-08-17 09:25:34,2025-08-17 09:26:33,,,Rider_Cancelled,,,,1.5,,,,,,,High Fare,Rider,2025-08-17 09:26:33
981,REQ00000981,66,78.0,86.0,4,19.0,17,2025-04-21 08:35:25,2025-04-21 08:39:13,2025-04-21 08:51:27,2025-04-21 08:54:27,Completed,2.66,3.0,50.0,1.5,10.0,0.0,0.0,11.57,156.2,Cash,,,2025-04-21 08:54:27
982,REQ00000982,113,98.0,108.0,1,3.0,2,2024-12-09 21:24:21,2024-12-09 21:28:52,2024-12-09 21:34:37,2024-12-09 22:11:13,Completed,15.58,36.6,100.0,1.2,15.0,0.0,0.0,49.74,671.46,Cash,,,2024-12-09 22:11:13
983,REQ00000983,15,69.0,76.0,9,45.0,44,2024-01-17 04:07:05,2024-01-17 04:07:35,2024-01-17 04:18:23,2024-01-17 04:32:47,Completed,6.43,14.4,70.0,1.2,12.0,0.0,0.0,19.9,268.6,Credit Card,,,2024-01-17 04:32:47
984,REQ00000984,6,54.0,60.0,2,7.0,6,2024-09-21 10:57:16,2024-09-21 10:58:54,2024-09-21 11:05:58,2024-09-21 11:08:58,Completed,2.97,3.0,50.0,1.2,10.0,0.0,0.0,9.61,129.78,Cash,,,2024-09-21 11:08:58
985,REQ00000985,234,9.0,11.0,1,1.0,2,2025-04-24 15:41:59,2025-04-24 15:43:05,,,Driver_Cancelled,,,,1.0,,,,,,,Too Far,Driver,2025-04-24 15:43:05
986,REQ00000986,262,96.0,106.0,1,1.0,3,2025-03-14 17:10:10,2025-03-14 17:13:45,2025-03-14 17:23:28,2025-03-14 18:23:16,Completed,20.94,59.8,30.0,1.5,5.0,0.0,56.26,31.48,368.7,Mobile Wallet,,,2025-03-14 18:23:16
987,REQ00000987,476,38.0,43.0,4,16.0,20,2025-01-13 12:07:24,2025-01-13 12:08:23,2025-01-13 12:23:05,2025-01-13 12:47:53,Completed,7.57,24.8,70.0,1.0,12.0,0.0,0.0,19.61,264.76,Debit Card,,,2025-01-13 12:47:53
988,REQ00000988,471,,,2,7.0,8,2024-10-09 00:42:57,,,,Requested,,,,1.2,,,,,,,,,2024-10-09 00:42:57
989,REQ00000989,481,47.0,52.0,5,23.0,24,2024-09-17 08:23:27,2024-09-17 08:27:06,2024-09-17 08:29:17,2024-09-17 09:05:59,Completed,18.58,36.7,70.0,1.5,12.0,0.0,0.0,52.09,703.24,Mobile Wallet,,,2024-09-17 09:05:59
990,REQ00000990,490,12.0,14.0,2,10.0,8,2025-09-19 01:42:15,2025-09-19 01:46:52,2025-09-19 01:51:41,2025-09-19 02:33:29,Completed,23.7,41.8,50.0,1.5,10.0,0.0,0.0,48.85,659.5,Bank Transfer,,,2025-09-19 02:33:29
991,REQ00000991,15,70.0,77.0,9,42.0,43,2024-05-18 06:29:44,2024-05-18 06:31:04,2024-05-18 06:39:41,2024-05-18 07:30:05,Completed,28.34,50.4,120.0,1.2,18.0,0.0,0.0,87.62,1182.84,Debit Card,,,2024-05-18 07:30:05
992,REQ00000992,479,90.0,100.0,2,7.0,9,2025-01-30 21:02:21,2025-01-30 21:07:16,2025-01-30 21:14:18,2025-01-30 21:21:18,Completed,0.9,7.0,50.0,1.2,10.0,0.0,9.12,7.8,96.24,Cash,,,2025-01-30 21:21:18
993,REQ00000993,291,97.0,107.0,8,40.0,36,2024-01-27 07:20:23,2024-01-27 07:23:37,2024-01-27 07:33:15,2024-01-27 07:44:51,Completed,3.83,11.6,70.0,1.5,12.0,0.0,0.0,19.52,263.5,Credit Card,,,2024-01-27 07:44:51
994,REQ00000994,343,70.0,77.0,9,45.0,41,2025-01-08 08:09:46,2025-01-08 08:12:43,2025-01-08 08:26:21,2025-01-08 08:29:21,Completed,1.87,3.0,120.0,1.5,18.0,100.0,0.0,34.58,466.79,Bank Transfer,,,2025-01-08 08:29:21
995,REQ00000995,347,90.0,100.0,2,6.0,10,2025-06-23 07:42:16,2025-06-23 07:43:34,2025-06-23 07:46:03,2025-06-23 07:49:45,Completed,1.9,3.7,50.0,1.5,10.0,0.0,0.0,10.6,143.12,Mobile Wallet,,,2025-06-23 07:49:45
996,REQ00000996,251,33.0,37.0,1,5.0,4,2025-05-16 15:10:46,2025-05-16 15:14:42,2025-05-16 15:22:09,2025-05-16 15:36:45,Completed,5.66,14.6,50.0,1.2,10.0,0.0,0.0,14.38,194.16,Mobile Wallet,,,2025-05-16 15:36:45
997,REQ00000997,73,96.0,106.0,1,3.0,5,2025-06-25 12:07:01,2025-06-25 12:10:06,2025-06-25 12:17:48,2025-06-25 13:06:18,Completed,23.83,48.5,30.0,1.2,5.0,0.0,0.0,26.32,355.29,Credit Card,,,2025-06-25 13:06:18
998,REQ00000998,356,29.0,32.0,1,4.0,1,2025-03-23 06:49:20,2025-03-23 06:49:40,2025-03-23 07:01:20,2025-03-23 07:04:26,Completed,1.85,3.1,70.0,1.2,12.0,0.0,0.0,11.13,150.27,Credit Card,,,2025-03-23 07:04:26
999,REQ00000999,183,57.0,63.0,8,37.0,40,2024-04-16 10:04:20,2024-04-16 10:09:08,2024-04-16 10:21:50,2024-04-16 10:28:08,Completed,1.76,6.3,30.0,1.2,5.0,0.0,0.0,5.32,71.78,Debit Card,,,2024-04-16 10:28:08
1000,REQ00001000,492,69.0,76.0,9,44.0,41,2025-05-02 21:50:01,2025-05-02 21:53:19,2025-05-02 22:03:02,2025-05-02 22:08:26,Completed,2.01,5.4,70.0,1.0,12.0,0.0,0.0,9.84,132.79,Bank Transfer,,,2025-05-02 22:08:26
1001,REQ00001001,119,2.0,2.0,6,28.0,29,2025-04-15 11:27:23,2025-04-15 11:27:48,2025-04-15 11:32:02,2025-04-15 12:49:44,Completed,34.59,77.7,70.0,1.0,12.0,0.0,0.0,60.5,816.75,Cash,,,2025-04-15 12:49:44
1002,REQ00001002,89,82.0,91.0,10,47.0,46,2024-04-27 12:12:44,2024-04-27 12:14:16,2024-04-27 12:19:40,2024-04-27 12:36:34,Completed,7.42,16.9,50.0,1.2,10.0,0.0,0.0,16.74,226.01,Debit Card,,,2024-04-27 12:36:34
1003,REQ00001003,206,81.0,89.0,5,22.0,24,2024-02-06 02:04:38,2024-02-06 02:07:10,2024-02-06 02:12:50,2024-02-06 02:26:26,Completed,6.64,13.6,100.0,1.2,15.0,50.0,0.0,31.85,430.01,Debit Card,,,2024-02-06 02:26:26
1004,REQ00001004,411,74.0,81.0,9,41.0,42,2025-07-03 22:50:55,2025-07-03 22:54:47,2025-07-03 23:02:44,2025-07-03 23:16:38,Completed,3.97,13.9,70.0,1.0,12.0,0.0,29.41,13.55,153.49,Debit Card,,,2025-07-03 23:16:38
1005,REQ00001005,429,20.0,23.0,3,14.0,15,2025-08-02 14:33:26,2025-08-02 14:35:26,,,Rider_Cancelled,,,,1.2,,,,,,,High Fare,Rider,2025-08-02 14:35:26
1006,REQ00001006,241,20.0,23.0,3,11.0,12,2025-07-12 05:11:35,2025-07-12 05:13:39,2025-07-12 05:26:57,2025-07-12 05:42:21,Completed,5.24,15.4,70.0,1.2,12.0,20.0,0.0,20.29,273.97,Mobile Wallet,,,2025-07-12 05:42:21
1007,REQ00001007,440,96.0,106.0,1,5.0,4,2025-10-20 01:40:41,2025-10-20 01:43:12,2025-10-20 01:45:02,2025-10-20 01:48:32,Completed,2.01,3.5,30.0,1.2,5.0,0.0,0.0,5.24,70.74,Mobile Wallet,,,2025-10-20 01:48:32
1008,REQ00001008,153,98.0,108.0,1,3.0,1,2024-04-12 21:20:16,2024-04-12 21:24:15,2024-04-12 21:27:42,2024-04-12 22:00:42,Completed,14.59,33.0,100.0,1.2,15.0,0.0,41.26,46.97,592.87,Mobile Wallet,,,2024-04-12 22:00:42
1009,REQ00001009,408,1.0,1.0,5,24.0,25,2025-03-16 16:43:33,2025-03-16 16:46:59,,,Driver_Cancelled,,,,1.2,,,,,,,Personal Reason,Driver,2025-03-16 16:46:59
1010,REQ00001010,152,84.0,94.0,4,17.0,18,2025-08-18 09:36:39,2025-08-18 09:39:03,2025-08-18 09:45:03,2025-08-18 10:58:39,Completed,31.3,73.6,70.0,1.5,12.0,0.0,44.56,83.84,1087.33,Debit Card,,,2025-08-18 10:58:39
1011,REQ00001011,212,96.0,106.0,1,5.0,3,2025-05-03 19:42:01,2025-05-03 19:44:29,2025-05-03 19:51:42,2025-05-03 20:12:24,Completed,13.37,20.7,30.0,1.5,5.0,0.0,0.0,19.52,263.51,Mobile Wallet,,,2025-05-03 20:12:24
1012,REQ00001012,33,67.0,74.0,8,39.0,37,2024-11-18 19:58:36,2024-11-18 19:59:34,2024-11-18 20:02:19,2024-11-18 20:07:31,Completed,2.6,5.2,50.0,1.5,10.0,0.0,20.3,11.88,140.08,Debit Card,,,2024-11-18 20:07:31
1013,REQ00001013,392,54.0,60.0,2,8.0,10,2025-08-03 08:16:11,2025-08-03 08:16:47,2025-08-03 08:21:18,2025-08-03 08:48:00,Completed,16.09,26.7,50.0,1.5,10.0,0.0,0.0,35.18,474.88,Bank Transfer,,,2025-08-03 08:48:00
1014,REQ00001014,111,,,7,35.0,31,2025-06-12 14:20:04,,,,No_Driver_Available,,,,1.0,,,,,,,,,2025-06-12 14:20:04
1015,REQ00001015,291,56.0,62.0,8,37.0,36,2025-01-18 03:14:35,2025-01-18 03:18:32,,,Driver_Cancelled,,,,1.2,,,,,,,Other,Driver,2025-01-18 03:18:32
1016,REQ00001016,296,62.0,68.0,6,30.0,28,2025-08-06 22:54:17,2025-08-06 22:55:01,2025-08-06 23:04:49,2025-08-07 00:06:07,Completed,21.7,61.3,50.0,1.2,10.0,0.0,0.0,39.59,534.41,Mobile Wallet,,,2025-08-07 00:06:07
1017,REQ00001017,296,18.0,21.0,6,26.0,30,2024-06-26 15:22:23,2024-06-26 15:22:56,2024-06-26 15:36:21,2024-06-26 15:48:33,Completed,6.14,12.2,50.0,1.0,10.0,0.0,30.92,12.16,133.22,Cash,,,2024-06-26 15:48:33
1018,REQ00001018,64,11.0,13.0,3,11.0,12,2025-12-07 03:05:45,2025-12-07 03:07:02,2025-12-07 03:17:04,2025-12-07 03:29:10,Completed,5.76,12.1,100.0,1.5,15.0,0.0,0.0,31.25,421.92,Debit Card,,,2025-12-07 03:29:10
1019,REQ00001019,481,93.0,103.0,5,24.0,21,2025-09-21 19:34:31,2025-09-21 19:35:15,,,Rider_Cancelled,,,,1.5,,,,,,,Other,Rider,2025-09-21 19:35:15
1020,REQ00001020,64,89.0,99.0,3,11.0,13,2025-03-10 07:25:42,2025-03-10 07:28:43,2025-03-10 07:33:08,2025-03-10 08:37:20,Completed,26.25,64.2,100.0,1.5,15.0,0.0,0.0,96.06,1296.81,Mobile Wallet,,,2025-03-10 08:37:20
1021,REQ00001021,150,49.0,54.0,2,9.0,6,2025-11-11 18:25:54,2025-11-11 18:27:17,,,Rider_Cancelled,,,,1.5,,,,,,,High Fare,Rider,2025-11-11 18:27:17
1022,REQ00001022,16,98.0,108.0,1,4.0,2,2025-09-15 00:16:59,2025-09-15 00:21:30,2025-09-15 00:34:34,2025-09-15 00:48:22,Completed,5.25,13.8,100.0,1.2,15.0,20.0,0.0,26.35,355.75,Credit Card,,,2025-09-15 00:48:22
1023,REQ00001023,419,72.0,79.0,10,47.0,50,2025-04-30 10:09:53,2025-04-30 10:14:10,2025-04-30 10:27:55,2025-04-30 10:33:07,Completed,5.01,5.2,50.0,1.2,10.0,0.0,0.0,12.28,165.78,Mobile Wallet,,,2025-04-30 10:33:07
1024,REQ00001024,114,75.0,82.0,4,20.0,16,2025-02-05 04:03:36,2025-02-05 04:08:31,,,Driver_Cancelled,,,,1.2,,,,,,,Personal Reason,Driver,2025-02-05 04:08:31
1025,REQ00001025,239,40.0,45.0,8,36.0,39,2025-09-02 05:24:20,2025-09-02 05:24:43,2025-09-02 05:38:57,2025-09-02 05:43:33,Completed,2.51,4.6,120.0,1.2,18.0,0.0,0.0,19.87,268.29,Debit Card,,,2025-09-02 05:43:33
1026,REQ00001026,451,16.0,19.0,3,13.0,14,2025-06-17 07:16:16,2025-06-17 07:19:16,2025-06-17 07:31:08,2025-06-17 08:54:50,Completed,28.15,83.7,150.0,2.0,25.0,0.0,0.0,216.69,2925.29,Cash,,,2025-06-17 08:54:50
1027,REQ00001027,145,,,2,6.0,8,2025-12-03 02:05:27,,,,No_Driver_Available,,,,1.2,,,,,,,,,2025-12-03 02:05:27
1028,REQ00001028,106,78.0,86.0,4,20.0,18,2025-11-12 11:33:30,2025-11-12 11:33:56,2025-11-12 11:43:11,2025-11-12 12:26:05,Completed,16.0,42.9,50.0,1.0,10.0,0.0,0.0,25.31,341.66,Credit Card,,,2025-11-12 12:26:05
1029,REQ00001029,443,54.0,60.0,2,9.0,8,2024-03-21 12:32:07,2024-03-21 12:35:40,2024-03-21 12:50:31,2024-03-21 13:36:37,Completed,21.92,46.1,50.0,1.0,10.0,0.0,0.0,31.38,423.57,Cash,,,2024-03-21 13:36:37
1030,REQ00001030,411,86.0,96.0,9,41.0,43,2025-01-29 09:36:46,2025-01-29 09:39:49,2025-01-29 09:49:26,2025-01-29 11:01:26,Completed,33.4,72.0,100.0,1.5,15.0,0.0,0.0,115.56,1560.06,Credit Card,,,2025-01-29 11:01:26
1031,REQ00001031,68,84.0,94.0,4,19.0,18,2024-03-16 22:30:19,2024-03-16 22:30:46,2024-03-16 22:41:38,2024-03-16 23:28:38,Completed,19.65,47.0,70.0,1.2,12.0,100.0,0.0,54.79,739.69,Debit Card,,,2024-03-16 23:28:38
1032,REQ00001032,471,54.0,60.0,2,6.0,10,2024-01-01 12:20:48,2024-01-01 12:25:02,2024-01-01 12:39:15,2024-01-01 12:43:21,Completed,1.86,4.1,50.0,1.0,10.0,0.0,0.0,7.08,95.55,Cash,,,2024-01-01 12:43:21
1033,REQ00001033,239,68.0,75.0,8,39.0,37,2024-06-18 06:52:03,2024-06-18 06:56:56,2024-06-18 07:11:33,2024-06-18 07:26:21,Completed,6.84,14.8,150.0,1.0,25.0,0.0,0.0,35.15,474.55,Mobile Wallet,,,2024-06-18 07:26:21
1034,REQ00001034,255,55.0,61.0,2,6.0,10,2024-05-06 19:51:55,2024-05-06 19:55:46,,,Rider_Cancelled,,,,1.5,,,,,,,High Fare,Rider,2024-05-06 19:55:46
1035,REQ00001035,475,48.0,53.0,10,48.0,49,2025-04-11 17:38:51,2025-04-11 17:42:56,,,Rider_Cancelled,,,,1.5,,,,,,,High Fare,Rider,2025-04-11 17:42:56
1036,REQ00001036,466,81.0,89.0,5,25.0,24,2024-08-17 20:48:16,2024-08-17 20:53:14,2024-08-17 21:00:10,2024-08-17 21:05:34,Completed,4.93,5.4,100.0,1.5,15.0,0.0,0.0,27.25,367.9,Mobile Wallet,,,2024-08-17 21:05:34
1037,REQ00001037,483,,,4,19.0,16,2024-08-24 10:30:31,,,,No_Driver_Available,,,,1.2,,,,,,,,,2024-08-24 10:30:31
1038,REQ00001038,429,,,3,12.0,14,2024-05-16 21:36:01,,,,No_Driver_Available,,,,1.2,,,,,,,,,2024-05-16 21:36:01
1039,REQ00001039,491,55.0,61.0,2,8.0,10,2025-02-03 20:42:29,2025-02-03 20:44:26,,,Rider_Cancelled,,,,1.5,,,,,,,Changed Mind,Rider,2025-02-03 20:44:26
1040,REQ00001040,343,,,9,44.0,43,2024-02-27 08:28:46,,,,Flying,,,,1.5,,,,,,,,,2024-02-27 08:28:46
1041,REQ00001041,229,5.0,5.0,7,31.0,32,2024-09-06 15:57:25,2024-09-06 15:58:19,2024-09-06 16:06:00,2024-09-06 16:18:06,Completed,2.83,12.1,30.0,1.0,5.0,0.0,0.0,5.58,75.32,Debit Card,,,2024-09-06 16:18:06
1042,REQ00001042,498,67.0,74.0,8,37.0,36,2025-12-15 21:03:44,2025-12-15 21:07:35,2025-12-15 21:22:04,2025-12-15 21:34:04,Completed,1.87,12.0,50.0,1.2,10.0,0.0,0.0,9.64,130.17,Mobile Wallet,,,2025-12-15 21:34:04
1043,REQ00001043,130,14.0,17.0,10,48.0,49,2025-10-25 00:30:02,2025-10-25 00:30:50,,,Rider_Cancelled,,,,1.5,,,,,,,High Fare,Rider,2025-10-25 00:30:50
1044,REQ00001044,377,72.0,79.0,10,46.0,50,2025-10-26 00:15:47,2025-10-26 00:16:51,,,Rider_Cancelled,,,,1.2,,,,,,,Driver Delayed,Rider,2025-10-26 00:16:51
1045,REQ00001045,303,31.0,35.0,7,31.0,33,2025-06-07 07:35:10,2025-06-07 07:35:55,2025-06-07 07:44:51,2025-06-07 08:44:51,Completed,32.02,60.0,100.0,2.0,15.0,0.0,0.0,144.86,1955.66,Cash,,,2025-06-07 08:44:51
1046,REQ00001046,469,,,2,9.0,6,2024-05-26 22:47:49,,,,No_Driver_Available,,,,1.2,,,,,,,,,2024-05-26 22:47:49
1047,REQ00001047,335,,,2,10.0,6,2024-05-08 11:55:23,,,,Requested,,,,1.0,,,,,,,,,2024-05-08 11:55:23
1048,REQ00001048,334,16.0,19.0,3,15.0,13,2025-01-05 15:35:52,2025-01-05 15:38:25,2025-01-05 15:53:18,2025-01-05 16:27:36,Completed,17.83,34.3,150.0,1.2,25.0,0.0,0.0,81.32,1097.84,Credit Card,,,2025-01-05 16:27:36
1049,REQ00001049,265,59.0,65.0,5,25.0,23,2025-10-15 00:54:18,2025-10-15 00:55:38,2025-10-15 01:02:36,2025-10-15 02:01:06,Completed,26.5,58.5,70.0,1.2,12.0,0.0,0.0,57.26,773.06,Credit Card,,,2025-10-15 02:01:06
1050,REQ00001050,241,89.0,99.0,3,13.0,15,2024-01-29 23:17:55,2024-01-29 23:19:41,2024-01-29 23:25:59,2024-01-29 23:58:05,Completed,11.01,32.1,100.0,1.0,15.0,0.0,46.42,33.24,402.27,Cash,,,2024-01-29 23:58:05
1051,REQ00001051,273,94.0,104.0,6,27.0,28,2025-06-04 07:09:01,2025-06-04 07:13:27,2025-06-04 07:18:43,2025-06-04 08:53:43,Completed,29.55,95.0,50.0,1.5,10.0,0.0,0.0,66.85,902.5,Cash,,,2025-06-04 08:53:43
1052,REQ00001052,424,81.0,89.0,5,21.0,23,2024-05-23 23:58:12,2024-05-24 00:00:50,2024-05-24 00:08:51,2024-05-24 00:31:57,Completed,10.59,23.1,100.0,1.2,15.0,0.0,0.0,36.92,498.38,Mobile Wallet,,,2024-05-24 00:31:57
1053,REQ00001053,229,31.0,35.0,7,35.0,34,2025-08-20 07:26:34,2025-08-20 07:29:20,2025-08-20 07:38:40,2025-08-20 07:48:10,Completed,4.33,9.5,100.0,1.5,15.0,0.0,0.0,27.04,365.06,Credit Card,,,2025-08-20 07:48:10
1054,REQ00001054,443,90.0,100.0,2,8.0,10,2025-04-15 14:43:59,2025-04-15 14:47:53,2025-04-15 14:57:00,2025-04-15 15:29:12,Completed,15.06,32.2,50.0,1.0,10.0,50.0,0.0,27.12,366.14,Mobile Wallet,,,2025-04-15 15:29:12
1055,REQ00001055,496,49.0,54.0,2,7.0,10,2025-06-04 01:43:12,2025-06-04 01:43:33,,,Driver_Cancelled,,,,1.2,,,,,,,Traffic,Driver,2025-06-04 01:43:33
1056,REQ00001056,149,14.0,17.0,10,47.0,48,2025-04-30 01:23:22,2025-04-30 01:26:21,2025-04-30 01:31:28,2025-04-30 01:47:34,Completed,9.77,16.1,30.0,1.2,5.0,0.0,0.0,12.41,167.52,Bank Transfer,,,2025-04-30 01:47:34
1057,REQ00001057,500,90.0,100.0,2,6.0,9,2025-06-14 04:30:33,2025-06-14 04:34:47,2025-06-14 04:38:58,2025-06-14 04:57:10,Completed,4.54,18.2,50.0,1.2,10.0,20.0,20.9,15.53,188.77,Credit Card,,,2025-06-14 04:57:10
1058,REQ00001058,408,37.0,41.0,5,25.0,23,2024-07-09 21:35:57,2024-07-09 21:39:57,,,Rider_Cancelled,,,,1.0,,,,,,,High Fare,Rider,2024-07-09 21:39:57
1059,REQ00001059,268,81.0,89.0,5,22.0,25,2025-07-05 12:04:39,2025-07-05 12:06:08,,,Driver_Cancelled,,,,1.2,,,,,,,Traffic,Driver,2025-07-05 12:06:08
1060,REQ00001060,164,49.0,54.0,2,7.0,8,2025-05-03 18:54:56,2025-05-03 18:57:41,2025-05-03 19:07:17,2025-05-03 19:44:47,Completed,22.98,37.5,70.0,1.5,12.0,100.0,0.0,72.2,974.75,Cash,,,2025-05-03 19:44:47
1061,REQ00001061,369,96.0,106.0,1,4.0,2,2024-05-24 03:34:49,2024-05-24 03:39:13,2024-05-24 03:43:48,2024-05-24 03:49:00,Completed,2.22,5.2,30.0,1.2,5.0,0.0,0.0,5.56,75.11,Cash,,,2024-05-24 03:49:00
1062,REQ00001062,144,60.0,66.0,5,24.0,23,2025-06-10 02:43:49,2025-06-10 02:46:24,2025-06-10 02:59:52,2025-06-10 04:29:52,Completed,27.58,90.0,70.0,1.2,12.0,0.0,0.0,64.87,875.71,Mobile Wallet,,,2025-06-10 04:29:52
1063,REQ00001063,33,56.0,62.0,8,37.0,40,2024-04-14 16:47:57,2024-04-14 16:50:35,,,Rider_Cancelled,,,,1.2,,,,,,,Other,Rider,2024-04-14 16:50:35
1064,REQ00001064,325,90.0,100.0,2,9.0,6,2024-09-10 07:05:20,2024-09-10 07:07:39,,,Accepted,,,,1.5,,,,,,,,,2024-09-10 07:07:39
1065,REQ00001065,361,2.0,2.0,6,26.0,28,2024-04-30 20:41:12,2024-04-30 20:45:23,,,Driver_Cancelled,,,,1.5,,,,,,,Too Far,Driver,2024-04-30 20:45:23
1066,REQ00001066,87,46.0,51.0,1,5.0,4,2025-07-18 08:11:10,2025-07-18 08:14:12,2025-07-18 08:18:24,2025-07-18 08:37:54,Completed,7.58,19.5,50.0,1.5,10.0,0.0,0.0,21.63,291.94,Cash,,,2025-07-18 08:37:54
1067,REQ00001067,417,49.0,54.0,2,7.0,9,2025-12-20 23:29:39,2025-12-20 23:32:25,,,Rider_Cancelled,,,,1.2,,,,,,,High Fare,Rider,2025-12-20 23:32:25
1068,REQ00001068,253,90.0,100.0,2,9.0,6,2024-04-17 23:09:39,2024-04-17 23:11:39,2024-04-17 23:25:27,2024-04-17 23:35:03,Completed,6.07,9.6,50.0,1.2,10.0,0.0,0.0,14.14,190.83,Debit Card,,,2024-04-17 23:35:03
1069,REQ00001069,121,,,9,43.0,44,2024-05-05 07:11:43,,,,Requested,,,,2.0,,,,,,,,,2024-05-05 07:11:43
1070,REQ00001070,196,1.0,1.0,5,24.0,23,2025-05-16 15:22:02,2025-05-16 15:26:12,2025-05-16 15:37:43,2025-05-16 16:27:31,Completed,22.48,49.8,120.0,1.0,18.0,0.0,0.0,62.56,844.52,Cash,,,2025-05-16 16:27:31
1071,REQ00001071,284,67.0,74.0,8,37.0,36,2024-10-19 21:15:13,2024-10-19 21:18:12,2024-10-19 21:31:08,2024-10-19 21:46:02,Completed,8.53,14.9,50.0,1.2,10.0,0.0,0.0,17.73,239.38,Credit Card,,,2024-10-19 21:46:02
1072,REQ00001072,297,12.0,14.0,2,10.0,9,2025-11-12 01:48:29,2025-11-12 01:51:31,2025-11-12 02:00:02,2025-11-12 02:03:02,Completed,2.29,3.0,50.0,1.5,10.0,0.0,0.0,11.04,149.01,Cash,,,2025-11-12 02:03:02
1073,REQ00001073,119,13.0,16.0,6,28.0,29,2025-01-02 15:39:23,2025-01-02 15:40:18,2025-01-02 15:52:44,2025-01-02 16:16:14,Completed,10.12,23.5,120.0,1.0,18.0,0.0,0.0,34.49,465.63,Cash,,,2025-01-02 16:16:14
1074,REQ00001074,190,90.0,100.0,2,6.0,8,2025-02-13 07:11:37,2025-02-13 07:14:27,2025-02-13 07:27:39,2025-02-13 08:45:15,Completed,34.4,77.6,50.0,1.5,10.0,0.0,0.0,70.7,954.5,Credit Card,,,2025-02-13 08:45:15
1075,REQ00001075,496,49.0,54.0,2,9.0,10,2024-05-10 18:32:45,2024-05-10 18:33:27,2024-05-10 18:42:05,2024-05-10 18:52:11,Completed,2.83,10.1,70.0,1.5,12.0,0.0,0.0,17.36,234.34,Mobile Wallet,,,2024-05-10 18:52:11
1076,REQ00001076,40,21.0,24.0,5,23.0,25,2024-08-03 09:48:04,2024-08-03 09:50:38,2024-08-03 10:02:43,2024-08-03 11:27:49,Completed,29.06,85.1,30.0,1.5,5.0,0.0,0.0,42.31,571.18,Credit Card,,,2024-08-03 11:27:49
1077,REQ00001077,336,79.0,87.0,6,26.0,27,2024-10-20 16:44:18,2024-10-20 16:44:54,2024-10-20 16:48:56,2024-10-20 16:51:56,Completed,2.45,3.0,150.0,1.2,25.0,0.0,0.0,25.01,337.61,Bank Transfer,,,2024-10-20 16:51:56
1078,REQ00001078,430,86.0,96.0,9,43.0,41,2024-01-29 18:58:31,2024-01-29 19:01:05,2024-01-29 19:04:32,2024-01-29 20:14:26,Completed,29.06,69.9,100.0,1.5,15.0,0.0,0.0,104.51,1410.93,Mobile Wallet,,,2024-01-29 20:14:26
1079,REQ00001079,365,6.0,6.0,5,25.0,21,2024-03-09 12:50:06,2024-03-09 12:54:33,,,Driver_Cancelled,,,,1.2,,,,,,,Vehicle Issue,Driver,2024-03-09 12:54:33
1080,REQ00001080,422,68.0,75.0,8,38.0,37,2025-11-29 11:39:26,2025-11-29 11:41:58,2025-11-29 11:55:56,2025-11-29 12:54:14,Completed,19.29,58.3,150.0,1.2,25.0,0.0,0.0,94.74,1279.02,Debit Card,,,2025-11-29 12:54:14
1081,REQ00001081,62,75.0,82.0,4,16.0,20,2025-08-12 20:35:10,2025-08-12 20:39:29,2025-08-12 20:44:25,2025-08-12 20:59:25,Completed,6.0,15.0,30.0,1.5,5.0,0.0,0.0,11.76,158.76,Credit Card,,,2025-08-12 20:59:25
1082,REQ00001082,457,11.0,13.0,3,13.0,15,2025-06-14 08:43:00,2025-06-14 08:45:33,2025-06-14 08:56:38,2025-06-14 10:25:08,Completed,30.55,88.5,100.0,1.5,15.0,0.0,0.0,113.67,1534.55,Cash,,,2025-06-14 10:25:08
1083,REQ00001083,26,29.0,32.0,1,4.0,3,2025-11-12 18:14:24,2025-11-12 18:19:14,2025-11-12 18:31:53,2025-11-12 19:08:29,Completed,20.75,36.6,70.0,1.5,12.0,0.0,0.0,55.97,755.64,Mobile Wallet,,,2025-11-12 19:08:29
1084,REQ00001084,497,49.0,54.0,2,8.0,10,2025-03-05 04:44:45,2025-03-05 04:47:44,2025-03-05 04:53:54,2025-03-05 05:09:18,Completed,10.54,15.4,70.0,1.2,12.0,0.0,0.0,26.01,351.09,Credit Card,,,2025-03-05 05:09:18
1085,REQ00001085,16,29.0,32.0,1,5.0,1,2025-04-06 06:12:44,2025-04-06 06:16:41,,,Rider_Cancelled,,,,1.2,,,,,,,Changed Mind,Rider,2025-04-06 06:16:41
1086,REQ00001086,50,72.0,79.0,10,50.0,49,2025-07-22 03:42:22,2025-07-22 03:43:29,,,Rider_Cancelled,,,,1.2,,,,,,,Changed Mind,Rider,2025-07-22 03:43:29
1087,REQ00001087,404,82.0,91.0,10,46.0,47,2025-01-06 13:55:01,2025-01-06 13:59:37,,,Rider_Cancelled,,,,1.0,,,,,,,Other,Rider,2025-01-06 13:59:37
1088,REQ00001088,320,69.0,76.0,9,42.0,45,2025-02-25 15:32:00,2025-02-25 15:35:23,,,Rider_Cancelled,,,,1.0,,,,,,,Long ETA,Rider,2025-02-25 15:35:23
1089,REQ00001089,134,54.0,60.0,2,9.0,7,2024-06-16 08:01:14,2024-06-16 08:05:23,2024-06-16 08:08:42,2024-06-16 08:17:54,Completed,5.93,9.2,50.0,1.5,10.0,0.0,0.0,17.4,234.84,Debit Card,,,2024-06-16 08:17:54
1090,REQ00001090,207,67.0,74.0,8,36.0,39,2024-12-03 03:13:29,2024-12-03 03:15:05,2024-12-03 03:26:43,2024-12-03 03:33:31,Completed,4.4,6.8,50.0,1.2,10.0,20.0,0.0,13.73,185.33,Debit Card,,,2024-12-03 03:33:31
1091,REQ00001091,146,94.0,104.0,6,26.0,30,2024-01-18 10:19:06,2024-01-18 10:22:59,,,Accepted,,,,1.0,,,,,,,,,2024-01-18 10:22:59
1092,REQ00001092,375,98.0,108.0,1,4.0,1,2025-03-04 01:02:02,2025-03-04 01:03:48,2025-03-04 01:10:59,2025-03-04 01:33:05,Completed,7.33,22.1,100.0,1.2,15.0,0.0,0.0,30.42,410.64,Cash,,,2025-03-04 01:33:05
1093,REQ00001093,276,16.0,19.0,3,12.0,11,2024-10-15 00:45:48,2024-10-15 00:50:39,2024-10-15 00:52:30,2024-10-15 01:11:24,Completed,5.49,18.9,150.0,1.2,25.0,0.0,0.0,39.87,538.23,Mobile Wallet,,,2024-10-15 01:11:24
1094,REQ00001094,294,10.0,12.0,3,14.0,15,2025-05-16 15:59:35,2025-05-16 16:01:44,2025-05-16 16:12:15,2025-05-16 16:26:09,Completed,4.04,13.9,100.0,1.2,15.0,0.0,0.0,22.13,298.79,Cash,,,2025-05-16 16:26:09
1095,REQ00001095,229,31.0,35.0,7,32.0,31,2024-10-25 19:43:10,2024-10-25 19:45:09,,,Driver_Cancelled,,,,1.5,,,,,,,Traffic,Driver,2024-10-25 19:45:09
1096,REQ00001096,252,14.0,17.0,10,48.0,46,2024-09-09 20:12:39,2024-09-09 20:17:06,2024-09-09 20:19:02,2024-09-09 20:59:26,Completed,17.67,40.4,30.0,1.5,5.0,0.0,0.0,26.01,351.15,Credit Card,,,2024-09-09 20:59:26
1097,REQ00001097,225,74.0,81.0,9,45.0,41,2024-07-26 02:30:59,2024-07-26 02:32:50,2024-07-26 02:36:50,2024-07-26 02:43:14,Completed,2.56,6.4,70.0,1.2,12.0,0.0,0.0,12.79,172.63,Mobile Wallet,,,2024-07-26 02:43:14
1098,REQ00001098,294,11.0,13.0,3,11.0,12,2024-08-07 03:05:52,2024-08-07 03:10:19,,,Rider_Cancelled,,,,1.2,,,,,,,Changed Mind,Rider,2024-08-07 03:10:19
1099,REQ00001099,218,86.0,96.0,9,44.0,43,2024-03-05 02:30:24,2024-03-05 02:32:54,2024-03-05 02:42:09,2024-03-05 03:45:33,Completed,21.32,63.4,100.0,1.2,15.0,0.0,0.0,67.19,907.07,Cash,,,2024-03-05 03:45:33
1100,REQ00001100,292,29.0,32.0,1,4.0,5,2025-03-17 19:46:10,2025-03-17 19:47:08,2025-03-17 19:53:07,2025-03-17 20:13:43,Completed,7.34,20.6,70.0,1.5,12.0,0.0,0.0,28.0,377.95,Mobile Wallet,,,2025-03-17 20:13:43
1101,REQ00001101,235,14.0,17.0,10,47.0,50,2025-01-25 23:19:08,2025-01-25 23:21:41,,,Rider_Cancelled,,,,1.2,,,,,,,Driver Delayed,Rider,2025-01-25 23:21:41
1102,REQ00001102,404,72.0,79.0,10,47.0,50,2024-07-18 09:45:04,2024-07-18 09:49:25,2024-07-18 09:56:19,2024-07-18 10:09:31,Completed,6.09,13.2,50.0,1.5,10.0,0.0,0.0,18.35,247.67,Cash,,,2024-07-18 10:09:31
1103,REQ00001103,386,45.0,50.0,3,15.0,12,2025-03-01 06:06:47,2025-03-01 06:08:05,2025-03-01 06:10:52,2025-03-01 06:20:40,Completed,4.63,9.8,70.0,1.2,12.0,0.0,0.0,16.42,221.68,Cash,,,2025-03-01 06:20:40
1104,REQ00001104,338,31.0,35.0,7,33.0,35,2024-10-24 23:48:19,2024-10-24 23:49:03,,,Driver_Cancelled,,,,1.0,,,,,,,Other,Driver,2024-10-24 23:49:03
1105,REQ00001105,20,47.0,52.0,5,24.0,23,2025-11-24 09:30:40,2025-11-24 09:34:41,2025-11-24 09:37:29,2025-11-24 10:19:35,Completed,22.06,42.1,70.0,1.5,12.0,0.0,0.0,59.65,805.3,Credit Card,,,2025-11-24 10:19:35
1106,REQ00001106,453,,,9,45.0,43,2024-09-30 10:32:11,,,,No_Driver_Available,,,,1.0,,,,,,,,,2024-09-30 10:32:11
1107,REQ00001107,378,55.0,61.0,2,8.0,7,2024-10-22 20:28:56,2024-10-22 20:31:53,,,Accepted,,,,1.5,,,,,,,,,2024-10-22 20:31:53
1108,REQ00001108,110,10.0,12.0,3,11.0,13,2025-11-24 04:52:39,2025-11-24 04:55:33,,,Rider_Cancelled,,,,1.5,,,,,,,Driver Delayed,Rider,2025-11-24 04:55:33
1109,REQ00001109,397,49.0,54.0,2,10.0,7,2025-04-21 15:05:37,2025-04-21 15:09:31,2025-04-21 15:21:13,2025-04-21 15:29:19,Completed,2.37,8.1,70.0,1.2,12.0,0.0,0.0,12.84,173.34,Cash,,,2025-04-21 15:29:19
1110,REQ00001110,78,45.0,50.0,3,13.0,12,2025-05-06 20:37:59,2025-05-06 20:42:11,2025-05-06 20:43:57,2025-05-06 21:44:15,Completed,28.99,60.3,70.0,1.5,12.0,20.0,0.0,78.89,1065.07,Mobile Wallet,,,2025-05-06 21:44:15
1111,REQ00001111,86,9.0,11.0,1,1.0,3,2025-11-26 19:04:43,2025-11-26 19:05:46,2025-11-26 19:13:06,2025-11-26 19:31:48,Completed,9.23,18.7,70.0,1.5,12.0,0.0,0.0,30.94,417.72,Credit Card,,,2025-11-26 19:31:48
1112,REQ00001112,494,90.0,100.0,2,10.0,9,2024-03-18 23:28:16,2024-03-18 23:32:06,,,Rider_Cancelled,,,,1.0,,,,,,,Long ETA,Rider,2024-03-18 23:32:06
1113,REQ00001113,140,38.0,43.0,4,20.0,19,2025-06-12 05:21:02,2025-06-12 05:25:13,2025-06-12 05:35:35,2025-06-12 05:46:11,Completed,5.1,10.6,70.0,1.0,12.0,20.0,0.0,15.98,215.68,Cash,,,2025-06-12 05:46:11
1114,REQ00001114,155,31.0,35.0,7,31.0,32,2024-12-30 13:23:41,2024-12-30 13:27:41,2024-12-30 13:38:19,2024-12-30 13:48:25,Completed,3.64,10.1,100.0,1.2,15.0,0.0,0.0,20.45,276.11,Mobile Wallet,,,2024-12-30 13:48:25
1115,REQ00001115,303,5.0,5.0,7,34.0,33,2024-12-02 13:01:56,2024-12-02 13:04:30,,,Rider_Cancelled,,,,1.0,,,,,,,High Fare,Rider,2024-12-02 13:04:30
1116,REQ00001116,471,49.0,54.0,2,9.0,10,2025-08-08 03:22:05,2025-08-08 03:26:40,,,Rider_Cancelled,,,,1.2,,,,,,,Driver Delayed,Rider,2025-08-08 03:26:40
1117,REQ00001117,8,54.0,60.0,2,6.0,9,2024-01-21 21:38:09,2024-01-21 21:40:15,2024-01-21 21:48:42,2024-01-21 21:57:36,Completed,5.19,8.9,50.0,1.2,10.0,0.0,0.0,13.02,175.78,Mobile Wallet,,,2024-01-21 21:57:36
1118,REQ00001118,338,36.0,40.0,7,33.0,32,2024-10-17 05:30:43,2024-10-17 05:33:42,2024-10-17 05:35:13,2024-10-17 06:13:31,Completed,12.07,38.3,70.0,1.0,12.0,0.0,0.0,27.17,366.82,Credit Card,,,2024-10-17 06:13:31
1119,REQ00001119,262,,,1,1.0,2,2024-04-26 17:23:34,,,,No_Driver_Available,,,,1.5,,,,,,,,,2024-04-26 17:23:34
1120,REQ00001120,264,89.0,99.0,3,14.0,11,2025-03-05 09:38:58,2025-03-05 09:40:22,,,Rider_Cancelled,,,,1.5,,,,,,,High Fare,Rider,2025-03-05 09:40:22
1121,REQ00001121,307,93.0,103.0,5,22.0,23,2024-06-16 13:19:08,2024-06-16 13:20:01,2024-06-16 13:32:19,2024-06-16 14:54:01,Completed,27.69,81.7,50.0,1.2,10.0,0.0,0.0,49.42,667.22,Credit Card,,,2024-06-16 14:54:01
1122,REQ00001122,34,42.0,47.0,2,10.0,7,2024-04-26 04:18:34,2024-04-26 04:19:10,2024-04-26 04:21:21,2024-04-26 04:30:15,Completed,5.03,8.9,150.0,1.2,25.0,0.0,0.0,34.7,468.5,Credit Card,,,2024-04-26 04:30:15
1123,REQ00001123,333,94.0,104.0,6,29.0,30,2025-03-27 05:25:09,2025-03-27 05:29:35,2025-03-27 05:31:23,2025-03-27 05:44:53,Completed,4.12,13.5,50.0,1.2,10.0,0.0,4.97,12.45,163.11,Cash,,,2025-03-27 05:44:53
1124,REQ00001124,482,48.0,53.0,10,49.0,46,2024-03-26 17:10:27,2024-03-26 17:14:11,2024-03-26 17:20:13,2024-03-26 17:37:49,Completed,7.63,17.6,50.0,1.5,10.0,0.0,0.0,21.36,288.3,Mobile Wallet,,,2024-03-26 17:37:49
1125,REQ00001125,150,55.0,61.0,2,8.0,6,2025-01-24 16:20:32,2025-01-24 16:21:37,2025-01-24 16:35:40,2025-01-24 17:56:58,Completed,30.05,81.3,50.0,1.0,10.0,0.0,0.0,43.4,585.95,Cash,,,2025-01-24 17:56:58
1126,REQ00001126,379,42.0,47.0,2,9.0,7,2025-04-13 17:21:53,2025-04-13 17:24:17,,,Rider_Cancelled,,,,1.5,,,,,,,Other,Rider,2025-04-13 17:24:17
1127,REQ00001127,207,57.0,63.0,8,37.0,36,2025-08-07 20:29:47,2025-08-07 20:33:10,2025-08-07 20:42:38,2025-08-07 20:45:38,Completed,2.51,3.0,30.0,1.5,5.0,0.0,0.0,6.97,94.09,Cash,,,2025-08-07 20:45:38
1128,REQ00001128,396,97.0,107.0,8,36.0,39,2024-01-09 05:49:47,2024-01-09 05:52:36,,,Rider_Cancelled,,,,1.2,,,,,,,High Fare,Rider,2024-01-09 05:52:36
1129,REQ00001129,61,34.0,38.0,4,17.0,20,2025-05-29 07:44:41,2025-05-29 07:49:26,2025-05-29 07:57:39,2025-05-29 08:07:27,Completed,5.64,9.8,150.0,1.5,25.0,0.0,0.0,46.01,621.11,Cash,,,2025-05-29 08:07:27
1130,REQ00001130,409,54.0,60.0,2,8.0,6,2025-02-25 13:54:40,2025-02-25 13:56:11,2025-02-25 14:01:16,2025-02-25 14:46:40,Completed,24.49,45.4,50.0,1.2,10.0,0.0,0.0,40.51,546.89,Cash,,,2025-02-25 14:46:40
1131,REQ00001131,161,82.0,91.0,10,50.0,48,2025-09-30 04:31:39,2025-09-30 04:35:58,,,Driver_Cancelled,,,,1.2,,,,,,,Too Far,Driver,2025-09-30 04:35:58
1132,REQ00001132,414,25.0,28.0,5,24.0,25,2024-09-24 07:42:39,2024-09-24 07:43:27,2024-09-24 07:44:57,2024-09-24 07:55:39,Completed,4.97,10.7,30.0,1.5,5.0,0.0,0.0,10.26,138.45,Cash,,,2024-09-24 07:55:39
1133,REQ00001133,182,10.0,12.0,3,14.0,12,2025-11-22 18:21:11,2025-11-22 18:22:02,2025-11-22 18:24:57,2025-11-22 18:34:57,Completed,3.82,10.0,100.0,1.5,15.0,0.0,0.0,25.97,350.57,Cash,,,2025-11-22 18:34:57
1134,REQ00001134,331,5.0,5.0,7,32.0,34,2024-09-11 16:43:12,2024-09-11 16:43:33,2024-09-11 16:53:15,2024-09-11 17:13:39,Completed,5.19,20.4,30.0,1.5,5.0,0.0,0.0,11.63,157.01,Cash,,,2024-09-11 17:13:39
1135,REQ00001135,14,96.0,106.0,1,1.0,4,2025-10-08 01:44:46,2025-10-08 01:49:16,,,Rider_Cancelled,,,,1.2,,,,,,,Changed Mind,Rider,2025-10-08 01:49:16
1136,REQ00001136,175,22.0,25.0,3,14.0,12,2025-02-15 21:45:47,2025-02-15 21:50:13,2025-02-15 22:01:15,2025-02-15 22:08:15,Completed,3.71,7.0,50.0,1.2,10.0,0.0,0.0,11.04,149.06,Debit Card,,,2025-02-15 22:08:15
1137,REQ00001137,63,54.0,60.0,2,8.0,6,2025-03-26 11:51:42,2025-03-26 11:55:45,,,Rider_Cancelled,,,,1.0,,,,,,,Other,Rider,2025-03-26 11:55:45
1138,REQ00001138,415,83.0,92.0,6,26.0,29,2025-11-03 12:16:25,2025-11-03 12:17:16,2025-11-03 12:19:44,2025-11-03 12:26:44,Completed,4.26,7.0,100.0,1.2,15.0,0.0,0.0,20.9,282.14,Mobile Wallet,,,2025-11-03 12:26:44
1139,REQ00001139,113,9.0,11.0,1,4.0,2,2024-08-06 21:32:53,2024-08-06 21:33:30,2024-08-06 21:35:24,2024-08-06 21:51:36,Completed,8.82,16.2,70.0,1.2,12.0,0.0,0.0,23.68,319.72,Credit Card,,,2024-08-06 21:51:36
1140,REQ00001140,435,45.0,50.0,3,12.0,11,2025-09-14 07:03:54,2025-09-14 07:07:43,2025-09-14 07:20:17,2025-09-14 07:30:53,Completed,4.5,10.6,70.0,1.5,12.0,0.0,18.6,20.48,257.93,Credit Card,,,2025-09-14 07:30:53
1141,REQ00001141,473,74.0,81.0,9,41.0,42,2025-04-21 12:57:29,2025-04-21 13:01:28,2025-04-21 13:08:47,2025-04-21 13:31:17,Completed,11.8,22.5,70.0,1.2,12.0,0.0,0.0,29.18,393.98,Cash,,,2025-04-21 13:31:17
1142,REQ00001142,431,54.0,60.0,2,7.0,6,2025-10-02 02:32:40,2025-10-02 02:34:26,2025-10-02 02:45:03,2025-10-02 03:07:33,Completed,7.56,22.5,50.0,1.2,10.0,0.0,0.0,17.71,239.07,Credit Card,,,2025-10-02 03:07:33
1143,REQ00001143,126,81.0,89.0,5,23.0,21,2025-09-15 16:52:37,2025-09-15 16:56:11,,,Driver_Cancelled,,,,1.2,,,,,,,Vehicle Issue,Driver,2025-09-15 16:56:11
1144,REQ00001144,161,80.0,88.0,10,47.0,49,2025-05-06 00:17:50,2025-05-06 00:20:30,2025-05-06 00:25:22,2025-05-06 00:32:34,Completed,2.71,7.2,150.0,1.2,25.0,0.0,9.13,27.37,360.36,Debit Card,,,2025-05-06 00:32:34
1145,REQ00001145,144,93.0,103.0,5,25.0,24,2024-05-14 21:48:34,2024-05-14 21:52:33,2024-05-14 22:00:08,2024-05-14 22:05:50,Completed,1.96,5.7,50.0,1.0,10.0,0.0,0.0,7.37,99.44,Cash,,,2024-05-14 22:05:50
1146,REQ00001146,77,98.0,108.0,1,1.0,4,2025-07-03 20:17:31,2025-07-03 20:21:11,2025-07-03 20:29:34,2025-07-03 20:37:04,Completed,3.44,7.5,100.0,1.5,15.0,0.0,0.0,24.31,328.14,Debit Card,,,2025-07-03 20:37:04
1147,REQ00001147,398,46.0,51.0,1,1.0,5,2025-04-02 21:26:04,2025-04-02 21:29:11,2025-04-02 21:30:40,2025-04-02 21:36:52,Completed,3.53,6.2,50.0,1.2,10.0,20.0,0.0,12.64,170.63,Mobile Wallet,,,2025-04-02 21:36:52
1148,REQ00001148,450,86.0,96.0,9,43.0,44,2025-01-22 22:39:54,2025-01-22 22:40:19,2025-01-22 22:41:54,2025-01-22 23:45:06,Completed,31.78,63.2,100.0,1.2,15.0,0.0,0.0,87.23,1177.55,Cash,,,2025-01-22 23:45:06
1149,REQ00001149,3,96.0,106.0,1,1.0,3,2025-12-07 21:05:35,2025-12-07 21:10:30,2025-12-07 21:20:28,2025-12-07 22:24:40,Completed,25.38,64.2,30.0,1.2,5.0,0.0,0.0,29.02,391.71,Mobile Wallet,,,2025-12-07 22:24:40
1150,REQ00001150,204,54.0,60.0,2,7.0,6,2025-12-08 22:24:22,2025-12-08 22:27:39,2025-12-08 22:35:32,2025-12-08 22:47:50,Completed,4.94,12.3,50.0,1.2,10.0,0.0,0.0,13.22,178.5,Cash,,,2025-12-08 22:47:50
1151,REQ00001151,346,45.0,50.0,3,14.0,11,2025-05-22 17:52:34,2025-05-22 17:56:42,,,Rider_Cancelled,,,,1.5,,,,,,,Changed Mind,Rider,2025-05-22 17:56:42
1152,REQ00001152,106,75.0,82.0,4,17.0,16,2025-05-08 10:51:04,2025-05-08 10:55:27,2025-05-08 11:06:48,2025-05-08 11:21:36,Completed,4.97,14.8,30.0,1.0,5.0,0.0,0.0,7.16,96.72,Credit Card,,,2025-05-08 11:21:36
1153,REQ00001153,81,60.0,66.0,5,25.0,21,2025-04-15 04:00:54,2025-04-15 04:04:34,2025-04-15 04:15:59,2025-04-15 04:31:53,Completed,8.27,15.9,70.0,1.2,12.0,0.0,42.31,22.83,265.94,Mobile Wallet,,,2025-04-15 04:31:53
1154,REQ00001154,495,78.0,86.0,4,18.0,17,2024-05-19 12:32:24,2024-05-19 12:36:32,2024-05-19 12:41:30,2024-05-19 12:56:36,Completed,9.29,15.1,50.0,1.2,10.0,0.0,0.0,18.64,251.6,Credit Card,,,2024-05-19 12:56:36
1155,REQ00001155,476,84.0,94.0,4,20.0,17,2024-05-19 15:34:58,2024-05-19 15:39:12,2024-05-19 15:40:55,2024-05-19 15:55:55,Completed,6.5,15.0,70.0,1.2,12.0,0.0,0.0,20.11,271.51,Credit Card,,,2024-05-19 15:55:55
1156,REQ00001156,218,69.0,76.0,9,43.0,45,2024-07-31 02:57:40,2024-07-31 03:01:09,,,Driver_Cancelled,,,,1.2,,,,,,,Personal Reason,Driver,2024-07-31 03:01:09
1157,REQ00001157,411,74.0,81.0,9,45.0,43,2024-03-11 09:32:27,2024-03-11 09:34:33,2024-03-11 09:44:50,2024-03-11 09:57:50,Completed,8.47,13.0,70.0,1.5,12.0,0.0,0.0,28.21,380.79,Debit Card,,,2024-03-11 09:57:50
1158,REQ00001158,106,38.0,43.0,4,16.0,19,2025-11-01 15:15:55,2025-11-01 15:16:35,2025-11-01 15:29:31,2025-11-01 15:42:31,Completed,5.21,13.0,70.0,1.2,12.0,0.0,33.13,17.87,208.12,Debit Card,,,2025-11-01 15:42:31
1159,REQ00001159,3,29.0,32.0,1,3.0,1,2024-12-14 05:50:26,2024-12-14 05:51:08,2024-12-14 05:59:43,2024-12-14 06:33:01,Completed,14.31,33.3,70.0,1.2,12.0,0.0,0.0,34.87,470.77,Mobile Wallet,,,2024-12-14 06:33:01
1160,REQ00001160,374,21.0,24.0,5,21.0,22,2024-07-18 02:56:38,2024-07-18 03:00:04,2024-07-18 03:08:37,2024-07-18 03:15:49,Completed,2.43,7.2,30.0,1.2,5.0,0.0,0.0,5.92,79.89,Mobile Wallet,,,2024-07-18 03:15:49
1161,REQ00001161,434,45.0,50.0,3,14.0,13,2024-06-05 06:13:21,2024-06-05 06:16:31,2024-06-05 06:19:34,2024-06-05 07:32:04,Completed,28.02,72.5,70.0,1.0,12.0,0.0,0.0,51.78,699.08,Debit Card,,,2024-06-05 07:32:04
1162,REQ00001162,253,49.0,54.0,2,8.0,10,2024-12-05 18:51:07,2024-12-05 18:55:34,,,Rider_Cancelled,,,,1.5,,,,,,,Changed Mind,Rider,2024-12-05 18:55:34
1163,REQ00001163,240,4.0,4.0,1,4.0,3,2025-12-08 19:17:27,2025-12-08 19:20:42,2025-12-08 19:31:37,2025-12-08 20:41:55,Completed,32.87,70.3,70.0,1.5,12.0,0.0,0.0,85.88,1159.36,Debit Card,,,2025-12-08 20:41:55
1164,REQ00001164,279,49.0,54.0,2,9.0,6,2024-12-04 14:31:45,2024-12-04 14:35:22,2024-12-04 14:49:20,2024-12-04 15:02:56,Completed,6.04,13.6,70.0,1.0,12.0,0.0,0.0,15.98,215.78,Cash,,,2024-12-04 15:02:56
1165,REQ00001165,281,36.0,40.0,7,35.0,31,2024-07-11 23:32:40,2024-07-11 23:35:25,2024-07-11 23:38:36,2024-07-11 23:48:12,Completed,4.98,9.6,70.0,1.5,12.0,0.0,0.0,21.11,284.96,Credit Card,,,2024-07-11 23:48:12
1166,REQ00001166,165,9.0,11.0,1,5.0,3,2024-08-04 09:41:04,2024-08-04 09:44:37,,,Driver_Cancelled,,,,1.5,,,,,,,Traffic,Driver,2024-08-04 09:44:37
1167,REQ00001167,404,48.0,53.0,10,46.0,48,2024-11-04 10:41:24,2024-11-04 10:41:42,,,Accepted,,,,1.0,,,,,,,,,2024-11-04 10:41:42
1168,REQ00001168,132,49.0,54.0,2,9.0,8,2024-01-11 14:12:53,2024-01-11 14:16:03,2024-01-11 14:19:10,2024-01-11 14:31:58,Completed,8.16,12.8,70.0,1.0,12.0,0.0,0.0,18.4,248.4,Credit Card,,,2024-01-11 14:31:58
1169,REQ00001169,252,14.0,17.0,10,46.0,50,2025-10-09 21:32:25,2025-10-09 21:32:50,2025-10-09 21:40:20,2025-10-09 21:55:20,Completed,8.01,15.0,30.0,1.0,5.0,0.0,0.0,9.13,123.21,Mobile Wallet,,,2025-10-09 21:55:20
1170,REQ00001170,150,54.0,60.0,2,9.0,7,2024-12-19 02:57:24,2024-12-19 03:00:47,2024-12-19 03:04:32,2024-12-19 03:13:50,Completed,3.04,9.3,50.0,1.2,10.0,0.0,0.0,10.6,143.12,Debit Card,,,2024-12-19 03:13:50
1171,REQ00001171,270,94.0,104.0,6,28.0,26,2024-02-26 16:47:46,2024-02-26 16:50:22,,,Rider_Cancelled,,,,1.0,,,,,,,Other,Rider,2024-02-26 16:50:22
1172,REQ00001172,77,46.0,51.0,1,1.0,2,2025-01-22 19:28:01,2025-01-22 19:31:31,2025-01-22 19:42:58,2025-01-22 20:06:52,Completed,12.53,23.9,50.0,1.5,10.0,0.0,0.0,29.55,398.86,Credit Card,,,2025-01-22 20:06:52
1173,REQ00001173,411,,,9,44.0,41,2025-07-06 23:26:04,,,,No_Driver_Available,,,,1.2,,,,,,,,,2025-07-06 23:26:04
1174,REQ00001174,191,48.0,53.0,10,48.0,47,2025-06-09 09:09:29,2025-06-09 09:14:14,,,Rider_Cancelled,,,,1.5,,,,,,,Long ETA,Rider,2025-06-09 09:14:14
1175,REQ00001175,63,90.0,100.0,2,10.0,9,2024-04-26 01:16:43,2024-04-26 01:17:58,2024-04-26 01:20:03,2024-04-26 01:33:03,Completed,5.5,13.0,50.0,1.2,10.0,0.0,0.0,13.97,188.57,Debit Card,,,2024-04-26 01:33:03
1176,REQ00001176,159,86.0,96.0,9,43.0,41,2024-06-08 20:42:31,2024-06-08 20:43:15,2024-06-08 20:50:32,2024-06-08 21:41:14,Completed,22.92,50.7,100.0,1.5,15.0,0.0,0.0,84.02,1134.25,Credit Card,,,2024-06-08 21:41:14
1177,REQ00001177,31,,,2,10.0,7,2024-05-04 14:38:28,,,,No_Driver_Available,,,,1.2,,,,,,,,,2024-05-04 14:38:28
1178,REQ00001178,318,16.0,19.0,3,14.0,13,2024-06-26 07:36:12,2024-06-26 07:39:57,2024-06-26 07:41:40,2024-06-26 08:40:46,Completed,28.95,59.1,150.0,1.5,25.0,0.0,0.0,153.59,2073.44,Cash,,,2024-06-26 08:40:46
1179,REQ00001179,105,60.0,66.0,5,23.0,22,2025-05-12 22:15:24,2025-05-12 22:18:29,2025-05-12 22:30:29,2025-05-12 23:26:53,Completed,30.24,56.4,70.0,1.0,12.0,0.0,0.0,51.87,700.27,Mobile Wallet,,,2025-05-12 23:26:53
1180,REQ00001180,206,59.0,65.0,5,25.0,23,2024-04-27 12:53:08,2024-04-27 12:54:46,2024-04-27 12:56:10,2024-04-27 13:35:22,Completed,18.93,39.2,70.0,1.2,12.0,20.0,0.0,44.58,601.8,Cash,,,2024-04-27 13:35:22
1181,REQ00001181,334,10.0,12.0,3,12.0,14,2025-11-11 23:56:46,2025-11-11 23:58:38,2025-11-12 00:13:36,2025-11-12 00:22:48,Completed,5.03,9.2,100.0,1.2,15.0,0.0,0.0,22.91,309.23,Cash,,,2025-11-12 00:22:48
1182,REQ00001182,15,,,9,43.0,42,2024-07-10 15:22:15,,,,No_Driver_Available,,,,1.2,,,,,,,,,2024-07-10 15:22:15
1183,REQ00001183,343,69.0,76.0,9,42.0,45,2025-05-29 04:51:57,2025-05-29 04:52:57,,,Rider_Cancelled,,,,1.5,,,,,,,Changed Mind,Rider,2025-05-29 04:52:57
1184,REQ00001184,233,90.0,100.0,2,9.0,7,2025-05-31 08:20:34,2025-05-31 08:21:47,2025-05-31 08:36:35,2025-05-31 08:47:53,Completed,5.09,11.3,50.0,1.5,10.0,0.0,0.0,16.56,223.61,Credit Card,,,2025-05-31 08:47:53
1185,REQ00001185,31,54.0,60.0,2,9.0,6,2024-11-20 04:30:48,2024-11-20 04:35:00,2024-11-20 04:38:20,2024-11-20 04:51:50,Completed,6.88,13.5,50.0,1.2,10.0,0.0,0.0,15.63,211.0,Bank Transfer,,,2024-11-20 04:51:50
1186,REQ00001186,223,4.0,4.0,1,5.0,2,2024-11-25 03:57:01,2024-11-25 04:00:01,2024-11-25 04:13:42,2024-11-25 04:16:42,Completed,1.75,3.0,70.0,1.2,12.0,0.0,9.1,10.97,138.97,Debit Card,,,2024-11-25 04:16:42
1187,REQ00001187,83,68.0,75.0,8,37.0,40,2024-06-27 07:01:26,2024-06-27 07:04:04,2024-06-27 07:10:16,2024-06-27 07:15:10,Completed,1.85,4.9,150.0,1.5,25.0,0.0,0.0,30.01,405.16,Mobile Wallet,,,2024-06-27 07:15:10
1188,REQ00001188,201,96.0,106.0,1,3.0,1,2025-10-22 08:07:16,2025-10-22 08:08:51,2025-10-22 08:18:56,2025-10-22 09:15:26,Completed,28.52,56.5,30.0,1.5,5.0,0.0,18.61,38.36,499.24,Cash,,,2025-10-22 09:15:26
1189,REQ00001189,168,12.0,14.0,2,6.0,8,2024-04-12 15:06:14,2024-04-12 15:08:12,2024-04-12 15:11:58,2024-04-12 15:29:04,Completed,10.65,17.1,50.0,1.2,10.0,0.0,0.0,20.49,276.63,Credit Card,,,2024-04-12 15:29:04
1190,REQ00001190,346,22.0,25.0,3,12.0,13,2025-05-17 00:45:18,2025-05-17 00:46:06,,,Rider_Cancelled,,,,1.5,,,,,,,Driver Delayed,Rider,2025-05-17 00:46:06
1191,REQ00001191,410,98.0,108.0,1,4.0,2,2024-03-29 22:45:00,2024-03-29 22:47:19,2024-03-29 23:00:33,2024-03-29 23:13:15,Completed,4.38,12.7,100.0,1.0,15.0,0.0,0.0,18.75,253.1,Cash,,,2024-03-29 23:13:15
1192,REQ00001192,154,2.0,2.0,6,28.0,29,2024-07-18 09:36:07,2024-07-18 09:39:54,2024-07-18 09:45:39,2024-07-18 10:30:15,Completed,21.79,44.6,70.0,1.5,12.0,0.0,0.0,59.77,806.84,Mobile Wallet,,,2024-07-18 10:30:15
1193,REQ00001193,349,25.0,28.0,5,24.0,23,2024-07-27 19:26:51,2024-07-27 19:31:40,2024-07-27 19:43:14,2024-07-27 20:23:14,Completed,15.85,40.0,30.0,1.5,5.0,0.0,0.0,24.22,326.92,Cash,,,2024-07-27 20:23:14
1194,REQ00001194,76,3.0,3.0,8,37.0,38,2025-01-23 08:49:11,2025-01-23 08:53:25,2025-01-23 09:07:27,2025-01-23 09:46:45,Completed,19.03,39.3,50.0,1.5,10.0,0.0,0.0,41.68,562.64,Mobile Wallet,,,2025-01-23 09:46:45
1195,REQ00001195,157,16.0,19.0,3,15.0,13,2024-03-30 17:18:59,2024-03-30 17:19:25,,,Rider_Cancelled,,,,1.5,,,,,,,Other,Rider,2024-03-30 17:19:25
1196,REQ00001196,345,12.0,14.0,2,7.0,10,2025-11-27 03:27:03,2025-11-27 03:31:12,2025-11-27 03:43:24,2025-11-27 03:53:24,Completed,5.24,10.0,50.0,1.2,10.0,0.0,0.0,13.24,178.7,Cash,,,2025-11-27 03:53:24
1197,REQ00001197,184,42.0,47.0,2,10.0,9,2025-09-06 22:58:25,2025-09-06 23:01:36,2025-09-06 23:05:38,2025-09-06 23:40:56,Completed,15.82,35.3,150.0,1.5,25.0,0.0,0.0,94.9,1281.1,Credit Card,,,2025-09-06 23:40:56
1198,REQ00001198,221,34.0,38.0,4,17.0,18,2025-11-25 21:16:35,2025-11-25 21:20:26,,,Rider_Cancelled,,,,1.5,,,,,,,Long ETA,Rider,2025-11-25 21:20:26
1199,REQ00001199,123,4.0,4.0,1,1.0,3,2025-07-24 22:25:15,2025-07-24 22:26:14,2025-07-24 22:36:06,2025-07-24 22:59:24,Completed,9.96,23.3,70.0,1.0,12.0,0.0,0.0,22.24,300.24,Cash,,,2025-07-24 22:59:24
1200,REQ00001200,191,82.0,91.0,10,47.0,48,2025-12-02 08:38:40,2025-12-02 08:42:35,2025-12-02 08:46:31,2025-12-02 10:05:37,Completed,34.13,79.1,50.0,1.5,10.0,0.0,0.0,70.59,952.91,Debit Card,,,2025-12-02 10:05:37
1201,REQ00001201,66,38.0,43.0,4,18.0,16,2024-08-12 19:54:13,2024-08-12 19:57:14,2024-08-12 20:08:47,2024-08-12 21:52:59,Completed,34.91,104.2,70.0,1.5,12.0,20.0,73.34,100.09,1277.82,Mobile Wallet,,,2024-08-12 21:52:59
1202,REQ00001202,27,68.0,75.0,8,38.0,39,2025-02-14 01:10:25,2025-02-14 01:12:16,,,Rider_Cancelled,,,,1.2,,,,,,,Long ETA,Rider,2025-02-14 01:12:16
1203,REQ00001203,484,69.0,76.0,9,42.0,41,2025-07-15 06:07:27,2025-07-15 06:07:52,2025-07-15 06:21:12,2025-07-15 06:26:48,Completed,2.47,5.6,70.0,1.0,12.0,0.0,0.0,10.42,140.67,Mobile Wallet,,,2025-07-15 06:26:48
1204,REQ00001204,485,98.0,108.0,1,4.0,3,2024-06-01 08:01:11,2024-06-01 08:03:33,2024-06-01 08:10:41,2024-06-01 08:55:05,Completed,22.5,44.4,100.0,1.5,15.0,0.0,0.0,81.12,1095.12,Mobile Wallet,,,2024-06-01 08:55:05
1205,REQ00001205,476,75.0,82.0,4,19.0,16,2025-03-07 05:15:44,2025-03-07 05:19:12,,,Rider_Cancelled,,,,1.0,,,,,,,Long ETA,Rider,2025-03-07 05:19:12
1206,REQ00001206,141,9.0,11.0,1,5.0,3,2025-03-22 23:50:15,2025-03-22 23:50:34,2025-03-23 00:01:06,2025-03-23 00:48:54,Completed,17.67,47.8,70.0,1.2,12.0,0.0,0.0,42.49,573.67,Mobile Wallet,,,2025-03-23 00:48:54
1207,REQ00001207,87,96.0,106.0,1,5.0,1,2025-11-25 04:19:51,2025-11-25 04:23:29,2025-11-25 04:31:29,2025-11-25 04:38:47,Completed,2.11,7.3,30.0,1.2,5.0,0.0,5.53,5.68,71.17,Cash,,,2025-11-25 04:38:47
1208,REQ00001208,182,22.0,25.0,3,14.0,15,2025-01-15 10:30:12,2025-01-15 10:35:06,2025-01-15 10:46:54,2025-01-15 11:07:42,Completed,5.7,20.8,50.0,1.0,10.0,0.0,0.0,12.77,172.37,Cash,,,2025-01-15 11:07:42
1209,REQ00001209,225,74.0,81.0,9,42.0,45,2025-06-07 14:52:43,2025-06-07 14:57:38,2025-06-07 15:05:06,2025-06-07 15:14:00,Completed,1.75,8.9,70.0,1.2,12.0,0.0,0.0,12.1,163.36,Cash,,,2025-06-07 15:14:00
1210,REQ00001210,71,49.0,54.0,2,7.0,10,2024-05-29 04:06:28,2024-05-29 04:10:41,2024-05-29 04:18:20,2024-05-29 04:32:32,Completed,5.38,14.2,70.0,1.2,12.0,0.0,0.0,18.35,247.67,Debit Card,,,2024-05-29 04:32:32
1211,REQ00001211,495,34.0,38.0,4,20.0,19,2024-03-16 05:26:07,2024-03-16 05:28:25,2024-03-16 05:43:05,2024-03-16 05:51:35,Completed,2.64,8.5,150.0,1.2,25.0,50.0,0.0,32.47,438.31,Mobile Wallet,,,2024-03-16 05:51:35
1212,REQ00001212,354,20.0,23.0,3,12.0,14,2024-11-29 17:33:45,2024-11-29 17:37:24,2024-11-29 17:46:45,2024-11-29 18:18:45,Completed,12.9,32.0,70.0,1.5,12.0,0.0,0.0,40.74,549.99,Credit Card,,,2024-11-29 18:18:45
1213,REQ00001213,452,86.0,96.0,9,44.0,43,2024-06-19 12:21:26,2024-06-19 12:24:27,2024-06-19 12:35:39,2024-06-19 14:04:45,Completed,33.87,89.1,100.0,1.0,15.0,0.0,0.0,81.21,1096.36,Debit Card,,,2024-06-19 14:04:45
1214,REQ00001214,443,54.0,60.0,2,9.0,6,2025-06-25 07:55:26,2025-06-25 07:57:11,2025-06-25 08:11:37,2025-06-25 08:23:19,Completed,5.99,11.7,50.0,1.5,10.0,20.0,6.09,20.33,268.38,Cash,,,2025-06-25 08:23:19
1215,REQ00001215,417,12.0,14.0,2,6.0,9,2025-09-25 00:33:15,2025-09-25 00:35:53,2025-09-25 00:37:39,2025-09-25 00:52:21,Completed,4.37,14.7,50.0,1.2,10.0,0.0,0.0,12.91,174.3,Cash,,,2025-09-25 00:52:21
1216,REQ00001216,326,98.0,108.0,1,1.0,2,2024-01-23 08:46:14,2024-01-23 08:49:00,2024-01-23 08:52:37,2024-01-23 09:07:31,Completed,7.81,14.9,100.0,1.5,15.0,0.0,0.0,37.01,499.68,Debit Card,,,2024-01-23 09:07:31
1217,REQ00001217,375,33.0,37.0,1,5.0,3,2025-11-09 19:51:51,2025-11-09 19:56:11,,,Driver_Cancelled,,,,2.0,,,,,,,Vehicle Issue,Driver,2025-11-09 19:56:11
1218,REQ00001218,365,93.0,103.0,5,22.0,21,2024-04-25 01:36:37,2024-04-25 01:41:04,2024-04-25 01:52:54,2024-04-25 02:02:24,Completed,5.33,9.5,50.0,1.2,10.0,100.0,0.0,22.87,308.72,Cash,,,2024-04-25 02:02:24
1219,REQ00001219,424,6.0,6.0,5,22.0,25,2024-01-25 08:51:37,2024-01-25 08:54:14,2024-01-25 08:58:59,2024-01-25 09:31:53,Completed,11.42,32.9,150.0,1.5,25.0,0.0,0.0,77.9,1051.7,Mobile Wallet,,,2024-01-25 09:31:53
1220,REQ00001220,206,59.0,65.0,5,22.0,24,2024-12-12 06:48:40,2024-12-12 06:52:09,,,Rider_Cancelled,,,,1.2,,,,,,,Other,Rider,2024-12-12 06:52:09
1221,REQ00001221,352,14.0,17.0,10,46.0,48,2025-03-20 08:39:55,2025-03-20 08:43:30,2025-03-20 08:44:55,2025-03-20 09:39:01,Completed,26.18,54.1,30.0,1.5,5.0,0.0,0.0,35.82,483.63,Mobile Wallet,,,2025-03-20 09:39:01
1222,REQ00001222,113,29.0,32.0,1,3.0,5,2024-02-17 04:52:03,2024-02-17 04:54:53,2024-02-17 05:03:37,2024-02-17 05:32:07,Completed,11.74,28.5,70.0,1.5,12.0,0.0,0.0,37.81,510.46,Debit Card,,,2024-02-17 05:32:07
1223,REQ00001223,154,83.0,92.0,6,26.0,28,2025-07-26 03:38:40,2025-07-26 03:42:15,,,Driver_Cancelled,,,,1.2,,,,,,,Traffic,Driver,2025-07-26 03:42:15
1224,REQ00001224,145,15.0,18.0,2,7.0,6,2024-10-23 20:56:48,2024-10-23 20:57:50,2024-10-23 21:12:16,2024-10-23 21:26:58,Completed,5.97,14.7,30.0,1.5,5.0,0.0,0.0,11.7,157.89,Cash,,,2024-10-23 21:26:58
1225,REQ00001225,228,54.0,60.0,2,10.0,8,2025-08-27 14:16:48,2025-08-27 14:19:50,2025-08-27 14:32:40,2025-08-27 15:34:28,Completed,20.83,61.8,50.0,1.0,10.0,0.0,0.0,32.21,434.87,Cash,,,2025-08-27 15:34:28
1226,REQ00001226,225,86.0,96.0,9,45.0,44,2025-12-20 22:29:43,2025-12-20 22:31:58,2025-12-20 22:40:42,2025-12-20 22:54:18,Completed,6.58,13.6,100.0,1.2,15.0,0.0,0.0,26.94,363.66,Credit Card,,,2025-12-20 22:54:18
1227,REQ00001227,182,45.0,50.0,3,15.0,11,2025-02-12 12:23:03,2025-02-12 12:26:39,2025-02-12 12:28:05,2025-02-12 12:43:53,Completed,8.06,15.8,70.0,1.5,12.0,0.0,0.0,28.14,379.89,Bank Transfer,,,2025-02-12 12:43:53
1228,REQ00001228,2,48.0,53.0,10,46.0,47,2024-09-11 13:36:14,2024-09-11 13:37:13,2024-09-11 13:39:08,2024-09-11 14:01:08,Completed,8.51,22.0,50.0,1.0,10.0,0.0,0.0,15.61,210.73,Credit Card,,,2024-09-11 14:01:08
1229,REQ00001229,6,54.0,60.0,2,6.0,7,2024-09-23 09:00:20,2024-09-23 09:01:49,,,Rider_Cancelled,,,,1.5,,,,,,,Changed Mind,Rider,2024-09-23 09:01:49
1230,REQ00001230,19,54.0,60.0,2,9.0,8,2025-10-29 10:02:24,2025-10-29 10:03:48,2025-10-29 10:10:45,2025-10-29 11:00:03,Completed,14.53,49.3,50.0,1.0,10.0,0.0,0.0,24.66,332.97,Mobile Wallet,,,2025-10-29 11:00:03
1231,REQ00001231,447,25.0,28.0,5,22.0,21,2024-11-11 09:04:50,2024-11-11 09:07:25,2024-11-11 09:15:38,2024-11-11 09:25:20,Completed,2.59,9.7,30.0,1.5,5.0,0.0,0.0,7.85,105.98,Mobile Wallet,,,2024-11-11 09:25:20
1232,REQ00001232,306,42.0,47.0,2,7.0,9,2025-12-20 00:18:15,2025-12-20 00:19:48,2025-12-20 00:28:01,2025-12-20 00:33:07,Completed,4.63,5.1,150.0,1.5,25.0,0.0,0.0,40.12,541.57,Mobile Wallet,,,2025-12-20 00:33:07
1233,REQ00001233,68,84.0,94.0,4,18.0,20,2024-11-14 11:46:44,2024-11-14 11:48:41,2024-11-14 11:58:22,2024-11-14 12:54:58,Completed,22.04,56.6,70.0,1.2,12.0,0.0,0.0,50.48,681.44,Credit Card,,,2024-11-14 12:54:58
1234,REQ00001234,31,,,2,6.0,9,2024-05-24 17:36:11,,,,No_Driver_Available,,,,1.5,,,,,,,,,2024-05-24 17:36:11
1235,REQ00001235,413,86.0,96.0,9,45.0,42,2025-03-06 01:20:12,2025-03-06 01:23:38,,,Rider_Cancelled,,,,1.5,,,,,,,High Fare,Rider,2025-03-06 01:23:38
1236,REQ00001236,239,68.0,75.0,8,40.0,36,2025-03-27 13:52:09,2025-03-27 13:54:37,2025-03-27 14:06:32,2025-03-27 14:16:56,Completed,4.96,10.4,150.0,1.0,25.0,0.0,0.0,29.23,394.63,Debit Card,,,2025-03-27 14:16:56
1237,REQ00001237,157,11.0,13.0,3,15.0,14,2025-04-03 09:47:02,2025-04-03 09:47:47,2025-04-03 09:51:47,2025-04-03 10:25:47,Completed,9.3,34.0,100.0,1.5,15.0,0.0,10.58,46.32,614.74,Credit Card,,,2025-04-03 10:25:47
1238,REQ00001238,303,5.0,5.0,7,35.0,32,2025-05-31 20:31:14,2025-05-31 20:35:01,,,Rider_Cancelled,,,,1.5,,,,,,,Changed Mind,Rider,2025-05-31 20:35:01
1239,REQ00001239,123,46.0,51.0,1,3.0,5,2025-02-14 22:52:48,2025-02-14 22:53:42,,,Driver_Cancelled,,,,1.2,,,,,,,Low Fare,Driver,2025-02-14 22:53:42
1240,REQ00001240,299,74.0,81.0,9,41.0,43,2024-12-04 21:35:11,2024-12-04 21:39:03,2024-12-04 21:50:34,2024-12-04 22:41:34,Completed,26.99,51.0,70.0,1.0,12.0,0.0,0.0,47.11,635.96,Cash,,,2024-12-04 22:41:34
1241,REQ00001241,378,15.0,18.0,2,7.0,8,2025-10-26 04:56:59,2025-10-26 05:00:25,2025-10-26 05:05:22,2025-10-26 05:53:34,Completed,29.66,48.2,30.0,1.5,5.0,50.0,0.0,44.46,600.18,Debit Card,,,2025-10-26 05:53:34
1242,REQ00001242,136,43.0,48.0,4,19.0,20,2025-03-23 07:49:19,2025-03-23 07:49:39,2025-03-23 07:55:28,2025-03-23 08:27:34,Completed,12.29,32.1,150.0,1.5,25.0,0.0,0.0,80.65,1088.8,Mobile Wallet,,,2025-03-23 08:27:34
1243,REQ00001243,424,25.0,28.0,5,25.0,22,2024-11-19 19:18:59,2024-11-19 19:23:55,2024-11-19 19:25:46,2024-11-19 20:15:28,Completed,15.01,49.7,30.0,1.5,5.0,0.0,0.0,24.57,331.74,Bank Transfer,,,2024-11-19 20:15:28
1244,REQ00001244,12,15.0,18.0,2,8.0,7,2025-11-02 07:13:22,2025-11-02 07:14:39,2025-11-02 07:24:35,2025-11-02 08:28:47,Completed,23.09,64.2,30.0,2.0,5.0,0.0,0.0,45.43,613.27,Credit Card,,,2025-11-02 08:28:47
1245,REQ00001245,343,70.0,77.0,9,44.0,42,2025-08-28 04:45:42,2025-08-28 04:46:12,,,Driver_Cancelled,,,,1.2,,,,,,,Too Far,Driver,2025-08-28 04:46:12
1246,REQ00001246,169,6.0,6.0,5,21.0,24,2025-01-06 17:16:55,2025-01-06 17:20:01,,,Driver_Cancelled,,,,1.5,,,,,,,Vehicle Issue,Driver,2025-01-06 17:20:01
1247,REQ00001247,447,60.0,66.0,5,25.0,22,2025-06-07 00:54:05,2025-06-07 00:59:04,2025-06-07 01:05:47,2025-06-07 01:21:17,Completed,4.97,15.5,70.0,1.2,12.0,0.0,0.0,18.0,243.06,Cash,,,2025-06-07 01:21:17
1248,REQ00001248,386,22.0,25.0,3,14.0,11,2025-11-25 13:52:01,2025-11-25 13:56:51,2025-11-25 14:10:53,2025-11-25 14:47:47,Completed,12.94,36.9,50.0,1.0,10.0,0.0,0.0,21.65,292.28,Cash,,,2025-11-25 14:47:47
1249,REQ00001249,213,46.0,51.0,1,1.0,2,2025-08-07 01:44:49,2025-08-07 01:49:43,,,Rider_Cancelled,,,,1.2,,,,,,,Driver Delayed,Rider,2025-08-07 01:49:43
1250,REQ00001250,161,48.0,53.0,10,47.0,48,2024-08-27 03:50:02,2024-08-27 03:51:49,2024-08-27 04:04:37,2024-08-27 04:46:37,Completed,16.2,42.0,50.0,1.2,10.0,0.0,0.0,30.47,411.35,Mobile Wallet,,,2024-08-27 04:46:37
1251,REQ00001251,78,11.0,13.0,3,15.0,14,2024-11-23 12:26:43,2024-11-23 12:28:50,2024-11-23 12:31:20,2024-11-23 12:41:20,Completed,3.87,10.0,100.0,1.2,15.0,0.0,0.0,20.87,281.75,Debit Card,,,2024-11-23 12:41:20
1252,REQ00001252,31,90.0,100.0,2,9.0,6,2024-01-13 17:18:58,2024-01-13 17:19:21,2024-01-13 17:23:38,2024-01-13 17:28:32,Completed,2.33,4.9,50.0,1.5,10.0,0.0,0.0,11.44,154.41,Mobile Wallet,,,2024-01-13 17:28:32
1253,REQ00001253,234,4.0,4.0,1,1.0,3,2024-01-19 07:30:59,2024-01-19 07:32:33,,,Rider_Cancelled,,,,1.5,,,,,,,High Fare,Rider,2024-01-19 07:32:33
1254,REQ00001254,17,47.0,52.0,5,24.0,22,2024-09-02 05:20:24,2024-09-02 05:23:18,2024-09-02 05:35:31,2024-09-02 05:45:19,Completed,2.33,9.8,70.0,1.5,12.0,0.0,0.0,16.39,221.22,Cash,,,2024-09-02 05:45:19
1255,REQ00001255,175,22.0,25.0,3,12.0,13,2025-06-27 07:05:10,2025-06-27 07:08:05,2025-06-27 07:09:51,2025-06-27 07:53:15,Completed,15.35,43.4,50.0,1.5,10.0,0.0,0.0,37.12,501.07,Mobile Wallet,,,2025-06-27 07:53:15
1256,REQ00001256,241,22.0,25.0,3,11.0,13,2024-07-03 19:43:04,2024-07-03 19:44:57,,,Driver_Cancelled,,,,1.5,,,,,,,Personal Reason,Driver,2024-07-03 19:44:57
1257,REQ00001257,230,70.0,77.0,9,43.0,45,2025-07-09 11:40:16,2025-07-09 11:44:27,2025-07-09 11:58:58,2025-07-09 12:44:28,Completed,14.41,45.5,120.0,1.2,18.0,0.0,0.0,56.79,766.61,Bank Transfer,,,2025-07-09 12:44:28
1258,REQ00001258,157,11.0,13.0,3,13.0,14,2024-07-31 20:13:27,2024-07-31 20:13:54,2024-07-31 20:27:21,2024-07-31 20:50:57,Completed,11.74,23.6,100.0,1.5,15.0,0.0,0.0,49.06,662.26,Debit Card,,,2024-07-31 20:50:57
1259,REQ00001259,331,31.0,35.0,7,31.0,34,2024-09-08 23:20:04,2024-09-08 23:21:28,2024-09-08 23:23:40,2024-09-08 23:36:22,Completed,2.73,12.7,100.0,1.2,15.0,0.0,0.0,19.33,260.95,Mobile Wallet,,,2024-09-08 23:36:22
1260,REQ00001260,264,45.0,50.0,3,15.0,12,2025-05-23 23:54:06,2025-05-23 23:55:04,2025-05-24 00:03:07,2025-05-24 00:52:37,Completed,14.37,49.5,70.0,1.2,12.0,20.0,0.0,39.99,539.85,Debit Card,,,2025-05-24 00:52:37
1261,REQ00001261,244,10.0,12.0,3,13.0,15,2025-12-03 08:10:39,2025-12-03 08:12:29,2025-12-03 08:22:10,2025-12-03 09:57:58,Completed,32.12,95.8,100.0,2.0,15.0,0.0,0.0,159.5,2153.3,Debit Card,,,2025-12-03 09:57:58
1262,REQ00001262,274,15.0,18.0,2,10.0,8,2024-03-27 05:10:36,2024-03-27 05:10:53,,,Rider_Cancelled,,,,1.0,,,,,,,Other,Rider,2024-03-27 05:10:53
1263,REQ00001263,482,80.0,88.0,10,46.0,47,2025-04-08 12:36:19,2025-04-08 12:37:09,2025-04-08 12:49:50,2025-04-08 12:58:38,Completed,4.39,8.8,150.0,1.0,25.0,0.0,0.0,27.35,369.25,Cash,,,2025-04-08 12:58:38
1264,REQ00001264,328,6.0,6.0,5,21.0,22,2024-01-27 00:30:25,2024-01-27 00:30:51,2024-01-27 00:36:01,2024-01-27 00:52:55,Completed,6.17,16.9,150.0,1.5,25.0,0.0,0.0,51.32,692.87,Bank Transfer,,,2024-01-27 00:52:55
1265,REQ00001265,154,2.0,2.0,6,28.0,27,2024-03-05 02:54:20,2024-03-05 02:56:24,2024-03-05 03:04:35,2024-03-05 04:14:41,Completed,29.38,70.1,70.0,1.2,12.0,0.0,0.0,63.64,859.12,Mobile Wallet,,,2024-03-05 04:14:41
1266,REQ00001266,149,,,10,49.0,50,2025-04-19 16:42:37,,,,No_Driver_Available,,,,1.2,,,,,,,,,2025-04-19 16:42:37
1267,REQ00001267,76,68.0,75.0,8,39.0,37,2025-05-13 13:14:48,2025-05-13 13:16:21,2025-05-13 13:18:23,2025-05-13 13:34:29,Completed,5.28,16.1,150.0,1.2,25.0,0.0,0.0,38.19,515.55,Credit Card,,,2025-05-13 13:34:29
1268,REQ00001268,482,82.0,91.0,10,47.0,50,2024-01-16 00:37:39,2024-01-16 00:38:24,,,Rider_Cancelled,,,,1.2,,,,,,,Other,Rider,2024-01-16 00:38:24
1269,REQ00001269,354,10.0,12.0,3,11.0,14,2024-05-27 06:13:32,2024-05-27 06:17:41,2024-05-27 06:19:20,2024-05-27 06:35:32,Completed,5.7,16.2,100.0,1.0,15.0,0.0,0.0,21.56,291.06,Credit Card,,,2024-05-27 06:35:32
1270,REQ00001270,366,33.0,37.0,1,4.0,5,2025-01-20 17:38:01,2025-01-20 17:39:46,2025-01-20 17:50:46,2025-01-20 17:58:34,Completed,2.86,7.8,50.0,1.5,10.0,0.0,21.08,12.72,150.67,Credit Card,,,2025-01-20 17:58:34
1271,REQ00001271,210,22.0,25.0,3,14.0,12,2024-07-19 08:33:40,2024-07-19 08:38:22,,,Accepted,,,,1.5,,,,,,,,,2024-07-19 08:38:22
1272,REQ00001272,234,87.0,97.0,1,4.0,3,2025-06-02 09:31:05,2025-06-02 09:35:15,,,Rider_Cancelled,,,,1.5,,,,,,,Long ETA,Rider,2025-06-02 09:35:15
1273,REQ00001273,171,49.0,54.0,2,9.0,6,2025-09-03 01:39:37,2025-09-03 01:41:03,2025-09-03 01:42:04,2025-09-03 01:51:52,Completed,4.91,9.8,70.0,1.2,12.0,0.0,0.0,16.82,227.12,Debit Card,,,2025-09-03 01:51:52
1274,REQ00001274,138,82.0,91.0,10,47.0,46,2024-12-26 01:16:45,2024-12-26 01:18:53,2024-12-26 01:30:42,2024-12-26 01:44:12,Completed,3.52,13.5,50.0,1.2,10.0,50.0,9.22,16.56,214.33,Mobile Wallet,,,2024-12-26 01:44:12
1275,REQ00001275,123,96.0,106.0,1,5.0,3,2025-03-15 02:14:00,2025-03-15 02:17:04,2025-03-15 02:22:44,2025-03-15 03:22:50,Completed,28.58,60.1,30.0,1.5,5.0,50.0,0.0,44.85,605.46,Cash,,,2025-03-15 03:22:50
1276,REQ00001276,320,70.0,77.0,9,42.0,43,2024-04-07 06:16:55,2024-04-07 06:21:53,2024-04-07 06:30:03,2024-04-07 07:10:57,Completed,16.65,40.9,120.0,1.2,18.0,0.0,0.0,60.19,812.59,Mobile Wallet,,,2024-04-07 07:10:57
1277,REQ00001277,157,20.0,23.0,3,11.0,15,2024-03-13 19:42:16,2024-03-13 19:43:47,2024-03-13 19:57:40,2024-03-13 20:14:16,Completed,5.94,16.6,70.0,1.5,12.0,0.0,7.06,24.52,323.91,Cash,,,2024-03-13 20:14:16
1278,REQ00001278,100,55.0,61.0,2,9.0,7,2024-12-16 10:18:48,2024-12-16 10:21:46,2024-12-16 10:24:59,2024-12-16 10:28:23,Completed,2.38,3.4,50.0,1.0,10.0,0.0,0.0,7.49,101.15,Mobile Wallet,,,2024-12-16 10:28:23
1279,REQ00001279,169,60.0,66.0,5,23.0,24,2024-08-18 08:07:43,2024-08-18 08:09:31,2024-08-18 08:12:48,2024-08-18 09:10:30,Completed,27.55,57.7,70.0,1.5,12.0,100.0,0.0,85.28,1151.25,Cash,,,2024-08-18 09:10:30
1280,REQ00001280,440,33.0,37.0,1,1.0,3,2025-08-07 08:04:50,2025-08-07 08:08:23,2025-08-07 08:18:18,2025-08-07 09:46:18,Completed,28.05,88.0,50.0,1.5,10.0,0.0,0.0,63.43,856.33,Cash,,,2025-08-07 09:46:18
1281,REQ00001281,479,42.0,47.0,2,6.0,10,2024-07-07 05:35:28,2024-07-07 05:36:29,,,Rider_Cancelled,,,,1.2,,,,,,,High Fare,Rider,2024-07-07 05:36:29
1282,REQ00001282,363,96.0,106.0,1,3.0,1,2024-11-20 07:24:55,2024-11-20 07:29:22,2024-11-20 07:33:44,2024-11-20 08:18:38,Completed,14.43,44.9,30.0,1.5,5.0,0.0,0.0,23.44,316.45,Bank Transfer,,,2024-11-20 08:18:38
1283,REQ00001283,125,72.0,79.0,10,49.0,46,2025-08-30 03:05:31,2025-08-30 03:07:53,2025-08-30 03:12:00,2025-08-30 03:18:48,Completed,3.1,6.8,50.0,1.2,10.0,20.0,0.0,12.23,165.11,Debit Card,,,2025-08-30 03:18:48
1284,REQ00001284,80,20.0,23.0,3,11.0,12,2024-01-09 17:31:35,2024-01-09 17:35:48,2024-01-09 17:45:04,2024-01-09 17:55:22,Completed,4.43,10.3,70.0,1.5,12.0,0.0,0.0,20.29,273.87,Cash,,,2024-01-09 17:55:22
1285,REQ00001285,150,12.0,14.0,2,10.0,8,2025-01-28 23:59:03,2025-01-29 00:04:01,2025-01-29 00:05:32,2025-01-29 01:00:50,Completed,24.01,55.3,50.0,1.0,10.0,0.0,67.62,34.49,397.94,Mobile Wallet,,,2025-01-29 01:00:50
1286,REQ00001286,340,54.0,60.0,2,9.0,6,2024-02-14 09:19:41,2024-02-14 09:21:01,,,Driver_Cancelled,,,,1.5,,,,,,,Other,Driver,2024-02-14 09:21:01
1287,REQ00001287,475,14.0,17.0,10,46.0,50,2024-02-03 04:57:07,2024-02-03 05:01:51,2024-02-03 05:05:02,2024-02-03 05:26:38,Completed,6.36,21.6,30.0,1.2,5.0,0.0,0.0,10.32,139.3,Mobile Wallet,,,2024-02-03 05:26:38
1288,REQ00001288,386,,,3,12.0,15,2025-07-28 05:42:20,,,,No_Driver_Available,,,,1.2,,,,,,,,,2025-07-28 05:42:20
1289,REQ00001289,296,83.0,92.0,6,26.0,30,2024-03-03 08:57:49,2024-03-03 08:59:47,2024-03-03 09:01:15,2024-03-03 09:04:15,Completed,1.0,3.0,100.0,1.5,15.0,20.0,0.0,19.5,263.25,Mobile Wallet,,,2024-03-03 09:04:15
1290,REQ00001290,189,87.0,97.0,1,3.0,2,2024-09-01 13:58:20,2024-09-01 14:02:09,2024-09-01 14:09:00,2024-09-01 14:42:12,Completed,13.15,33.2,120.0,1.2,18.0,50.0,0.0,55.38,747.66,Cash,,,2024-09-01 14:42:12
1291,REQ00001291,4,79.0,87.0,6,28.0,27,2025-08-31 11:59:11,2025-08-31 12:00:40,2025-08-31 12:08:58,2025-08-31 13:13:34,Completed,28.84,64.6,150.0,1.2,25.0,0.0,0.0,124.67,1682.99,Cash,,,2025-08-31 13:13:34
1292,REQ00001292,413,86.0,96.0,9,43.0,41,2025-06-12 00:18:28,2025-06-12 00:21:47,2025-06-12 00:31:08,2025-06-12 01:14:08,Completed,18.42,43.0,100.0,1.2,15.0,0.0,0.0,56.73,765.81,Cash,,,2025-06-12 01:14:08
1293,REQ00001293,448,64.0,70.0,4,19.0,16,2024-07-12 20:44:39,2024-07-12 20:49:23,2024-07-12 21:01:14,2024-07-12 21:05:20,Completed,2.71,4.1,150.0,1.5,25.0,0.0,0.0,32.72,441.77,Cash,,,2024-07-12 21:05:20
1294,REQ00001294,449,36.0,40.0,7,35.0,32,2024-12-21 09:53:30,2024-12-21 09:56:11,2024-12-21 10:01:09,2024-12-21 10:05:27,Completed,1.75,4.3,70.0,1.5,12.0,0.0,0.0,14.02,189.29,Cash,,,2024-12-21 10:05:27
1295,REQ00001295,217,12.0,14.0,2,6.0,9,2024-05-14 07:04:35,2024-05-14 07:04:51,2024-05-14 07:11:58,2024-05-14 07:45:34,Completed,8.66,33.6,50.0,1.5,10.0,0.0,38.48,25.72,308.72,Debit Card,,,2024-05-14 07:45:34
1296,REQ00001296,422,56.0,62.0,8,39.0,40,2025-04-10 23:21:51,2025-04-10 23:24:46,,,Rider_Cancelled,,,,1.0,,,,,,,Other,Rider,2025-04-10 23:24:46
1297,REQ00001297,3,,,1,2.0,5,2024-03-01 08:52:58,,,,No_Driver_Available,,,,1.5,,,,,,,,,2024-03-01 08:52:58
1298,REQ00001298,411,74.0,81.0,9,44.0,43,2025-06-29 17:40:24,2025-06-29 17:40:46,2025-06-29 17:52:44,2025-06-29 18:29:44,Completed,18.44,37.0,70.0,1.5,12.0,0.0,0.0,51.91,700.81,Cash,,,2025-06-29 18:29:44
1299,REQ00001299,157,11.0,13.0,3,11.0,14,2025-10-24 18:07:47,2025-10-24 18:08:53,,,Driver_Cancelled,,,,1.5,,,,,,,Personal Reason,Driver,2025-10-24 18:08:53
1300,REQ00001300,306,15.0,18.0,2,8.0,10,2025-12-31 08:38:24,2025-12-31 08:39:17,,,Rider_Cancelled,,,,1.5,,,,,,,High Fare,Rider,2025-12-31 08:39:17
1301,REQ00001301,4,2.0,2.0,6,29.0,30,2024-10-16 19:26:46,2024-10-16 19:31:32,2024-10-16 19:38:20,2024-10-16 19:45:08,Completed,3.12,6.8,70.0,1.5,12.0,0.0,0.0,17.09,230.69,Debit Card,,,2024-10-16 19:45:08
1302,REQ00001302,92,87.0,97.0,1,5.0,3,2024-02-23 21:19:00,2024-02-23 21:20:13,2024-02-23 21:31:05,2024-02-23 22:14:41,Completed,20.87,43.6,120.0,1.2,18.0,0.0,0.0,69.88,943.41,Mobile Wallet,,,2024-02-23 22:14:41
1303,REQ00001303,15,86.0,96.0,9,45.0,41,2025-05-11 09:03:24,2025-05-11 09:05:56,2025-05-11 09:12:58,2025-05-11 09:25:40,Completed,4.59,12.7,100.0,1.5,15.0,0.0,0.0,28.63,386.46,Cash,,,2025-05-11 09:25:40
1304,REQ00001304,324,11.0,13.0,3,12.0,14,2024-08-21 18:32:04,2024-08-21 18:32:20,2024-08-21 18:35:36,2024-08-21 19:02:00,Completed,8.46,26.4,100.0,1.5,15.0,20.0,0.0,44.42,599.72,Cash,,,2024-08-21 19:02:00
1305,REQ00001305,98,33.0,37.0,1,2.0,4,2025-11-22 02:43:03,2025-11-22 02:43:57,2025-11-22 02:52:40,2025-11-22 02:55:40,Completed,1.36,3.0,50.0,1.2,10.0,20.0,0.0,9.68,130.66,Cash,,,2025-11-22 02:55:40
1306,REQ00001306,386,20.0,23.0,3,12.0,11,2025-02-28 08:11:40,2025-02-28 08:12:50,2025-02-28 08:24:00,2025-02-28 08:34:36,Completed,4.3,10.6,70.0,1.5,12.0,0.0,0.0,20.12,271.67,Credit Card,,,2025-02-28 08:34:36
1307,REQ00001307,418,42.0,47.0,2,9.0,8,2025-12-26 18:44:25,2025-12-26 18:46:11,,,Rider_Cancelled,,,,1.5,,,,,,,High Fare,Rider,2025-12-26 18:46:11
1308,REQ00001308,281,58.0,64.0,7,34.0,31,2024-07-16 16:10:07,2024-07-16 16:14:34,,,Rider_Cancelled,,,,1.0,,,,,,,Driver Delayed,Rider,2024-07-16 16:14:34
1309,REQ00001309,240,,,1,5.0,4,2025-01-16 03:54:51,,,,No_Driver_Available,,,,1.2,,,,,,,,,2025-01-16 03:54:51
1310,REQ00001310,430,86.0,96.0,9,41.0,43,2024-06-07 06:25:04,2024-06-07 06:28:12,,,Rider_Cancelled,,,,1.0,,,,,,,Other,Rider,2024-06-07 06:28:12
1311,REQ00001311,207,40.0,45.0,8,37.0,38,2024-11-30 00:23:23,2024-11-30 00:24:15,2024-11-30 00:28:59,2024-11-30 01:41:53,Completed,26.55,72.9,120.0,1.2,18.0,0.0,21.93,90.32,1197.35,Mobile Wallet,,,2024-11-30 01:41:53
1312,REQ00001312,41,93.0,103.0,5,21.0,25,2024-07-20 04:01:39,2024-07-20 04:04:22,2024-07-20 04:11:08,2024-07-20 04:32:20,Completed,10.82,21.2,50.0,1.5,10.0,0.0,0.0,26.6,359.06,Cash,,,2024-07-20 04:32:20
1313,REQ00001313,150,,,2,10.0,8,2025-08-13 13:03:30,,,,No_Driver_Available,,,,1.0,,,,,,,,,2025-08-13 13:03:30
1314,REQ00001314,11,83.0,92.0,6,27.0,26,2024-07-05 23:43:43,2024-07-05 23:48:04,2024-07-05 23:51:47,2024-07-06 00:00:53,Completed,4.74,9.1,100.0,1.0,15.0,0.0,0.0,18.6,251.15,Mobile Wallet,,,2024-07-06 00:00:53
1315,REQ00001315,247,8.0,9.0,8,36.0,37,2025-12-16 07:06:28,2025-12-16 07:06:46,2025-12-16 07:09:02,2025-12-16 07:18:08,Completed,2.59,9.1,70.0,1.5,12.0,0.0,0.0,16.69,225.27,Cash,,,2025-12-16 07:18:08
1316,REQ00001316,430,86.0,96.0,9,44.0,41,2024-10-02 18:40:41,2024-10-02 18:44:00,2024-10-02 18:55:15,2024-10-02 18:58:15,Completed,1.9,3.0,100.0,1.5,15.0,20.0,0.0,21.66,292.41,Cash,,,2024-10-02 18:58:15
1317,REQ00001317,460,38.0,43.0,4,16.0,19,2025-12-06 04:55:58,2025-12-06 04:58:38,,,Driver_Cancelled,,,,1.2,,,,,,,Too Far,Driver,2025-12-06 04:58:38
1318,REQ00001318,171,90.0,100.0,2,6.0,7,2024-03-23 00:28:38,2024-03-23 00:32:34,2024-03-23 00:40:59,2024-03-23 00:50:17,Completed,1.39,9.3,50.0,1.5,10.0,0.0,0.0,10.88,146.83,Credit Card,,,2024-03-23 00:50:17
1319,REQ00001319,430,86.0,96.0,9,44.0,45,2024-09-06 11:22:36,2024-09-06 11:25:50,2024-09-06 11:34:59,2024-09-06 11:45:35,Completed,5.39,10.6,100.0,1.2,15.0,0.0,0.0,23.93,323.09,Bank Transfer,,,2024-09-06 11:45:35
1320,REQ00001320,21,70.0,77.0,9,42.0,41,2025-08-25 12:31:51,2025-08-25 12:34:59,2025-08-25 12:46:38,2025-08-25 12:49:38,Completed,3.25,3.0,120.0,1.0,18.0,50.0,0.0,21.48,289.98,Debit Card,,,2025-08-25 12:49:38
1321,REQ00001321,111,58.0,64.0,7,33.0,35,2024-10-01 13:35:48,2024-10-01 13:39:09,2024-10-01 13:50:12,2024-10-01 15:02:48,Completed,25.0,72.6,70.0,1.2,12.0,20.0,0.0,59.73,806.37,Bank Transfer,,,2024-10-01 15:02:48
1322,REQ00001322,42,74.0,81.0,9,42.0,45,2025-10-29 03:34:35,2025-10-29 03:35:54,,,Rider_Cancelled,,,,1.2,,,,,,,Changed Mind,Rider,2025-10-29 03:35:54
1323,REQ00001323,479,49.0,54.0,2,8.0,10,2024-12-26 23:56:41,2024-12-27 00:00:38,2024-12-27 00:12:02,2024-12-27 00:50:20,Completed,16.55,38.3,70.0,1.0,12.0,0.0,0.0,32.55,439.4,Credit Card,,,2024-12-27 00:50:20
1324,REQ00001324,473,69.0,76.0,9,45.0,43,2025-07-13 06:18:37,2025-07-13 06:19:24,,,Rider_Cancelled,,,,1.5,,,,,,,Long ETA,Rider,2025-07-13 06:19:24
1325,REQ00001325,232,97.0,107.0,8,36.0,37,2024-06-20 07:03:20,2024-06-20 07:06:17,2024-06-20 07:14:12,2024-06-20 07:18:42,Completed,1.47,4.5,70.0,1.5,12.0,20.0,0.0,15.97,215.55,Debit Card,,,2024-06-20 07:18:42
1326,REQ00001326,303,36.0,40.0,7,35.0,32,2024-01-13 07:26:56,2024-01-13 07:27:52,2024-01-13 07:37:27,2024-01-13 07:43:27,Completed,4.1,6.0,70.0,1.5,12.0,0.0,0.0,18.66,251.91,Credit Card,,,2024-01-13 07:43:27
1327,REQ00001327,413,74.0,81.0,9,45.0,44,2025-12-26 05:07:08,2025-12-26 05:08:58,2025-12-26 05:17:02,2025-12-26 05:32:26,Completed,5.4,15.4,70.0,1.0,12.0,0.0,0.0,15.5,209.3,Cash,,,2025-12-26 05:32:26
1328,REQ00001328,367,10.0,12.0,3,11.0,15,2024-06-22 01:08:44,2024-06-22 01:11:03,2024-06-22 01:20:16,2024-06-22 01:23:16,Completed,0.8,3.0,100.0,1.5,15.0,0.0,0.0,16.62,224.37,Cash,,,2024-06-22 01:23:16
1329,REQ00001329,4,13.0,16.0,6,29.0,30,2025-10-10 18:44:25,2025-10-10 18:46:47,2025-10-10 18:50:03,2025-10-10 19:08:15,Completed,5.18,18.2,120.0,1.5,18.0,50.0,0.0,42.79,577.63,Cash,,,2025-10-10 19:08:15
1330,REQ00001330,134,15.0,18.0,2,6.0,10,2025-03-18 10:47:44,2025-03-18 10:48:35,2025-03-18 10:55:08,2025-03-18 11:08:02,Completed,4.91,12.9,30.0,1.0,5.0,0.0,0.0,6.97,94.15,Mobile Wallet,,,2025-03-18 11:08:02
1331,REQ00001331,336,18.0,21.0,6,26.0,30,2025-12-22 06:27:12,2025-12-22 06:28:14,2025-12-22 06:37:12,2025-12-22 06:51:06,Completed,6.63,13.9,50.0,1.5,10.0,0.0,0.0,19.25,259.87,Credit Card,,,2025-12-22 06:51:06
1332,REQ00001332,204,49.0,54.0,2,10.0,8,2024-12-05 07:37:03,2024-12-05 07:38:47,2024-12-05 07:42:23,2024-12-05 08:30:17,Completed,15.13,47.9,70.0,1.5,12.0,0.0,0.0,48.57,655.7,Debit Card,,,2024-12-05 08:30:17
1333,REQ00001333,113,29.0,32.0,1,5.0,4,2024-05-31 15:42:03,2024-05-31 15:45:54,2024-05-31 15:54:25,2024-05-31 16:02:13,Completed,5.87,7.8,70.0,1.2,12.0,0.0,0.0,17.82,240.6,Cash,,,2024-05-31 16:02:13
1334,REQ00001334,68,38.0,43.0,4,17.0,19,2024-09-24 09:27:01,2024-09-24 09:30:43,2024-09-24 09:36:06,2024-09-24 09:52:18,Completed,5.22,16.2,70.0,1.5,12.0,0.0,0.0,23.12,312.17,Cash,,,2024-09-24 09:52:18
1335,REQ00001335,123,33.0,37.0,1,4.0,5,2025-07-30 11:32:05,2025-07-30 11:34:09,,,Driver_Cancelled,,,,1.0,,,,,,,Vehicle Issue,Driver,2025-07-30 11:34:09
1336,REQ00001336,347,49.0,54.0,2,9.0,6,2024-04-27 16:25:41,2024-04-27 16:30:17,2024-04-27 16:32:27,2024-04-27 16:42:03,Completed,3.65,9.6,70.0,1.2,12.0,0.0,0.0,14.97,202.11,Cash,,,2024-04-27 16:42:03
1337,REQ00001337,415,18.0,21.0,6,28.0,27,2025-09-09 12:40:24,2025-09-09 12:42:18,,,Rider_Cancelled,,,,1.0,,,,,,,Long ETA,Rider,2025-09-09 12:42:18
1338,REQ00001338,233,,,2,9.0,8,2024-02-23 10:00:55,,,,Requested,,,,1.2,,,,,,,,,2024-02-23 10:00:55
1339,REQ00001339,345,42.0,47.0,2,10.0,9,2024-06-23 00:59:03,2024-06-23 01:00:23,2024-06-23 01:05:11,2024-06-23 01:15:29,Completed,5.14,10.3,150.0,2.0,25.0,0.0,0.0,59.26,800.06,Mobile Wallet,,,2024-06-23 01:15:29
1340,REQ00001340,440,33.0,37.0,1,1.0,3,2024-10-19 18:42:37,2024-10-19 18:44:51,2024-10-19 18:47:41,2024-10-19 19:36:17,Completed,22.58,48.6,50.0,1.5,10.0,0.0,0.0,48.46,654.25,Credit Card,,,2024-10-19 19:36:17
1341,REQ00001341,150,15.0,18.0,2,8.0,7,2025-12-27 21:52:22,2025-12-27 21:56:50,2025-12-27 21:59:50,2025-12-27 23:01:38,Completed,29.01,61.8,30.0,1.2,5.0,100.0,0.0,41.17,555.83,Debit Card,,,2025-12-27 23:01:38
1342,REQ00001342,495,,,4,16.0,18,2025-12-04 11:53:53,,,,No_Driver_Available,,,,1.0,,,,,,,,,2025-12-04 11:53:53
1343,REQ00001343,165,46.0,51.0,1,5.0,2,2024-08-19 16:16:34,2024-08-19 16:20:50,2024-08-19 16:27:16,2024-08-19 16:36:28,Completed,2.07,9.2,50.0,1.2,10.0,0.0,0.0,9.47,127.84,Cash,,,2024-08-19 16:36:28
1344,REQ00001344,375,96.0,106.0,1,3.0,4,2025-06-25 03:39:16,2025-06-25 03:40:41,,,Rider_Cancelled,,,,1.2,,,,,,,Driver Delayed,Rider,2025-06-25 03:40:41
1345,REQ00001345,417,55.0,61.0,2,6.0,8,2025-12-15 21:03:05,2025-12-15 21:04:48,,,Rider_Cancelled,,,,1.0,,,,,,,Driver Delayed,Rider,2025-12-15 21:04:48
1346,REQ00001346,143,2.0,2.0,6,28.0,30,2025-10-30 11:35:29,2025-10-30 11:40:05,2025-10-30 11:51:57,2025-10-30 13:06:51,Completed,30.92,74.9,70.0,1.0,12.0,0.0,66.16,55.65,685.09,Mobile Wallet,,,2025-10-30 13:06:51
1347,REQ00001347,51,96.0,106.0,1,2.0,1,2024-03-29 22:31:39,2024-03-29 22:35:53,,,Rider_Cancelled,,,,1.0,,,,,,,Driver Delayed,Rider,2024-03-29 22:35:53
1348,REQ00001348,124,57.0,63.0,8,36.0,40,2025-03-25 14:55:01,2025-03-25 14:55:32,,,Rider_Cancelled,,,,1.2,,,,,,,Other,Rider,2025-03-25 14:55:32
1349,REQ00001349,18,45.0,50.0,3,11.0,15,2024-10-14 17:49:25,2024-10-14 17:53:35,2024-10-14 18:01:11,2024-10-14 18:11:17,Completed,2.26,10.1,70.0,1.5,12.0,0.0,0.0,16.33,220.48,Debit Card,,,2024-10-14 18:11:17
1350,REQ00001350,383,90.0,100.0,2,7.0,8,2024-01-06 13:16:44,2024-01-06 13:19:57,,,Rider_Cancelled,,,,1.5,,,,,,,Changed Mind,Rider,2024-01-06 13:19:57
1351,REQ00001351,382,34.0,38.0,4,16.0,18,2024-06-19 08:59:47,2024-06-19 09:01:23,2024-06-19 09:06:44,2024-06-19 09:38:56,Completed,18.01,32.2,150.0,1.5,25.0,20.0,0.0,103.69,1399.84,Credit Card,,,2024-06-19 09:38:56
1352,REQ00001352,262,9.0,11.0,1,5.0,1,2025-01-01 21:42:16,2025-01-01 21:46:09,2025-01-01 21:59:13,2025-01-01 22:03:19,Completed,2.92,4.1,70.0,1.2,12.0,0.0,0.0,12.86,173.66,Cash,,,2025-01-01 22:03:19
1353,REQ00001353,344,75.0,82.0,4,16.0,20,2025-03-26 04:08:39,2025-03-26 04:11:31,2025-03-26 04:19:51,2025-03-26 04:22:51,Completed,3.01,3.0,30.0,1.2,5.0,0.0,0.0,5.96,80.46,Mobile Wallet,,,2025-03-26 04:22:51
1354,REQ00001354,397,55.0,61.0,2,10.0,7,2025-11-12 10:58:02,2025-11-12 11:02:06,,,Rider_Cancelled,,,,1.0,,,,,,,Long ETA,Rider,2025-11-12 11:02:06
1355,REQ00001355,145,54.0,60.0,2,6.0,7,2025-04-25 03:57:09,2025-04-25 03:57:25,2025-04-25 04:06:09,2025-04-25 04:22:33,Completed,4.11,16.4,50.0,1.2,10.0,50.0,4.97,17.66,233.39,Mobile Wallet,,,2025-04-25 04:22:33
1356,REQ00001356,386,22.0,25.0,3,12.0,15,2025-07-29 02:32:55,2025-07-29 02:36:58,,,Driver_Cancelled,,,,1.2,,,,,,,Low Fare,Driver,2025-07-29 02:36:58
1357,REQ00001357,467,40.0,45.0,8,38.0,36,2024-08-13 06:57:40,2024-08-13 07:02:31,,,Rider_Cancelled,,,,1.0,,,,,,,Driver Delayed,Rider,2024-08-13 07:02:31
1358,REQ00001358,64,22.0,25.0,3,11.0,14,2025-06-23 00:08:18,2025-06-23 00:09:11,2025-06-23 00:11:15,2025-06-23 00:24:09,Completed,5.48,12.9,50.0,1.2,10.0,0.0,0.0,13.93,188.06,Cash,,,2025-06-23 00:24:09
1359,REQ00001359,210,45.0,50.0,3,15.0,14,2025-10-18 23:57:46,2025-10-19 00:01:09,2025-10-19 00:08:53,2025-10-19 00:17:29,Completed,4.34,8.6,70.0,1.2,12.0,20.0,0.0,17.69,238.85,Credit Card,,,2025-10-19 00:17:29
1360,REQ00001360,305,29.0,32.0,1,1.0,3,2024-08-09 15:28:27,2024-08-09 15:30:12,2024-08-09 15:32:51,2024-08-09 16:06:51,Completed,14.52,34.0,70.0,1.0,12.0,0.0,0.0,29.42,397.22,Cash,,,2024-08-09 16:06:51
1361,REQ00001361,150,90.0,100.0,2,6.0,7,2025-09-07 12:14:34,2025-09-07 12:18:58,2025-09-07 12:23:07,2025-09-07 12:30:55,Completed,4.76,7.8,50.0,1.2,10.0,0.0,0.0,12.37,166.95,Credit Card,,,2025-09-07 12:30:55
1362,REQ00001362,457,22.0,25.0,3,13.0,15,2025-08-02 04:08:24,2025-08-02 04:09:38,2025-08-02 04:10:51,2025-08-02 05:34:51,Completed,32.51,84.0,50.0,1.5,10.0,0.0,0.0,69.13,933.31,Credit Card,,,2025-08-02 05:34:51
1363,REQ00001363,30,98.0,108.0,1,3.0,4,2024-12-17 16:27:30,2024-12-17 16:28:17,,,Accepted,,,,1.2,,,,,,,,,2024-12-17 16:28:17
1364,REQ00001364,471,49.0,54.0,2,8.0,7,2024-11-09 12:41:59,2024-11-09 12:44:51,2024-11-09 12:59:19,2024-11-09 13:48:55,Completed,20.8,49.6,70.0,1.2,12.0,0.0,0.0,47.35,639.19,Cash,,,2024-11-09 13:48:55
1365,REQ00001365,274,15.0,18.0,2,7.0,8,2025-04-08 14:26:40,2025-04-08 14:28:22,2025-04-08 14:38:11,2025-04-08 15:35:17,Completed,18.09,57.1,30.0,1.2,5.0,0.0,0.0,22.73,306.91,Bank Transfer,,,2025-04-08 15:35:17
1366,REQ00001366,230,74.0,81.0,9,43.0,44,2024-02-08 15:20:50,2024-02-08 15:22:31,2024-02-08 15:27:27,2024-02-08 15:49:21,Completed,10.18,21.9,70.0,1.2,12.0,0.0,0.0,26.74,360.94,Mobile Wallet,,,2024-02-08 15:49:21
1367,REQ00001367,183,32.0,36.0,8,39.0,37,2024-05-22 23:49:47,2024-05-22 23:53:56,2024-05-23 00:03:34,2024-05-23 00:14:04,Completed,5.64,10.5,70.0,1.0,12.0,0.0,0.0,15.01,202.61,Cash,,,2024-05-23 00:14:04
1368,REQ00001368,232,32.0,36.0,8,39.0,40,2024-06-29 19:21:23,2024-06-29 19:22:34,2024-06-29 19:30:27,2024-06-29 19:36:39,Completed,2.35,6.2,70.0,1.5,12.0,0.0,0.0,15.56,210.04,Mobile Wallet,,,2024-06-29 19:36:39
1369,REQ00001369,150,42.0,47.0,2,6.0,9,2024-11-21 14:17:10,2024-11-21 14:18:16,2024-11-21 14:20:02,2024-11-21 14:31:20,Completed,4.58,11.3,150.0,1.2,25.0,0.0,10.25,34.33,453.2,Cash,,,2024-11-21 14:31:20
1370,REQ00001370,183,97.0,107.0,8,36.0,40,2025-03-12 17:01:56,2025-03-12 17:04:15,2025-03-12 17:17:25,2025-03-12 17:28:55,Completed,7.41,11.5,70.0,1.5,12.0,0.0,0.0,25.94,350.17,Cash,,,2025-03-12 17:28:55
1371,REQ00001371,66,34.0,38.0,4,16.0,18,2025-01-18 18:36:28,2025-01-18 18:39:42,2025-01-18 18:54:41,2025-01-18 19:29:41,Completed,13.25,35.0,150.0,1.5,25.0,0.0,0.0,85.5,1154.25,Debit Card,,,2025-01-18 19:29:41
1372,REQ00001372,195,,,10,47.0,48,2025-06-19 09:43:34,,,,No_Driver_Available,,,,1.5,,,,,,,,,2025-06-19 09:43:34
1373,REQ00001373,423,,,8,36.0,37,2025-06-22 13:37:20,,,,No_Driver_Available,,,,1.2,,,,,,,,,2025-06-22 13:37:20
1374,REQ00001374,113,96.0,106.0,1,1.0,5,2024-09-30 06:55:14,2024-09-30 06:59:38,2024-09-30 07:04:05,2024-09-30 07:13:35,Completed,4.94,9.5,30.0,1.0,5.0,0.0,0.0,6.72,90.74,Mobile Wallet,,,2024-09-30 07:13:35
1375,REQ00001375,372,90.0,100.0,2,9.0,7,2025-11-17 05:04:42,2025-11-17 05:06:54,2025-11-17 05:10:27,2025-11-17 05:26:51,Completed,4.91,16.4,50.0,1.0,10.0,0.0,0.0,11.48,155.0,Debit Card,,,2025-11-17 05:26:51
1376,REQ00001376,68,61.0,67.0,4,20.0,19,2025-09-12 21:24:35,2025-09-12 21:27:08,2025-09-12 21:41:06,2025-09-12 21:45:12,Completed,3.04,4.1,50.0,1.0,10.0,0.0,0.0,8.21,110.84,Debit Card,,,2025-09-12 21:45:12
1377,REQ00001377,417,12.0,14.0,2,10.0,7,2024-12-04 23:27:02,2024-12-04 23:30:36,2024-12-04 23:34:55,2024-12-04 23:40:31,Completed,3.51,5.6,50.0,1.5,10.0,0.0,0.0,13.26,179.04,Debit Card,,,2024-12-04 23:40:31
1378,REQ00001378,97,25.0,28.0,5,25.0,21,2025-02-05 19:41:56,2025-02-05 19:43:32,2025-02-05 19:47:40,2025-02-05 19:52:40,Completed,2.75,5.0,30.0,1.5,5.0,0.0,0.0,7.44,100.44,Debit Card,,,2025-02-05 19:52:40
1379,REQ00001379,429,10.0,12.0,3,14.0,13,2025-05-13 13:16:00,2025-05-13 13:20:12,2025-05-13 13:23:18,2025-05-13 14:25:12,Completed,25.15,61.9,100.0,1.0,15.0,0.0,0.0,61.82,834.57,Cash,,,2025-05-13 14:25:12
1380,REQ00001380,224,93.0,103.0,5,25.0,22,2024-04-16 05:35:15,2024-04-16 05:38:58,2024-04-16 05:52:00,2024-04-16 06:07:36,Completed,8.36,15.6,50.0,1.0,10.0,0.0,22.55,14.7,175.87,Cash,,,2024-04-16 06:07:36
1381,REQ00001381,279,12.0,14.0,2,8.0,10,2025-06-13 03:02:02,2025-06-13 03:03:52,2025-06-13 03:11:20,2025-06-13 03:59:20,Completed,27.99,48.0,50.0,1.2,10.0,0.0,0.0,44.92,606.38,Bank Transfer,,,2025-06-13 03:59:20
1382,REQ00001382,223,,,1,5.0,1,2025-11-07 13:40:03,,,,No_Driver_Available,,,,1.2,,,,,,,,,2025-11-07 13:40:03
1383,REQ00001383,475,80.0,88.0,10,48.0,46,2025-08-16 02:59:14,2025-08-16 03:02:02,2025-08-16 03:10:11,2025-08-16 04:34:41,Completed,32.8,84.5,150.0,1.2,25.0,0.0,0.0,143.71,1940.11,Credit Card,,,2025-08-16 04:34:41
1384,REQ00001384,53,6.0,6.0,5,25.0,24,2025-09-28 18:25:39,2025-09-28 18:27:19,,,Rider_Cancelled,,,,1.5,,,,,,,High Fare,Rider,2025-09-28 18:27:19
1385,REQ00001385,211,49.0,54.0,2,10.0,7,2025-02-28 12:37:40,2025-02-28 12:38:01,2025-02-28 12:43:16,2025-02-28 12:48:16,Completed,2.69,5.0,70.0,1.0,12.0,0.0,0.0,10.59,142.94,Debit Card,,,2025-02-28 12:48:16
1386,REQ00001386,184,90.0,100.0,2,6.0,9,2025-11-05 07:20:20,2025-11-05 07:25:10,,,Rider_Cancelled,,,,1.5,,,,,,,High Fare,Rider,2025-11-05 07:25:10
1387,REQ00001387,254,22.0,25.0,3,15.0,14,2025-06-27 00:11:37,2025-06-27 00:15:28,,,Rider_Cancelled,,,,1.2,,,,,,,Driver Delayed,Rider,2025-06-27 00:15:28
1388,REQ00001388,225,74.0,81.0,9,44.0,42,2025-09-15 17:23:13,2025-09-15 17:26:43,2025-09-15 17:40:20,2025-09-15 17:54:44,Completed,6.31,14.4,70.0,1.5,12.0,0.0,0.0,24.65,332.82,Credit Card,,,2025-09-15 17:54:44
1389,REQ00001389,475,82.0,91.0,10,47.0,48,2025-09-06 04:19:07,2025-09-06 04:21:58,2025-09-06 04:36:02,2025-09-06 05:58:50,Completed,32.88,82.8,50.0,1.5,10.0,0.0,0.0,69.45,937.59,Mobile Wallet,,,2025-09-06 05:58:50
1390,REQ00001390,41,47.0,52.0,5,24.0,22,2024-09-22 21:25:00,2024-09-22 21:27:30,2024-09-22 21:34:28,2024-09-22 21:51:22,Completed,6.59,16.9,70.0,1.5,12.0,0.0,0.0,25.76,347.73,Mobile Wallet,,,2024-09-22 21:51:22
1391,REQ00001391,93,14.0,17.0,10,48.0,50,2025-12-28 12:03:20,2025-12-28 12:05:58,,,Rider_Cancelled,,,,1.2,,,,,,,Changed Mind,Rider,2025-12-28 12:05:58
1392,REQ00001392,188,46.0,51.0,1,1.0,3,2024-11-30 23:15:39,2024-11-30 23:18:21,,,Rider_Cancelled,,,,1.2,,,,,,,Driver Delayed,Rider,2024-11-30 23:18:21
1393,REQ00001393,145,15.0,18.0,2,7.0,6,2024-01-07 16:03:46,2024-01-07 16:04:38,2024-01-07 16:13:42,2024-01-07 16:22:24,Completed,5.69,8.7,30.0,1.2,5.0,20.0,0.0,10.49,141.55,Mobile Wallet,,,2024-01-07 16:22:24
1394,REQ00001394,215,90.0,100.0,2,6.0,8,2024-01-24 18:16:02,2024-01-24 18:18:12,2024-01-24 18:31:38,2024-01-24 19:30:50,Completed,28.63,59.2,50.0,1.5,10.0,0.0,0.0,59.08,797.62,Cash,,,2024-01-24 19:30:50
1395,REQ00001395,361,83.0,92.0,6,30.0,29,2025-11-09 20:14:59,2025-11-09 20:15:49,2025-11-09 20:26:22,2025-11-09 20:36:16,Completed,6.12,9.9,100.0,1.5,15.0,0.0,0.0,31.46,424.68,Mobile Wallet,,,2025-11-09 20:36:16
1396,REQ00001396,285,59.0,65.0,5,23.0,22,2024-10-04 06:02:35,2024-10-04 06:04:17,2024-10-04 06:13:52,2024-10-04 06:47:46,Completed,17.24,33.9,70.0,1.0,12.0,0.0,0.0,32.67,441.07,Credit Card,,,2024-10-04 06:47:46
1397,REQ00001397,428,62.0,68.0,6,29.0,27,2025-06-04 22:12:03,2025-06-04 22:13:41,2025-06-04 22:25:48,2025-06-04 22:28:48,Completed,2.38,3.0,50.0,1.0,10.0,0.0,0.0,7.44,100.5,Cash,,,2025-06-04 22:28:48
1398,REQ00001398,218,69.0,76.0,9,42.0,43,2025-06-22 13:34:54,2025-06-22 13:38:53,,,Driver_Cancelled,,,,1.2,,,,,,,Low Fare,Driver,2025-06-22 13:38:53
1399,REQ00001399,73,98.0,108.0,1,2.0,1,2025-06-09 21:02:55,2025-06-09 21:07:21,,,Driver_Cancelled,,,,1.0,,,,,,,Traffic,Driver,2025-06-09 21:07:21
1400,REQ00001400,171,,,2,6.0,10,2024-11-08 10:09:15,,,,Requested,,,,1.0,,,,,,,,,2024-11-08 10:09:15
1401,REQ00001401,385,93.0,103.0,5,24.0,22,2024-06-02 01:34:20,2024-06-02 01:35:40,2024-06-02 01:36:45,2024-06-02 01:42:33,Completed,3.42,5.8,50.0,1.2,10.0,0.0,0.0,10.54,142.23,Mobile Wallet,,,2024-06-02 01:42:33
1402,REQ00001402,406,69.0,76.0,9,41.0,42,2025-04-30 08:22:53,2025-04-30 08:26:40,2025-04-30 08:30:15,2025-04-30 08:33:15,Completed,2.08,3.0,70.0,1.5,12.0,0.0,0.0,14.3,193.1,Mobile Wallet,,,2025-04-30 08:33:15
1403,REQ00001403,383,15.0,18.0,2,6.0,10,2024-11-14 04:52:27,2024-11-14 04:56:17,2024-11-14 05:02:37,2024-11-14 05:13:19,Completed,2.89,10.7,30.0,1.2,5.0,0.0,0.0,6.61,89.19,Credit Card,,,2024-11-14 05:13:19
1404,REQ00001404,424,81.0,89.0,5,22.0,21,2024-10-29 07:42:38,2024-10-29 07:44:30,2024-10-29 07:51:00,2024-10-29 08:04:12,Completed,3.8,13.2,100.0,1.5,15.0,0.0,0.0,26.88,362.88,Mobile Wallet,,,2024-10-29 08:04:12
1405,REQ00001405,365,1.0,1.0,5,21.0,25,2024-04-22 06:23:22,2024-04-22 06:27:13,2024-04-22 06:35:52,2024-04-22 06:45:28,Completed,6.32,9.6,120.0,1.2,18.0,0.0,0.0,29.36,396.37,Cash,,,2024-04-22 06:45:28
1406,REQ00001406,476,38.0,43.0,4,17.0,16,2024-03-19 11:41:04,2024-03-19 11:42:12,,,Rider_Cancelled,,,,1.0,,,,,,,High Fare,Rider,2024-03-19 11:42:12
1407,REQ00001407,226,84.0,94.0,4,19.0,18,2024-09-22 17:24:03,2024-09-22 17:24:52,,,Rider_Cancelled,,,,1.5,,,,,,,Changed Mind,Rider,2024-09-22 17:24:52
1408,REQ00001408,2,80.0,88.0,10,47.0,50,2025-05-28 05:02:18,2025-05-28 05:05:24,2025-05-28 05:11:26,2025-05-28 05:17:44,Completed,1.33,6.3,150.0,1.2,25.0,0.0,0.0,23.05,311.17,Mobile Wallet,,,2025-05-28 05:17:44
1409,REQ00001409,355,83.0,92.0,6,29.0,30,2025-02-19 08:31:43,2025-02-19 08:36:37,,,Rider_Cancelled,,,,1.5,,,,,,,High Fare,Rider,2025-02-19 08:36:37
1410,REQ00001410,31,90.0,100.0,2,6.0,8,2025-08-21 00:12:38,2025-08-21 00:13:23,2025-08-21 00:15:11,2025-08-21 01:12:59,Completed,32.66,57.8,50.0,1.2,10.0,0.0,0.0,51.71,698.05,Mobile Wallet,,,2025-08-21 01:12:59
1411,REQ00001411,286,29.0,32.0,1,2.0,4,2025-10-20 02:48:25,2025-10-20 02:50:00,2025-10-20 02:55:57,2025-10-20 03:13:33,Completed,5.83,17.6,70.0,1.2,12.0,0.0,0.0,19.65,265.23,Credit Card,,,2025-10-20 03:13:33
1412,REQ00001412,15,69.0,76.0,9,42.0,43,2025-01-27 12:48:37,2025-01-27 12:53:21,,,Rider_Cancelled,,,,1.0,,,,,,,High Fare,Rider,2025-01-27 12:53:21
1413,REQ00001413,102,20.0,23.0,3,15.0,11,2024-10-26 23:00:05,2024-10-26 23:01:45,2024-10-26 23:02:52,2024-10-26 23:14:58,Completed,6.62,12.1,70.0,1.5,12.0,0.0,0.0,24.66,332.91,Debit Card,,,2024-10-26 23:14:58
1414,REQ00001414,54,36.0,40.0,7,31.0,35,2024-06-16 14:51:22,2024-06-16 14:53:21,2024-06-16 15:06:57,2024-06-16 15:14:21,Completed,4.57,7.4,70.0,1.2,12.0,0.0,0.0,15.87,214.29,Debit Card,,,2024-06-16 15:14:21
1415,REQ00001415,187,6.0,6.0,5,24.0,23,2025-09-29 17:44:54,2025-09-29 17:47:09,2025-09-29 18:00:38,2025-09-29 18:44:44,Completed,19.37,44.1,150.0,1.5,25.0,50.0,0.0,117.9,1591.65,Cash,,,2025-09-29 18:44:44
1416,REQ00001416,33,,,8,40.0,38,2024-06-24 19:04:23,,,,No_Driver_Available,,,,1.5,,,,,,,,,2024-06-24 19:04:23
1417,REQ00001417,426,49.0,54.0,2,7.0,9,2025-08-21 00:37:37,2025-08-21 00:40:25,2025-08-21 00:47:42,2025-08-21 00:58:54,Completed,3.0,11.2,70.0,1.2,12.0,0.0,0.0,14.34,193.62,Credit Card,,,2025-08-21 00:58:54
1418,REQ00001418,8,42.0,47.0,2,6.0,8,2024-07-10 18:13:51,2024-07-10 18:18:13,2024-07-10 18:21:16,2024-07-10 19:27:22,Completed,27.24,66.1,150.0,1.5,25.0,0.0,0.0,150.79,2035.69,Mobile Wallet,,,2024-07-10 19:27:22
1419,REQ00001419,413,70.0,77.0,9,43.0,42,2024-12-27 00:49:46,2024-12-27 00:53:29,2024-12-27 00:56:31,2024-12-27 02:02:13,Completed,32.88,65.7,120.0,1.2,18.0,50.0,0.0,106.41,1436.56,Cash,,,2024-12-27 02:02:13
1420,REQ00001420,496,42.0,47.0,2,6.0,7,2024-11-21 11:50:47,2024-11-21 11:51:34,,,Driver_Cancelled,,,,1.0,,,,,,,Traffic,Driver,2024-11-21 11:51:34
1421,REQ00001421,491,49.0,54.0,2,8.0,7,2024-12-07 17:21:14,2024-12-07 17:21:53,2024-12-07 17:29:57,2024-12-07 18:21:51,Completed,26.34,51.9,70.0,1.5,12.0,0.0,0.0,69.71,941.06,Cash,,,2024-12-07 18:21:51
1422,REQ00001422,204,,,2,8.0,7,2025-03-16 02:21:40,,,,No_Driver_Available,,,,1.2,,,,,,,,,2025-03-16 02:21:40
1423,REQ00001423,18,22.0,25.0,3,14.0,12,2024-05-05 02:33:00,2024-05-05 02:34:53,,,Driver_Cancelled,,,,1.2,,,,,,,Vehicle Issue,Driver,2024-05-05 02:34:53
1424,REQ00001424,301,74.0,81.0,9,44.0,41,2024-10-15 10:37:48,2024-10-15 10:40:14,2024-10-15 10:50:19,2024-10-15 10:53:19,Completed,1.84,3.0,70.0,1.0,12.0,0.0,0.0,9.25,124.85,Debit Card,,,2024-10-15 10:53:19
1425,REQ00001425,207,32.0,36.0,8,39.0,37,2025-10-14 19:25:58,2025-10-14 19:30:20,,,Rider_Cancelled,,,,1.5,,,,,,,Changed Mind,Rider,2025-10-14 19:30:20
1426,REQ00001426,95,9.0,11.0,1,2.0,4,2025-10-21 13:13:11,2025-10-21 13:17:47,2025-10-21 13:24:25,2025-10-21 13:35:19,Completed,5.16,10.9,70.0,1.0,12.0,0.0,0.0,14.5,195.7,Credit Card,,,2025-10-21 13:35:19
1427,REQ00001427,63,90.0,100.0,2,7.0,8,2024-11-11 11:05:16,2024-11-11 11:09:55,2024-11-11 11:23:58,2024-11-11 12:27:58,Completed,26.0,64.0,50.0,1.2,10.0,20.0,0.0,46.85,632.45,Mobile Wallet,,,2024-11-11 12:27:58
1428,REQ00001428,302,28.0,31.0,8,40.0,39,2024-02-12 20:06:00,2024-02-12 20:07:58,2024-02-12 20:22:51,2024-02-12 20:26:39,Completed,4.28,3.8,70.0,1.5,12.0,0.0,0.0,18.46,249.16,Debit Card,,,2024-02-12 20:26:39
1429,REQ00001429,161,72.0,79.0,10,47.0,46,2025-03-03 20:59:06,2025-03-03 21:02:47,,,Rider_Cancelled,,,,1.5,,,,,,,Long ETA,Rider,2025-03-03 21:02:47
1430,REQ00001430,370,94.0,104.0,6,30.0,27,2024-06-18 13:40:16,2024-06-18 13:41:53,,,Rider_Cancelled,,,,1.2,,,,,,,Driver Delayed,Rider,2024-06-18 13:41:53
1431,REQ00001431,497,,,2,10.0,9,2025-12-04 18:36:31,,,,No_Driver_Available,,,,1.5,,,,,,,,,2025-12-04 18:36:31
1432,REQ00001432,161,48.0,53.0,10,49.0,47,2024-08-28 19:06:53,2024-08-28 19:08:36,2024-08-28 19:19:46,2024-08-28 19:30:28,Completed,4.75,10.7,50.0,1.5,10.0,0.0,0.0,15.97,215.55,Bank Transfer,,,2024-08-28 19:30:28
1433,REQ00001433,280,3.0,3.0,8,40.0,37,2025-11-12 21:46:25,2025-11-12 21:50:34,2025-11-12 22:00:29,2025-11-12 22:06:05,Completed,2.5,5.6,50.0,1.0,10.0,0.0,0.0,7.87,106.27,Mobile Wallet,,,2025-11-12 22:06:05
1434,REQ00001434,159,70.0,77.0,9,42.0,41,2024-07-04 11:32:13,2024-07-04 11:33:57,,,Rider_Cancelled,,,,1.0,,,,,,,Other,Rider,2024-07-04 11:33:57
1435,REQ00001435,215,42.0,47.0,2,9.0,7,2025-06-24 06:38:00,2025-06-24 06:42:14,2025-06-24 06:49:26,2025-06-24 06:54:08,Completed,3.5,4.7,150.0,1.2,25.0,0.0,28.8,28.68,358.44,Credit Card,,,2025-06-24 06:54:08
1436,REQ00001436,195,72.0,79.0,10,48.0,50,2024-09-21 00:34:00,2024-09-21 00:37:49,2024-09-21 00:45:38,2024-09-21 01:26:14,Completed,16.34,40.6,50.0,1.2,10.0,0.0,0.0,30.43,410.81,Mobile Wallet,,,2024-09-21 01:26:14
1437,REQ00001437,134,42.0,47.0,2,9.0,6,2024-10-26 07:19:47,2024-10-26 07:20:19,2024-10-26 07:22:22,2024-10-26 07:36:10,Completed,4.7,13.8,150.0,1.5,25.0,0.0,41.28,44.54,560.06,Mobile Wallet,,,2024-10-26 07:36:10
1438,REQ00001438,455,62.0,68.0,6,26.0,29,2025-09-18 14:06:55,2025-09-18 14:10:54,2025-09-18 14:21:45,2025-09-18 14:44:45,Completed,9.15,23.0,50.0,1.0,10.0,0.0,0.0,16.34,220.64,Bank Transfer,,,2025-09-18 14:44:45
1439,REQ00001439,451,22.0,25.0,3,13.0,11,2025-12-28 06:42:58,2025-12-28 06:47:51,2025-12-28 06:55:05,2025-12-28 07:43:11,Completed,27.63,48.1,50.0,1.2,10.0,0.0,0.0,44.52,600.97,Mobile Wallet,,,2025-12-28 07:43:11
1440,REQ00001440,298,31.0,35.0,7,32.0,31,2024-03-12 13:18:07,2024-03-12 13:19:31,2024-03-12 13:29:38,2024-03-12 13:44:44,Completed,4.86,15.1,100.0,1.2,15.0,0.0,15.83,24.0,308.11,Credit Card,,,2024-03-12 13:44:44
1441,REQ00001441,153,9.0,11.0,1,3.0,4,2024-05-09 04:48:11,2024-05-09 04:51:24,2024-05-09 05:03:47,2024-05-09 05:38:05,Completed,22.45,34.3,70.0,1.2,12.0,0.0,0.0,46.79,631.61,Credit Card,,,2024-05-09 05:38:05
1442,REQ00001442,168,15.0,18.0,2,10.0,8,2025-09-26 03:51:43,2025-09-26 03:56:37,2025-09-26 03:58:43,2025-09-26 04:41:19,Completed,16.89,42.6,30.0,1.2,5.0,0.0,0.0,20.42,275.68,Cash,,,2025-09-26 04:41:19
1443,REQ00001443,108,90.0,100.0,2,10.0,9,2024-06-25 20:34:42,2024-06-25 20:38:48,2024-06-25 20:50:47,2024-06-25 20:59:53,Completed,3.81,9.1,50.0,1.5,10.0,0.0,0.0,14.32,193.38,Debit Card,,,2024-06-25 20:59:53
1444,REQ00001444,225,86.0,96.0,9,41.0,44,2025-04-24 21:23:26,2025-04-24 21:26:41,2025-04-24 21:40:42,2025-04-24 22:06:30,Completed,7.51,25.8,100.0,1.0,15.0,0.0,0.0,26.38,356.08,Mobile Wallet,,,2025-04-24 22:06:30
1445,REQ00001445,343,86.0,96.0,9,41.0,44,2024-08-06 09:12:02,2024-08-06 09:16:53,,,Rider_Cancelled,,,,1.5,,,,,,,High Fare,Rider,2024-08-06 09:16:53
1446,REQ00001446,278,,,2,8.0,7,2024-11-04 12:25:29,,,,No_Driver_Available,,,,1.0,,,,,,,,,2024-11-04 12:25:29
1447,REQ00001447,277,20.0,23.0,3,14.0,13,2025-09-03 19:39:52,2025-09-03 19:42:45,,,Rider_Cancelled,,,,1.5,,,,,,,Other,Rider,2025-09-03 19:42:45
1448,REQ00001448,236,90.0,100.0,2,8.0,10,2025-09-25 14:25:42,2025-09-25 14:29:28,2025-09-25 14:40:45,2025-09-25 15:20:51,Completed,21.54,40.1,50.0,1.0,10.0,0.0,77.12,30.29,331.8,Cash,,,2025-09-25 15:20:51
1449,REQ00001449,419,48.0,53.0,10,49.0,48,2025-09-28 23:18:03,2025-09-28 23:18:29,2025-09-28 23:24:41,2025-09-29 01:11:53,Completed,34.59,107.2,50.0,1.5,10.0,0.0,0.0,76.31,1030.13,Mobile Wallet,,,2025-09-29 01:11:53
1450,REQ00001450,450,69.0,76.0,9,44.0,45,2025-10-22 12:44:34,2025-10-22 12:45:05,,,Accepted,,,,1.0,,,,,,,,,2025-10-22 12:45:05
1451,REQ00001451,155,36.0,40.0,7,32.0,35,2024-02-28 20:37:47,2024-02-28 20:42:42,2024-02-28 20:52:59,2024-02-28 21:05:29,Completed,8.31,12.5,70.0,1.5,12.0,0.0,0.0,27.8,375.28,Cash,,,2024-02-28 21:05:29
1452,REQ00001452,475,14.0,17.0,10,46.0,47,2025-08-11 11:11:53,2025-08-11 11:15:03,2025-08-11 11:19:18,2025-08-11 11:26:54,Completed,2.08,7.6,30.0,1.0,5.0,0.0,0.0,4.74,63.98,Cash,,,2025-08-11 11:26:54
1453,REQ00001453,204,12.0,14.0,2,8.0,10,2024-12-01 01:00:19,2024-12-01 01:01:36,,,Rider_Cancelled,,,,1.2,,,,,,,Long ETA,Rider,2024-12-01 01:01:36
1454,REQ00001454,279,54.0,60.0,2,8.0,7,2024-04-26 01:09:38,2024-04-26 01:12:28,,,Driver_Cancelled,,,,1.2,,,,,,,Personal Reason,Driver,2024-04-26 01:12:28
1455,REQ00001455,210,45.0,50.0,3,13.0,11,2024-01-15 15:00:24,2024-01-15 15:01:03,,,Driver_Cancelled,,,,1.0,,,,,,,Vehicle Issue,Driver,2024-01-15 15:01:03
1456,REQ00001456,66,84.0,94.0,4,17.0,19,2024-07-15 18:46:01,2024-07-15 18:50:22,2024-07-15 19:00:34,2024-07-15 19:19:22,Completed,3.74,18.8,70.0,1.5,12.0,0.0,0.0,21.08,284.63,Mobile Wallet,,,2024-07-15 19:19:22
1457,REQ00001457,343,69.0,76.0,9,45.0,41,2024-08-15 04:52:08,2024-08-15 04:55:41,,,Rider_Cancelled,,,,1.2,,,,,,,Long ETA,Rider,2024-08-15 04:55:41
1458,REQ00001458,124,40.0,45.0,8,38.0,40,2024-11-09 03:33:54,2024-11-09 03:37:19,2024-11-09 03:49:58,2024-11-09 05:01:52,Completed,21.14,71.9,120.0,1.2,18.0,0.0,0.0,78.6,1061.14,Mobile Wallet,,,2024-11-09 05:01:52
1459,REQ00001459,461,12.0,14.0,2,8.0,9,2025-04-26 20:56:34,2025-04-26 20:56:57,2025-04-26 21:10:58,2025-04-26 22:16:16,Completed,30.39,65.3,50.0,1.5,10.0,0.0,0.0,62.72,846.66,Bank Transfer,,,2025-04-26 22:16:16
1460,REQ00001460,350,74.0,81.0,9,41.0,44,2025-05-30 17:50:59,2025-05-30 17:52:14,2025-05-30 17:53:33,2025-05-30 18:13:03,Completed,10.13,19.5,70.0,1.5,12.0,0.0,0.0,32.75,442.18,Cash,,,2025-05-30 18:13:03
1461,REQ00001461,3,9.0,11.0,1,3.0,4,2024-08-07 09:32:35,2024-08-07 09:37:19,2024-08-07 09:47:56,2024-08-07 10:35:26,Completed,17.11,47.5,70.0,1.5,12.0,0.0,0.0,52.04,702.51,Credit Card,,,2024-08-07 10:35:26
1462,REQ00001462,411,70.0,77.0,9,41.0,42,2025-08-01 21:32:10,2025-08-01 21:34:26,,,Rider_Cancelled,,,,1.0,,,,,,,Changed Mind,Rider,2025-08-01 21:34:26
1463,REQ00001463,302,8.0,9.0,8,40.0,38,2024-01-23 04:10:50,2024-01-23 04:12:10,2024-01-23 04:21:00,2024-01-23 04:47:06,Completed,13.86,26.1,70.0,1.2,12.0,0.0,0.0,32.84,443.36,Mobile Wallet,,,2024-01-23 04:47:06
1464,REQ00001464,103,60.0,66.0,5,22.0,24,2024-01-18 04:41:46,2024-01-18 04:42:34,2024-01-18 04:56:02,2024-01-18 05:14:02,Completed,6.63,18.0,70.0,1.2,12.0,0.0,0.0,20.88,281.82,Cash,,,2024-01-18 05:14:02
1465,REQ00001465,264,10.0,12.0,3,11.0,15,2025-05-28 15:10:11,2025-05-28 15:11:13,,,Rider_Cancelled,,,,1.0,,,,,,,Other,Rider,2025-05-28 15:11:13
1466,REQ00001466,190,,,2,8.0,7,2025-03-08 01:54:09,,,,No_Driver_Available,,,,1.2,,,,,,,,,2025-03-08 01:54:09
1467,REQ00001467,258,55.0,61.0,2,10.0,8,2024-03-03 01:58:33,2024-03-03 01:59:42,,,Rider_Cancelled,,,,1.5,,,,,,,Changed Mind,Rider,2024-03-03 01:59:42
1468,REQ00001468,171,54.0,60.0,2,9.0,10,2025-02-22 11:03:56,2025-02-22 11:05:34,2025-02-22 11:09:18,2025-02-22 11:28:54,Completed,7.12,19.6,50.0,1.2,10.0,0.0,0.0,16.78,226.59,Credit Card,,,2025-02-22 11:28:54
1469,REQ00001469,471,15.0,18.0,2,8.0,9,2025-03-23 06:57:29,2025-03-23 07:01:14,2025-03-23 07:04:33,2025-03-23 07:38:15,Completed,18.79,33.7,30.0,1.2,5.0,0.0,0.0,21.03,283.85,Cash,,,2025-03-23 07:38:15
1470,REQ00001470,381,16.0,19.0,3,13.0,14,2024-12-20 08:25:37,2024-12-20 08:26:59,2024-12-20 08:30:07,2024-12-20 09:41:19,Completed,34.89,71.2,150.0,1.5,25.0,0.0,0.0,180.78,2440.53,Mobile Wallet,,,2024-12-20 09:41:19
1471,REQ00001471,197,11.0,13.0,3,12.0,14,2025-01-15 05:07:06,2025-01-15 05:11:11,2025-01-15 05:25:19,2025-01-15 05:45:43,Completed,11.23,20.4,100.0,1.2,15.0,0.0,0.0,37.5,506.22,Mobile Wallet,,,2025-01-15 05:45:43
1472,REQ00001472,13,55.0,61.0,2,7.0,6,2025-11-22 22:51:36,2025-11-22 22:52:25,2025-11-22 22:53:54,2025-11-22 22:56:54,Completed,2.37,3.0,50.0,1.5,10.0,0.0,0.0,11.15,150.56,Mobile Wallet,,,2025-11-22 22:56:54
1473,REQ00001473,209,9.0,11.0,1,4.0,3,2025-03-17 18:39:18,2025-03-17 18:40:22,2025-03-17 18:46:45,2025-03-17 19:52:33,Completed,28.49,65.8,70.0,1.5,12.0,0.0,0.0,76.91,1038.34,Cash,,,2025-03-17 19:52:33
1474,REQ00001474,398,29.0,32.0,1,5.0,1,2024-03-12 08:19:40,2024-03-12 08:23:36,,,Rider_Cancelled,,,,1.5,,,,,,,High Fare,Rider,2024-03-12 08:23:36
1475,REQ00001475,252,72.0,79.0,10,46.0,49,2024-06-18 18:11:15,2024-06-18 18:16:00,,,Driver_Cancelled,,,,1.5,,,,,,,Other,Driver,2024-06-18 18:16:00
1476,REQ00001476,40,59.0,65.0,5,25.0,24,2025-04-18 21:51:52,2025-04-18 21:52:57,2025-04-18 22:06:28,2025-04-18 22:11:40,Completed,1.95,5.2,70.0,1.0,12.0,0.0,0.0,9.73,131.38,Mobile Wallet,,,2025-04-18 22:11:40
1477,REQ00001477,131,29.0,32.0,1,3.0,4,2025-04-02 21:07:30,2025-04-02 21:10:27,2025-04-02 21:20:08,2025-04-02 22:21:38,Completed,27.51,61.5,70.0,1.2,12.0,0.0,0.0,59.29,800.47,Credit Card,,,2025-04-02 22:21:38
1478,REQ00001478,190,90.0,100.0,2,8.0,9,2025-04-08 06:34:00,2025-04-08 06:36:03,,,Accepted,,,,1.2,,,,,,,,,2025-04-08 06:36:03
1479,REQ00001479,450,86.0,96.0,9,42.0,44,2024-07-07 03:46:30,2024-07-07 03:49:06,2024-07-07 03:59:47,2024-07-07 04:05:23,Completed,2.52,5.6,100.0,1.2,15.0,0.0,0.0,17.22,232.5,Bank Transfer,,,2024-07-07 04:05:23
1480,REQ00001480,364,15.0,18.0,2,7.0,10,2024-08-02 23:10:46,2024-08-02 23:13:40,2024-08-02 23:21:39,2024-08-02 23:37:09,Completed,7.51,15.5,30.0,1.2,5.0,0.0,0.0,10.62,143.32,Cash,,,2024-08-02 23:37:09
1481,REQ00001481,440,33.0,37.0,1,1.0,5,2024-02-05 21:43:35,2024-02-05 21:46:22,2024-02-05 21:53:33,2024-02-05 22:07:45,Completed,5.2,14.2,50.0,1.0,10.0,0.0,0.0,11.5,155.2,Mobile Wallet,,,2024-02-05 22:07:45
1482,REQ00001482,274,49.0,54.0,2,9.0,8,2025-03-23 23:54:40,2025-03-23 23:58:35,2025-03-24 00:09:51,2025-03-24 01:04:21,Completed,25.16,54.5,70.0,1.2,12.0,0.0,0.0,54.57,736.65,Cash,,,2025-03-24 01:04:21
1483,REQ00001483,191,82.0,91.0,10,47.0,46,2024-03-06 02:45:18,2024-03-06 02:48:23,2024-03-06 02:56:40,2024-03-06 03:18:04,Completed,10.67,21.4,50.0,1.2,10.0,0.0,0.0,21.13,285.3,Cash,,,2024-03-06 03:18:04
1484,REQ00001484,388,12.0,14.0,2,10.0,8,2024-06-26 07:59:24,2024-06-26 08:04:11,2024-06-26 08:14:13,2024-06-26 08:51:49,Completed,12.39,37.6,50.0,1.5,10.0,0.0,0.0,31.81,429.43,Cash,,,2024-06-26 08:51:49
1485,REQ00001485,169,21.0,24.0,5,23.0,21,2024-02-20 02:53:45,2024-02-20 02:56:52,2024-02-20 03:05:43,2024-02-20 03:40:01,Completed,14.86,34.3,30.0,1.2,5.0,0.0,0.0,18.07,243.89,Cash,,,2024-02-20 03:40:01
1486,REQ00001486,116,22.0,25.0,3,12.0,15,2025-12-18 20:10:03,2025-12-18 20:13:02,2025-12-18 20:18:51,2025-12-18 20:27:03,Completed,2.63,8.2,50.0,1.5,10.0,50.0,8.16,18.46,241.09,Debit Card,,,2025-12-18 20:27:03
1487,REQ00001487,80,22.0,25.0,3,14.0,15,2024-12-12 03:59:12,2024-12-12 04:04:05,2024-12-12 04:17:21,2024-12-12 04:22:57,Completed,3.18,5.6,50.0,1.2,10.0,0.0,13.22,10.23,124.88,Mobile Wallet,,,2024-12-12 04:22:57
1488,REQ00001488,134,,,2,6.0,9,2025-04-11 20:34:49,,,,No_Driver_Available,,,,1.5,,,,,,,,,2025-04-11 20:34:49
1489,REQ00001489,202,33.0,37.0,1,5.0,4,2024-12-21 11:06:31,2024-12-21 11:10:49,2024-12-21 11:24:24,2024-12-21 11:44:42,Completed,6.42,20.3,50.0,1.2,10.0,0.0,0.0,16.08,217.07,Cash,,,2024-12-21 11:44:42
1490,REQ00001490,241,,,3,13.0,15,2024-08-17 09:13:27,,,,No_Driver_Available,,,,1.5,,,,,,,,,2024-08-17 09:13:27
1491,REQ00001491,275,98.0,108.0,1,3.0,4,2024-09-05 12:54:08,2024-09-05 12:58:31,2024-09-05 13:11:30,2024-09-05 13:40:42,Completed,14.93,29.2,100.0,1.2,15.0,0.0,0.0,46.71,630.63,Mobile Wallet,,,2024-09-05 13:40:42
1492,REQ00001492,350,70.0,77.0,9,43.0,42,2024-03-25 02:21:00,2024-03-25 02:21:59,2024-03-25 02:32:17,2024-03-25 02:58:59,Completed,9.34,26.7,120.0,1.2,18.0,20.0,0.0,42.58,574.88,Mobile Wallet,,,2024-03-25 02:58:59
1493,REQ00001493,302,32.0,36.0,8,38.0,37,2024-12-07 23:46:29,2024-12-07 23:51:26,2024-12-08 00:05:58,2024-12-08 00:35:58,Completed,13.65,30.0,70.0,1.2,12.0,0.0,0.0,33.29,449.39,Credit Card,,,2024-12-08 00:35:58
1494,REQ00001494,302,68.0,75.0,8,37.0,38,2024-11-04 05:32:12,2024-11-04 05:34:01,2024-11-04 05:37:37,2024-11-04 06:23:25,Completed,22.12,45.8,150.0,1.0,25.0,0.0,0.0,81.74,1103.54,Cash,,,2024-11-04 06:23:25
1495,REQ00001495,198,86.0,96.0,9,45.0,41,2024-01-22 02:57:57,2024-01-22 02:58:30,2024-01-22 03:02:20,2024-01-22 03:24:38,Completed,6.51,22.3,100.0,1.2,15.0,0.0,0.0,28.89,390.03,Mobile Wallet,,,2024-01-22 03:24:38
1496,REQ00001496,75,33.0,37.0,1,2.0,3,2025-07-08 23:10:40,2025-07-08 23:12:28,,,Rider_Cancelled,,,,1.2,,,,,,,Other,Rider,2025-07-08 23:12:28
1497,REQ00001497,328,60.0,66.0,5,21.0,25,2024-02-10 20:42:44,2024-02-10 20:44:09,2024-02-10 20:56:13,2024-02-10 20:59:13,Completed,2.71,3.0,70.0,1.5,12.0,0.0,0.0,15.44,208.42,Cash,,,2024-02-10 20:59:13
1498,REQ00001498,466,37.0,41.0,5,23.0,25,2024-01-22 02:56:39,2024-01-22 02:58:42,2024-01-22 03:03:31,2024-01-22 04:09:37,Completed,27.01,66.1,150.0,1.2,25.0,0.0,0.0,119.97,1619.61,Debit Card,,,2024-01-22 04:09:37
1499,REQ00001499,78,22.0,25.0,3,12.0,15,2024-07-29 05:52:51,2024-07-29 05:55:35,2024-07-29 06:03:52,2024-07-29 06:18:04,Completed,6.45,14.2,50.0,1.2,10.0,0.0,0.0,15.24,205.68,Cash,,,2024-07-29 06:18:04
1500,REQ00001500,244,10.0,12.0,3,14.0,13,2024-01-30 23:25:55,2024-01-30 23:30:47,2024-01-30 23:44:17,2024-01-31 00:41:05,Completed,34.15,56.8,100.0,1.0,15.0,0.0,127.45,75.2,887.75,Cash,,,2024-01-31 00:41:05
1501,REQ00001501,372,90.0,100.0,2,8.0,6,2025-03-07 07:25:54,2025-03-07 07:26:38,2025-03-07 07:35:30,2025-03-07 08:09:36,Completed,13.72,34.1,50.0,1.5,10.0,0.0,0.0,33.09,446.78,Cash,,,2025-03-07 08:09:36
1502,REQ00001502,497,55.0,61.0,2,10.0,9,2025-11-28 09:20:43,2025-11-28 09:22:14,2025-11-28 09:29:46,2025-11-28 09:32:46,Completed,1.22,3.0,50.0,1.5,10.0,20.0,9.7,11.9,150.91,Cash,,,2025-11-28 09:32:46
1503,REQ00001503,461,15.0,18.0,2,8.0,10,2025-11-18 05:00:27,2025-11-18 05:02:47,2025-11-18 05:06:06,2025-11-18 06:37:12,Completed,28.16,91.1,30.0,1.0,5.0,0.0,18.4,28.11,361.09,Mobile Wallet,,,2025-11-18 06:37:12
1504,REQ00001504,338,,,7,32.0,31,2024-12-03 11:48:33,,,,No_Driver_Available,,,,1.2,,,,,,,,,2024-12-03 11:48:33
1505,REQ00001505,15,86.0,96.0,9,42.0,44,2024-05-23 21:31:03,2024-05-23 21:33:47,2024-05-23 21:35:12,2024-05-23 21:45:54,Completed,2.95,10.7,100.0,1.0,15.0,0.0,0.0,16.06,216.81,Mobile Wallet,,,2024-05-23 21:45:54
1506,REQ00001506,32,,,9,45.0,42,2024-03-13 20:03:12,,,,No_Driver_Available,,,,1.5,,,,,,,,,2024-03-13 20:03:12
1507,REQ00001507,412,,,2,6.0,7,2024-04-29 11:37:06,,,,No_Driver_Available,,,,1.0,,,,,,,,,2024-04-29 11:37:06
1508,REQ00001508,262,29.0,32.0,1,4.0,2,2024-08-27 22:58:08,2024-08-27 22:59:53,2024-08-27 23:09:38,2024-08-27 23:18:14,Completed,4.47,8.6,70.0,1.0,12.0,50.0,0.0,17.3,233.55,Cash,,,2024-08-27 23:18:14
1509,REQ00001509,365,25.0,28.0,5,25.0,23,2025-02-11 22:16:52,2025-02-11 22:19:35,2025-02-11 22:31:08,2025-02-11 23:06:14,Completed,20.18,35.1,30.0,1.0,5.0,0.0,40.82,18.52,209.24,Cash,,,2025-02-11 23:06:14
1510,REQ00001510,73,29.0,32.0,1,2.0,5,2024-09-13 08:47:45,2024-09-13 08:49:18,2024-09-13 08:53:14,2024-09-13 09:07:26,Completed,5.37,14.2,70.0,2.0,12.0,0.0,0.0,30.55,412.45,Debit Card,,,2024-09-13 09:07:26
1511,REQ00001511,208,2.0,2.0,6,26.0,29,2025-08-10 15:19:22,2025-08-10 15:23:38,2025-08-10 15:33:14,2025-08-10 15:57:44,Completed,12.0,24.5,70.0,1.2,12.0,0.0,0.0,29.86,403.06,Cash,,,2025-08-10 15:57:44
1512,REQ00001512,209,33.0,37.0,1,5.0,4,2025-09-13 00:36:45,2025-09-13 00:37:48,2025-09-13 00:48:02,2025-09-13 00:54:26,Completed,2.9,6.4,50.0,1.5,10.0,0.0,0.0,12.53,169.13,Mobile Wallet,,,2025-09-13 00:54:26
1513,REQ00001513,495,75.0,82.0,4,17.0,19,2024-05-18 23:31:22,2024-05-18 23:33:39,2024-05-18 23:35:33,2024-05-18 23:45:21,Completed,2.2,9.8,30.0,1.2,5.0,0.0,0.0,5.99,80.87,Cash,,,2024-05-18 23:45:21
1514,REQ00001514,457,11.0,13.0,3,15.0,14,2025-05-28 18:59:27,2025-05-28 19:02:50,2025-05-28 19:05:18,2025-05-28 19:08:54,Completed,3.83,3.6,100.0,1.5,15.0,50.0,0.0,30.07,405.97,Mobile Wallet,,,2025-05-28 19:08:54
1515,REQ00001515,85,69.0,76.0,9,41.0,44,2024-09-21 11:31:03,2024-09-21 11:32:06,2024-09-21 11:36:03,2024-09-21 11:42:51,Completed,4.3,6.8,70.0,1.2,12.0,0.0,0.0,15.37,207.49,Cash,,,2024-09-21 11:42:51
1516,REQ00001516,171,55.0,61.0,2,7.0,10,2024-09-09 05:59:49,2024-09-09 06:00:28,2024-09-09 06:07:28,2024-09-09 06:13:46,Completed,4.67,6.3,50.0,1.2,10.0,50.0,10.6,16.85,216.84,Mobile Wallet,,,2024-09-09 06:13:46
1517,REQ00001517,87,29.0,32.0,1,3.0,2,2024-04-23 05:11:50,2024-04-23 05:12:27,2024-04-23 05:20:36,2024-04-23 06:14:06,Completed,17.46,53.5,70.0,1.2,12.0,0.0,0.0,43.29,584.37,Debit Card,,,2024-04-23 06:14:06
1518,REQ00001518,361,2.0,2.0,6,29.0,27,2024-02-16 14:33:46,2024-02-16 14:38:42,2024-02-16 14:42:55,2024-02-16 14:56:31,Completed,4.82,13.6,70.0,1.0,12.0,0.0,0.0,14.52,196.02,Mobile Wallet,,,2024-02-16 14:56:31
1519,REQ00001519,218,69.0,76.0,9,41.0,42,2024-06-28 23:16:50,2024-06-28 23:18:27,2024-06-28 23:31:50,2024-06-28 23:53:50,Completed,10.07,22.0,70.0,1.0,12.0,0.0,0.0,22.16,299.21,Bank Transfer,,,2024-06-28 23:53:50
1520,REQ00001520,477,84.0,94.0,4,18.0,20,2025-01-06 07:10:34,2025-01-06 07:13:59,2025-01-06 07:21:50,2025-01-06 07:40:38,Completed,11.75,18.8,70.0,1.5,12.0,0.0,0.0,35.5,479.28,Debit Card,,,2025-01-06 07:40:38
1521,REQ00001521,236,15.0,18.0,2,6.0,9,2025-05-02 11:28:11,2025-05-02 11:30:31,2025-05-02 11:39:56,2025-05-02 11:42:56,Completed,3.32,3.0,30.0,1.0,5.0,0.0,0.0,5.16,69.72,Mobile Wallet,,,2025-05-02 11:42:56
1522,REQ00001522,234,98.0,108.0,1,5.0,3,2025-12-19 12:16:08,2025-12-19 12:17:06,2025-12-19 12:24:45,2025-12-19 13:42:51,Completed,27.77,78.1,100.0,1.2,15.0,20.0,0.0,85.02,1147.8,Debit Card,,,2025-12-19 13:42:51
1523,REQ00001523,209,33.0,37.0,1,5.0,2,2024-04-16 19:08:16,2024-04-16 19:10:54,,,Rider_Cancelled,,,,1.5,,,,,,,High Fare,Rider,2024-04-16 19:10:54
1524,REQ00001524,358,70.0,77.0,9,42.0,43,2025-05-23 19:22:21,2025-05-23 19:26:51,2025-05-23 19:39:56,2025-05-23 20:14:26,Completed,12.96,34.5,120.0,1.5,18.0,0.0,0.0,63.19,853.12,Cash,,,2025-05-23 20:14:26
1525,REQ00001525,466,59.0,65.0,5,24.0,22,2024-09-01 19:15:44,2024-09-01 19:18:00,2024-09-01 19:29:47,2024-09-01 19:39:59,Completed,4.67,10.2,70.0,1.5,12.0,0.0,25.21,20.69,254.16,Cash,,,2024-09-01 19:39:59
1526,REQ00001526,253,55.0,61.0,2,9.0,8,2024-11-10 17:33:19,2024-11-10 17:36:13,,,Driver_Cancelled,,,,1.5,,,,,,,Personal Reason,Driver,2024-11-10 17:36:13
1527,REQ00001527,255,42.0,47.0,2,7.0,10,2025-02-06 12:59:09,2025-02-06 13:01:20,2025-02-06 13:10:37,2025-02-06 13:19:49,Completed,2.16,9.2,150.0,1.2,25.0,0.0,43.98,26.55,314.49,Credit Card,,,2025-02-06 13:19:49
1528,REQ00001528,21,86.0,96.0,9,43.0,41,2025-03-12 12:17:04,2025-03-12 12:17:41,2025-03-12 12:24:43,2025-03-12 12:59:31,Completed,18.24,34.8,100.0,1.2,15.0,0.0,0.0,54.41,734.57,Cash,,,2025-03-12 12:59:31
1529,REQ00001529,192,3.0,3.0,8,36.0,39,2025-09-01 07:43:15,2025-09-01 07:47:07,2025-09-01 07:53:27,2025-09-01 07:56:27,Completed,3.19,3.0,50.0,1.5,10.0,0.0,0.0,12.33,166.5,Cash,,,2025-09-01 07:56:27
1530,REQ00001530,315,97.0,107.0,8,39.0,38,2025-05-27 11:23:56,2025-05-27 11:26:24,2025-05-27 11:28:17,2025-05-27 12:42:05,Completed,23.34,73.8,70.0,1.0,12.0,0.0,0.0,46.38,626.08,Cash,,,2025-05-27 12:42:05
1531,REQ00001531,134,49.0,54.0,2,6.0,9,2024-11-27 10:15:44,2024-11-27 10:18:35,2024-11-27 10:26:03,2024-11-27 11:27:33,Completed,18.75,61.5,70.0,1.2,12.0,0.0,0.0,46.68,630.18,Cash,,,2024-11-27 11:27:33
1532,REQ00001532,398,29.0,32.0,1,2.0,4,2025-04-20 22:48:47,2025-04-20 22:51:53,2025-04-20 22:57:56,2025-04-20 23:00:56,Completed,1.31,3.0,70.0,1.2,12.0,0.0,12.86,10.33,126.65,Cash,,,2025-04-20 23:00:56
1533,REQ00001533,454,5.0,5.0,7,35.0,33,2024-07-05 19:12:35,2024-07-05 19:17:30,2024-07-05 19:24:38,2024-07-05 19:48:32,Completed,14.02,23.9,30.0,1.5,5.0,0.0,0.0,20.53,277.12,Cash,,,2024-07-05 19:48:32
1534,REQ00001534,398,29.0,32.0,1,2.0,3,2025-10-11 07:09:24,2025-10-11 07:14:15,2025-10-11 07:15:59,2025-10-11 07:56:35,Completed,13.83,40.6,70.0,1.5,12.0,0.0,0.0,44.48,600.45,Cash,,,2025-10-11 07:56:35
1535,REQ00001535,31,55.0,61.0,2,7.0,8,2024-04-23 08:06:08,2024-04-23 08:09:36,2024-04-23 08:13:41,2024-04-23 09:05:53,Completed,19.87,52.2,50.0,1.5,10.0,50.0,0.0,51.21,691.32,Debit Card,,,2024-04-23 09:05:53
1536,REQ00001536,496,42.0,47.0,2,10.0,7,2025-09-07 13:16:15,2025-09-07 13:17:55,,,Driver_Cancelled,,,,1.2,,,,,,,Low Fare,Driver,2025-09-07 13:17:55
1537,REQ00001537,495,34.0,38.0,4,16.0,20,2025-01-02 02:34:32,2025-01-02 02:39:13,2025-01-02 02:44:26,2025-01-02 03:11:50,Completed,11.41,27.4,150.0,1.2,25.0,50.0,28.69,64.98,848.57,Mobile Wallet,,,2025-01-02 03:11:50
1538,REQ00001538,279,42.0,47.0,2,7.0,8,2024-10-22 10:03:24,2024-10-22 10:05:55,2024-10-22 10:12:10,2024-10-22 10:43:04,Completed,10.38,30.9,150.0,1.2,25.0,0.0,0.0,58.56,790.56,Credit Card,,,2024-10-22 10:43:04
1539,REQ00001539,318,45.0,50.0,3,14.0,12,2024-09-23 10:55:50,2024-09-23 10:57:09,2024-09-23 11:03:57,2024-09-23 11:32:09,Completed,13.27,28.2,70.0,1.0,12.0,0.0,0.0,27.0,364.45,Cash,,,2024-09-23 11:32:09
1540,REQ00001540,2,80.0,88.0,10,49.0,47,2025-06-30 16:29:45,2025-06-30 16:30:17,2025-06-30 16:40:46,2025-06-30 16:54:04,Completed,5.54,13.3,150.0,1.0,25.0,0.0,54.12,31.55,371.83,Cash,,,2025-06-30 16:54:04
1541,REQ00001541,175,22.0,25.0,3,11.0,13,2025-08-24 11:29:01,2025-08-24 11:31:18,2025-08-24 11:46:11,2025-08-24 12:32:29,Completed,21.33,46.3,50.0,1.2,10.0,0.0,45.89,37.0,453.6,Mobile Wallet,,,2025-08-24 12:32:29
1542,REQ00001542,356,29.0,32.0,1,3.0,1,2024-04-12 18:18:59,2024-04-12 18:20:02,2024-04-12 18:29:47,2024-04-12 19:05:35,Completed,18.16,35.8,70.0,1.5,12.0,0.0,0.0,51.12,690.12,Credit Card,,,2024-04-12 19:05:35
1543,REQ00001543,239,32.0,36.0,8,36.0,40,2024-01-03 05:23:09,2024-01-03 05:26:35,2024-01-03 05:31:34,2024-01-03 05:42:10,Completed,4.22,10.6,70.0,1.2,12.0,20.0,0.0,17.9,241.7,Mobile Wallet,,,2024-01-03 05:42:10
1544,REQ00001544,431,54.0,60.0,2,9.0,6,2024-01-18 08:47:14,2024-01-18 08:51:08,2024-01-18 08:55:19,2024-01-18 09:23:01,Completed,13.55,27.7,50.0,1.5,10.0,0.0,31.89,31.7,396.04,Mobile Wallet,,,2024-01-18 09:23:01
1545,REQ00001545,64,20.0,23.0,3,13.0,11,2024-03-21 22:15:49,2024-03-21 22:19:29,,,Rider_Cancelled,,,,1.0,,,,,,,Long ETA,Rider,2024-03-21 22:19:29
1546,REQ00001546,442,75.0,82.0,4,17.0,20,2025-10-07 16:08:19,2025-10-07 16:12:21,2025-10-07 16:13:34,2025-10-07 16:18:52,Completed,2.78,5.3,30.0,1.0,5.0,20.0,0.0,6.6,89.14,Cash,,,2025-10-07 16:18:52
1547,REQ00001547,288,54.0,60.0,2,10.0,7,2024-03-03 16:14:36,2024-03-03 16:18:35,2024-03-03 16:25:14,2024-03-03 16:43:56,Completed,5.48,18.7,50.0,1.5,10.0,0.0,0.0,18.46,249.18,Cash,,,2024-03-03 16:43:56
1548,REQ00001548,302,28.0,31.0,8,40.0,37,2024-04-12 16:13:14,2024-04-12 16:14:06,2024-04-12 16:24:18,2024-04-12 16:28:36,Completed,1.18,4.3,70.0,1.0,12.0,50.0,0.0,12.66,170.96,Credit Card,,,2024-04-12 16:28:36
1549,REQ00001549,82,61.0,67.0,4,16.0,20,2024-05-15 15:14:03,2024-05-15 15:18:07,2024-05-15 15:24:51,2024-05-15 15:37:15,Completed,6.8,12.4,50.0,1.0,10.0,0.0,0.0,12.82,173.02,Debit Card,,,2024-05-15 15:37:15
1550,REQ00001550,306,90.0,100.0,2,7.0,10,2024-12-25 21:28:06,2024-12-25 21:32:17,2024-12-25 21:37:54,2024-12-25 21:44:54,Completed,3.61,7.0,50.0,1.2,10.0,0.0,0.0,10.93,147.51,Cash,,,2024-12-25 21:44:54
1551,REQ00001551,157,16.0,19.0,3,11.0,13,2025-06-13 09:59:48,2025-06-13 10:04:20,2025-06-13 10:17:03,2025-06-13 11:28:27,Completed,18.93,71.4,150.0,1.5,25.0,50.0,0.0,129.42,1747.17,Mobile Wallet,,,2025-06-13 11:28:27
1552,REQ00001552,325,90.0,100.0,2,6.0,9,2024-03-25 23:30:21,2024-03-25 23:35:03,2024-03-25 23:45:35,2024-03-26 00:01:17,Completed,4.1,15.7,50.0,1.2,10.0,20.0,0.0,14.66,197.96,Cash,,,2024-03-26 00:01:17
1553,REQ00001553,320,69.0,76.0,9,42.0,44,2024-07-20 02:29:10,2024-07-20 02:31:31,2024-07-20 02:43:22,2024-07-20 02:50:52,Completed,2.92,7.5,70.0,1.5,12.0,0.0,0.0,16.9,228.1,Cash,,,2024-07-20 02:50:52
1554,REQ00001554,56,47.0,52.0,5,25.0,23,2024-08-08 08:09:10,2024-08-08 08:13:51,2024-08-08 08:27:21,2024-08-08 08:58:45,Completed,19.57,31.4,70.0,1.5,12.0,0.0,30.48,52.6,679.65,Cash,,,2024-08-08 08:58:45
1555,REQ00001555,495,61.0,67.0,4,16.0,18,2025-08-10 21:26:11,2025-08-10 21:28:51,,,Driver_Cancelled,,,,1.2,,,,,,,Traffic,Driver,2025-08-10 21:28:51
1556,REQ00001556,365,93.0,103.0,5,25.0,24,2024-01-25 21:44:51,2024-01-25 21:47:13,2024-01-25 22:01:20,2024-01-25 22:17:26,Completed,5.84,16.1,50.0,1.0,10.0,0.0,0.0,12.34,166.57,Mobile Wallet,,,2024-01-25 22:17:26
1557,REQ00001557,233,12.0,14.0,2,9.0,7,2025-12-28 11:12:20,2025-12-28 11:13:17,,,Rider_Cancelled,,,,1.2,,,,,,,Driver Delayed,Rider,2025-12-28 11:13:17
1558,REQ00001558,48,11.0,13.0,3,12.0,14,2025-06-11 12:05:45,2025-06-11 12:09:50,2025-06-11 12:11:10,2025-06-11 12:28:04,Completed,6.87,16.9,100.0,1.2,15.0,100.0,36.49,37.89,474.98,Mobile Wallet,,,2025-06-11 12:28:04
1559,REQ00001559,415,62.0,68.0,6,28.0,29,2025-09-07 07:23:22,2025-09-07 07:25:59,2025-09-07 07:29:27,2025-09-07 08:47:27,Completed,30.76,78.0,50.0,1.5,10.0,0.0,0.0,65.53,884.71,Cash,,,2025-09-07 08:47:27
1560,REQ00001560,180,2.0,2.0,6,28.0,29,2024-01-30 11:38:01,2024-01-30 11:39:44,2024-01-30 11:44:09,2024-01-30 13:01:15,Completed,25.79,77.1,70.0,1.0,12.0,50.0,18.97,53.84,707.92,Mobile Wallet,,,2024-01-30 13:01:15
1561,REQ00001561,153,46.0,51.0,1,1.0,5,2025-12-25 23:20:09,2025-12-25 23:21:50,,,Driver_Cancelled,,,,1.2,,,,,,,Low Fare,Driver,2025-12-25 23:21:50
1562,REQ00001562,121,74.0,81.0,9,44.0,43,2024-01-12 04:14:49,2024-01-12 04:19:46,2024-01-12 04:28:53,2024-01-12 05:23:23,Completed,27.33,54.5,70.0,1.2,12.0,0.0,0.0,57.69,778.83,Credit Card,,,2024-01-12 05:23:23
1563,REQ00001563,15,69.0,76.0,9,42.0,44,2025-04-06 16:35:36,2025-04-06 16:36:33,2025-04-06 16:44:53,2025-04-06 16:51:29,Completed,2.93,6.6,70.0,1.2,12.0,0.0,0.0,13.36,180.34,Mobile Wallet,,,2025-04-06 16:51:29
1564,REQ00001564,34,12.0,14.0,2,6.0,10,2025-06-10 05:44:05,2025-06-10 05:48:23,2025-06-10 05:59:51,2025-06-10 06:02:51,Completed,2.05,3.0,50.0,1.0,10.0,0.0,0.0,7.13,96.23,Cash,,,2025-06-10 06:02:51
1565,REQ00001565,264,10.0,12.0,3,12.0,15,2025-08-11 19:57:05,2025-08-11 19:58:08,2025-08-11 20:04:27,2025-08-11 20:15:09,Completed,6.16,10.7,100.0,1.5,15.0,0.0,0.0,31.79,429.21,Cash,,,2025-08-11 20:15:09
1566,REQ00001566,450,69.0,76.0,9,45.0,42,2024-08-28 10:54:10,2024-08-28 10:57:04,,,Rider_Cancelled,,,,1.0,,,,,,,Changed Mind,Rider,2024-08-28 10:57:04
1567,REQ00001567,473,69.0,76.0,9,41.0,44,2025-12-03 02:26:16,2025-12-03 02:28:37,2025-12-03 02:36:00,2025-12-03 02:41:24,Completed,2.61,5.4,70.0,1.2,12.0,0.0,0.0,12.67,171.01,Debit Card,,,2025-12-03 02:41:24
1568,REQ00001568,356,33.0,37.0,1,5.0,2,2024-10-21 22:07:44,2024-10-21 22:08:47,2024-10-21 22:12:23,2024-10-21 22:34:59,Completed,11.19,22.6,50.0,1.2,10.0,0.0,0.0,21.91,295.73,Mobile Wallet,,,2024-10-21 22:34:59
1569,REQ00001569,119,,,6,26.0,27,2024-02-02 03:26:29,,,,Requested,,,,1.2,,,,,,,,,2024-02-02 03:26:29
1570,REQ00001570,252,80.0,88.0,10,50.0,48,2025-03-19 05:25:00,2025-03-19 05:26:11,2025-03-19 05:35:34,2025-03-19 06:30:04,Completed,29.28,54.5,150.0,1.2,25.0,0.0,0.0,122.05,1647.73,Credit Card,,,2025-03-19 06:30:04
1571,REQ00001571,8,90.0,100.0,2,10.0,9,2024-09-16 17:51:44,2024-09-16 17:56:09,2024-09-16 18:09:45,2024-09-16 18:20:03,Completed,2.67,10.3,50.0,1.5,10.0,0.0,0.0,12.9,174.13,Bank Transfer,,,2024-09-16 18:20:03
1572,REQ00001572,83,40.0,45.0,8,36.0,40,2024-07-09 03:46:45,2024-07-09 03:50:43,2024-07-09 04:02:48,2024-07-09 04:19:18,Completed,3.77,16.5,120.0,1.2,18.0,0.0,0.0,25.96,350.49,Bank Transfer,,,2024-07-09 04:19:18
1573,REQ00001573,383,15.0,18.0,2,9.0,7,2024-04-11 03:56:56,2024-04-11 04:00:21,2024-04-11 04:08:19,2024-04-11 04:11:19,Completed,1.55,3.0,30.0,1.2,5.0,0.0,0.0,4.84,65.32,Credit Card,,,2024-04-11 04:11:19
1574,REQ00001574,115,96.0,106.0,1,2.0,4,2025-12-26 15:19:50,2025-12-26 15:23:29,,,Driver_Cancelled,,,,1.0,,,,,,,Other,Driver,2025-12-26 15:23:29
1575,REQ00001575,292,33.0,37.0,1,5.0,4,2024-03-18 04:01:42,2024-03-18 04:03:11,2024-03-18 04:06:13,2024-03-18 04:18:43,Completed,6.74,12.5,50.0,1.5,10.0,0.0,0.0,19.16,258.61,Cash,,,2024-03-18 04:18:43
1576,REQ00001576,194,72.0,79.0,10,47.0,46,2025-08-16 08:44:25,2025-08-16 08:48:41,2025-08-16 08:56:08,2025-08-16 09:08:38,Completed,4.95,12.5,50.0,1.5,10.0,0.0,0.0,16.58,223.81,Mobile Wallet,,,2025-08-16 09:08:38
1577,REQ00001577,210,16.0,19.0,3,15.0,14,2025-03-19 19:19:30,2025-03-19 19:20:36,2025-03-19 19:29:57,2025-03-19 19:41:03,Completed,2.32,11.1,150.0,1.5,25.0,0.0,0.0,34.68,468.18,Cash,,,2025-03-19 19:41:03
1578,REQ00001578,335,90.0,100.0,2,7.0,6,2025-04-10 23:12:19,2025-04-10 23:14:39,2025-04-10 23:24:03,2025-04-10 23:50:33,Completed,7.83,26.5,50.0,1.2,10.0,0.0,0.0,18.6,251.05,Bank Transfer,,,2025-04-10 23:50:33
1579,REQ00001579,483,84.0,94.0,4,20.0,18,2024-08-28 05:06:24,2024-08-28 05:10:44,2024-08-28 05:14:03,2024-08-28 05:45:57,Completed,20.25,31.9,70.0,1.0,12.0,50.0,0.0,39.96,539.51,Cash,,,2024-08-28 05:45:57
1580,REQ00001580,437,83.0,92.0,6,26.0,30,2025-09-24 20:48:48,2025-09-24 20:50:59,2025-09-24 20:58:29,2025-09-24 21:15:35,Completed,9.03,17.1,100.0,1.5,15.0,0.0,0.0,40.6,548.12,Bank Transfer,,,2025-09-24 21:15:35
1581,REQ00001581,284,68.0,75.0,8,38.0,37,2025-01-31 19:50:41,2025-01-31 19:51:35,,,Rider_Cancelled,,,,1.5,,,,,,,High Fare,Rider,2025-01-31 19:51:35
1582,REQ00001582,323,47.0,52.0,5,25.0,21,2025-10-20 10:39:39,2025-10-20 10:43:24,2025-10-20 10:51:39,2025-10-20 11:04:09,Completed,4.59,12.5,70.0,1.0,12.0,0.0,0.0,14.07,189.92,Cash,,,2025-10-20 11:04:09
1583,REQ00001583,210,11.0,13.0,3,12.0,13,2024-12-21 06:57:27,2024-12-21 06:59:57,2024-12-21 07:09:47,2024-12-21 08:21:05,Completed,34.9,71.3,100.0,1.2,15.0,0.0,0.0,95.16,1284.66,Credit Card,,,2024-12-21 08:21:05
1584,REQ00001584,333,52.0,58.0,6,26.0,29,2025-02-28 20:40:27,2025-02-28 20:42:44,2025-02-28 20:44:46,2025-02-28 20:53:52,Completed,4.54,9.1,150.0,1.5,25.0,20.0,0.0,44.11,595.51,Debit Card,,,2025-02-28 20:53:52
1585,REQ00001585,375,46.0,51.0,1,1.0,4,2025-01-02 23:13:54,2025-01-02 23:15:35,2025-01-02 23:19:10,2025-01-02 23:22:10,Completed,1.72,3.0,50.0,1.0,10.0,0.0,7.06,6.81,84.89,Mobile Wallet,,,2025-01-02 23:22:10
1586,REQ00001586,8,55.0,61.0,2,6.0,10,2024-01-24 09:41:44,2024-01-24 09:46:42,,,Rider_Cancelled,,,,1.5,,,,,,,High Fare,Rider,2024-01-24 09:46:42
1587,REQ00001587,273,62.0,68.0,6,30.0,29,2024-09-15 18:06:54,2024-09-15 18:11:44,2024-09-15 18:20:27,2024-09-15 18:30:33,Completed,4.27,10.1,50.0,2.0,10.0,0.0,0.0,20.22,273.0,Debit Card,,,2024-09-15 18:30:33
1588,REQ00001588,203,65.0,71.0,4,18.0,16,2024-03-28 09:36:52,2024-03-28 09:41:26,2024-03-28 09:55:08,2024-03-28 10:17:50,Completed,8.68,22.7,50.0,1.5,10.0,0.0,0.0,23.79,321.1,Debit Card,,,2024-03-28 10:17:50
1589,REQ00001589,485,98.0,108.0,1,3.0,1,2025-10-22 01:51:16,2025-10-22 01:55:04,2025-10-22 02:07:48,2025-10-22 02:42:48,Completed,16.47,35.0,100.0,1.5,15.0,0.0,0.0,63.83,861.68,Bank Transfer,,,2025-10-22 02:42:48
1590,REQ00001590,357,36.0,40.0,7,33.0,31,2025-07-06 19:31:47,2025-07-06 19:36:33,,,Rider_Cancelled,,,,1.5,,,,,,,High Fare,Rider,2025-07-06 19:36:33
1591,REQ00001591,218,74.0,81.0,9,43.0,41,2025-11-14 07:47:09,2025-11-14 07:49:05,2025-11-14 08:01:28,2025-11-14 08:55:04,Completed,28.95,53.6,70.0,1.5,12.0,0.0,0.0,74.81,1009.99,Cash,,,2025-11-14 08:55:04
1592,REQ00001592,354,16.0,19.0,3,11.0,13,2024-11-18 19:59:19,2024-11-18 20:01:04,2024-11-18 20:11:29,2024-11-18 20:51:23,Completed,17.68,39.9,150.0,1.5,25.0,0.0,0.0,103.8,1401.3,Mobile Wallet,,,2024-11-18 20:51:23
1593,REQ00001593,73,29.0,32.0,1,5.0,2,2025-07-04 22:56:57,2025-07-04 22:57:47,,,Rider_Cancelled,,,,1.2,,,,,,,Other,Rider,2025-07-04 22:57:47
1594,REQ00001594,4,83.0,92.0,6,30.0,26,2024-08-31 12:17:51,2024-08-31 12:18:23,,,Rider_Cancelled,,,,1.5,,,,,,,High Fare,Rider,2024-08-31 12:18:23
1595,REQ00001595,318,89.0,99.0,3,12.0,13,2024-02-10 16:27:39,2024-02-10 16:29:28,2024-02-10 16:43:23,2024-02-10 17:21:11,Completed,18.8,37.8,100.0,1.2,15.0,0.0,81.4,56.21,677.41,Cash,,,2024-02-10 17:21:11
1596,REQ00001596,427,55.0,61.0,2,7.0,8,2024-08-29 13:28:26,2024-08-29 13:30:35,2024-08-29 13:38:02,2024-08-29 14:43:50,Completed,32.26,65.8,50.0,1.2,10.0,0.0,0.0,52.4,707.38,Bank Transfer,,,2024-08-29 14:43:50
1597,REQ00001597,461,15.0,18.0,2,9.0,8,2025-02-04 23:59:24,2025-02-05 00:02:47,2025-02-05 00:16:05,2025-02-05 00:41:59,Completed,17.18,25.9,30.0,1.0,5.0,0.0,0.0,15.87,214.21,Mobile Wallet,,,2025-02-05 00:41:59
1598,REQ00001598,366,87.0,97.0,1,1.0,2,2024-11-04 12:45:22,2024-11-04 12:48:42,,,Rider_Cancelled,,,,1.0,,,,,,,Changed Mind,Rider,2024-11-04 12:48:42
1599,REQ00001599,164,42.0,47.0,2,9.0,6,2025-02-14 05:32:53,2025-02-14 05:33:33,2025-02-14 05:37:48,2025-02-14 05:43:54,Completed,2.55,6.1,150.0,1.5,25.0,0.0,0.0,33.11,446.96,Debit Card,,,2025-02-14 05:43:54
1600,REQ00001600,267,20.0,23.0,3,11.0,12,2025-11-08 21:15:00,2025-11-08 21:18:49,2025-11-08 21:33:10,2025-11-08 21:39:40,Completed,2.51,6.5,70.0,1.2,12.0,0.0,25.03,12.73,146.88,Debit Card,,,2025-11-08 21:39:40
1601,REQ00001601,107,69.0,76.0,9,41.0,45,2025-12-04 07:14:47,2025-12-04 07:19:03,,,Rider_Cancelled,,,,1.5,,,,,,,Other,Rider,2025-12-04 07:19:03
1602,REQ00001602,400,46.0,51.0,1,2.0,5,2025-03-10 09:31:13,2025-03-10 09:33:48,2025-03-10 09:38:23,2025-03-10 09:59:17,Completed,7.1,20.9,50.0,1.5,10.0,0.0,0.0,21.19,286.01,Credit Card,,,2025-03-10 09:59:17
1603,REQ00001603,94,5.0,5.0,7,33.0,35,2024-08-25 08:17:22,2024-08-25 08:22:00,2024-08-25 08:29:36,2024-08-25 09:17:48,Completed,17.36,48.2,30.0,1.5,5.0,0.0,23.83,26.65,335.94,Credit Card,,,2024-08-25 09:17:48
1604,REQ00001604,225,86.0,96.0,9,42.0,44,2024-10-05 00:32:36,2024-10-05 00:35:42,2024-10-05 00:45:10,2024-10-05 00:48:10,Completed,1.44,3.0,100.0,1.2,15.0,0.0,23.46,14.52,172.62,Credit Card,,,2024-10-05 00:48:10
1605,REQ00001605,369,9.0,11.0,1,3.0,5,2024-01-12 21:33:55,2024-01-12 21:36:36,2024-01-12 21:47:16,2024-01-12 22:21:58,Completed,13.75,34.7,70.0,1.2,12.0,0.0,0.0,34.33,463.51,Mobile Wallet,,,2024-01-12 22:21:58
1606,REQ00001606,357,,,7,34.0,32,2025-06-02 22:17:06,,,,Requested,,,,1.0,,,,,,,,,2025-06-02 22:17:06
1607,REQ00001607,188,87.0,97.0,1,5.0,4,2025-03-12 09:20:00,2025-03-12 09:22:09,2025-03-12 09:24:56,2025-03-12 09:27:56,Completed,1.84,3.0,120.0,1.5,18.0,0.0,0.0,22.5,303.72,Debit Card,,,2025-03-12 09:27:56
1608,REQ00001608,318,89.0,99.0,3,12.0,15,2025-01-24 15:50:48,2025-01-24 15:54:19,2025-01-24 16:04:45,2025-01-24 16:13:33,Completed,3.51,8.8,100.0,1.2,15.0,0.0,35.53,19.89,233.0,Cash,,,2025-01-24 16:13:33
1609,REQ00001609,332,25.0,28.0,5,23.0,21,2024-02-15 03:05:17,2024-02-15 03:06:20,,,Rider_Cancelled,,,,1.2,,,,,,,Driver Delayed,Rider,2024-02-15 03:06:20
1610,REQ00001610,299,86.0,96.0,9,44.0,41,2025-05-17 17:56:56,2025-05-17 18:01:09,2025-05-17 18:03:43,2025-05-17 18:32:01,Completed,9.11,28.3,100.0,1.5,15.0,0.0,0.0,44.15,596.07,Mobile Wallet,,,2025-05-17 18:32:01
1611,REQ00001611,355,62.0,68.0,6,28.0,26,2025-12-10 18:49:38,2025-12-10 18:52:41,2025-12-10 18:57:36,2025-12-10 19:37:42,Completed,13.21,40.1,50.0,1.5,10.0,50.0,0.0,39.44,532.44,Mobile Wallet,,,2025-12-10 19:37:42
1612,REQ00001612,102,16.0,19.0,3,11.0,14,2024-07-06 18:46:13,2024-07-06 18:49:08,2024-07-06 18:55:28,2024-07-06 19:08:46,Completed,2.94,13.3,150.0,1.5,25.0,0.0,0.0,37.97,512.57,Debit Card,,,2024-07-06 19:08:46
1613,REQ00001613,419,80.0,88.0,10,49.0,46,2025-10-13 06:25:45,2025-10-13 06:28:37,2025-10-13 06:30:46,2025-10-13 07:39:22,Completed,23.42,68.6,150.0,1.0,25.0,0.0,100.0,92.16,1144.16,Credit Card,,,2025-10-13 07:39:22
1614,REQ00001614,76,56.0,62.0,8,38.0,37,2024-12-28 03:19:25,2024-12-28 03:22:56,2024-12-28 03:27:59,2024-12-28 04:20:41,Completed,19.01,52.7,50.0,1.2,10.0,0.0,41.72,35.25,434.13,Cash,,,2024-12-28 04:20:41
1615,REQ00001615,136,,,4,19.0,17,2025-08-11 19:23:49,,,,No_Driver_Available,,,,1.5,,,,,,,,,2025-08-11 19:23:49
1616,REQ00001616,448,34.0,38.0,4,16.0,17,2025-09-05 01:47:11,2025-09-05 01:51:09,2025-09-05 01:53:33,2025-09-05 02:03:09,Completed,5.91,9.6,150.0,1.2,25.0,0.0,0.0,37.51,506.35,Mobile Wallet,,,2025-09-05 02:03:09
1617,REQ00001617,281,36.0,40.0,7,32.0,35,2025-03-28 07:30:56,2025-03-28 07:32:21,2025-03-28 07:38:03,2025-03-28 07:44:51,Completed,2.52,6.8,70.0,1.5,12.0,0.0,0.0,16.01,216.11,Debit Card,,,2025-03-28 07:44:51
1618,REQ00001618,274,49.0,54.0,2,7.0,6,2025-09-20 14:30:13,2025-09-20 14:33:02,,,Accepted,,,,1.2,,,,,,,,,2025-09-20 14:33:02
1619,REQ00001619,7,87.0,97.0,1,3.0,1,2024-10-10 16:44:44,2024-10-10 16:47:18,2024-10-10 17:00:39,2024-10-10 17:38:09,Completed,22.58,37.5,120.0,1.2,18.0,0.0,0.0,71.74,968.45,Cash,,,2024-10-10 17:38:09
1620,REQ00001620,392,55.0,61.0,2,7.0,10,2024-12-05 14:33:52,2024-12-05 14:34:32,2024-12-05 14:47:26,2024-12-05 14:59:56,Completed,8.44,12.5,50.0,1.5,10.0,20.0,0.0,24.0,324.05,Credit Card,,,2024-12-05 14:59:56
1621,REQ00001621,206,93.0,103.0,5,25.0,24,2025-01-05 02:56:27,2025-01-05 02:57:57,2025-01-05 03:06:18,2025-01-05 03:25:42,Completed,6.32,19.4,50.0,1.2,10.0,0.0,0.0,15.83,213.76,Credit Card,,,2025-01-05 03:25:42
1622,REQ00001622,95,33.0,37.0,1,4.0,5,2025-08-06 22:35:08,2025-08-06 22:39:09,2025-08-06 22:47:11,2025-08-06 22:51:11,Completed,1.82,4.0,50.0,1.0,10.0,0.0,0.0,7.03,94.87,Cash,,,2025-08-06 22:51:11
1623,REQ00001623,362,78.0,86.0,4,16.0,18,2025-04-03 21:58:30,2025-04-03 22:01:16,2025-04-03 22:15:55,2025-04-03 23:34:19,Completed,29.13,78.4,50.0,1.0,10.0,0.0,0.0,42.17,569.33,Credit Card,,,2025-04-03 23:34:19
1624,REQ00001624,378,15.0,18.0,2,8.0,7,2025-10-20 17:46:12,2025-10-20 17:50:18,2025-10-20 18:00:37,2025-10-20 18:51:01,Completed,18.77,50.4,30.0,1.5,5.0,0.0,0.0,28.27,381.61,Cash,,,2025-10-20 18:51:01
1625,REQ00001625,396,40.0,45.0,8,40.0,36,2024-07-22 06:19:32,2024-07-22 06:23:21,2024-07-22 06:29:39,2024-07-22 06:32:45,Completed,1.59,3.1,120.0,1.5,18.0,0.0,20.86,21.87,274.43,Credit Card,,,2024-07-22 06:32:45
1626,REQ00001626,455,83.0,92.0,6,30.0,26,2024-04-08 14:36:39,2024-04-08 14:37:06,,,Driver_Cancelled,,,,1.2,,,,,,,Other,Driver,2024-04-08 14:37:06
1627,REQ00001627,247,8.0,9.0,8,39.0,38,2025-11-26 01:37:33,2025-11-26 01:41:06,2025-11-26 01:45:16,2025-11-26 02:10:46,Completed,10.37,25.5,70.0,1.2,12.0,0.0,0.0,27.7,373.96,Cash,,,2025-11-26 02:10:46
1628,REQ00001628,70,46.0,51.0,1,2.0,1,2024-10-11 23:06:39,2024-10-11 23:07:59,2024-10-11 23:21:28,2024-10-11 23:29:46,Completed,3.97,8.3,50.0,1.0,10.0,0.0,0.0,9.61,129.7,Credit Card,,,2024-10-11 23:29:46
1629,REQ00001629,115,46.0,51.0,1,4.0,2,2025-09-15 01:15:02,2025-09-15 01:18:05,2025-09-15 01:19:06,2025-09-15 01:49:36,Completed,10.16,30.5,50.0,1.2,10.0,50.0,0.0,26.66,359.86,Mobile Wallet,,,2025-09-15 01:49:36
1630,REQ00001630,460,38.0,43.0,4,19.0,20,2024-04-30 14:30:31,2024-04-30 14:33:42,2024-04-30 14:36:59,2024-04-30 14:51:47,Completed,5.52,14.8,70.0,1.0,12.0,0.0,6.81,15.55,203.14,Cash,,,2024-04-30 14:51:47
1631,REQ00001631,238,87.0,97.0,1,3.0,4,2025-12-02 18:06:40,2025-12-02 18:07:29,2025-12-02 18:16:08,2025-12-02 18:39:38,Completed,13.92,23.5,120.0,1.5,18.0,0.0,71.76,61.77,762.12,Mobile Wallet,,,2025-12-02 18:39:38
1632,REQ00001632,150,42.0,47.0,2,9.0,7,2025-08-18 05:27:57,2025-08-18 05:30:30,2025-08-18 05:41:34,2025-08-18 05:54:10,Completed,4.6,12.6,150.0,1.0,25.0,0.0,0.0,29.07,392.47,Mobile Wallet,,,2025-08-18 05:54:10
1633,REQ00001633,131,4.0,4.0,1,5.0,2,2024-08-22 14:04:55,2024-08-22 14:07:54,,,Rider_Cancelled,,,,1.2,,,,,,,Driver Delayed,Rider,2024-08-22 14:07:54
1634,REQ00001634,442,78.0,86.0,4,19.0,20,2025-04-25 23:02:25,2025-04-25 23:05:03,2025-04-25 23:15:12,2025-04-25 23:22:30,Completed,2.63,7.3,50.0,1.0,10.0,0.0,0.0,8.2,110.71,Mobile Wallet,,,2025-04-25 23:22:30
1635,REQ00001635,489,96.0,106.0,1,4.0,1,2025-03-24 13:13:22,2025-03-24 13:14:03,2025-03-24 13:22:57,2025-03-24 13:33:03,Completed,3.74,10.1,30.0,1.0,5.0,0.0,0.0,6.0,81.02,Debit Card,,,2025-03-24 13:33:03
1636,REQ00001636,272,15.0,18.0,2,10.0,8,2025-10-23 08:59:51,2025-10-23 09:00:09,2025-10-23 09:11:12,2025-10-23 09:42:42,Completed,12.06,31.5,30.0,1.5,5.0,0.0,0.0,19.56,264.03,Credit Card,,,2025-10-23 09:42:42
1637,REQ00001637,375,29.0,32.0,1,2.0,1,2024-07-29 16:36:40,2024-07-29 16:38:32,2024-07-29 16:41:42,2024-07-29 16:47:48,Completed,3.9,6.1,70.0,1.0,12.0,0.0,0.0,12.22,164.92,Cash,,,2024-07-29 16:47:48
1638,REQ00001638,192,28.0,31.0,8,38.0,37,2024-06-08 15:53:17,2024-06-08 15:57:05,2024-06-08 15:58:27,2024-06-08 16:59:51,Completed,21.4,61.4,70.0,1.5,12.0,20.0,81.7,65.5,802.5,Mobile Wallet,,,2024-06-08 16:59:51
1639,REQ00001639,259,49.0,54.0,2,9.0,6,2025-05-05 19:15:38,2025-05-05 19:19:24,2025-05-05 19:22:55,2025-05-05 19:37:13,Completed,4.09,14.3,70.0,1.5,12.0,0.0,0.0,20.63,278.55,Cash,,,2025-05-05 19:37:13
1640,REQ00001640,264,22.0,25.0,3,13.0,15,2024-03-27 02:08:52,2024-03-27 02:12:51,2024-03-27 02:25:28,2024-03-27 03:08:58,Completed,17.9,43.5,50.0,1.2,10.0,0.0,39.72,32.64,400.98,Cash,,,2024-03-27 03:08:58
1641,REQ00001641,389,60.0,66.0,5,25.0,21,2025-06-18 15:25:09,2025-06-18 15:28:52,,,Rider_Cancelled,,,,1.0,,,,,,,Other,Rider,2025-06-18 15:28:52
1642,REQ00001642,413,70.0,77.0,9,43.0,45,2025-09-03 02:55:40,2025-09-03 02:58:55,2025-09-03 03:08:56,2025-09-03 03:48:56,Completed,18.82,40.0,120.0,1.2,18.0,0.0,51.88,64.52,819.09,Debit Card,,,2025-09-03 03:48:56
1643,REQ00001643,325,54.0,60.0,2,8.0,10,2025-08-06 07:14:12,2025-08-06 07:17:13,2025-08-06 07:23:51,2025-08-06 08:08:09,Completed,14.72,44.3,50.0,1.5,10.0,0.0,0.0,36.37,491.01,Credit Card,,,2025-08-06 08:08:09
1644,REQ00001644,494,49.0,54.0,2,7.0,9,2025-08-13 18:02:19,2025-08-13 18:05:27,2025-08-13 18:12:42,2025-08-13 18:20:18,Completed,3.92,7.6,70.0,1.5,12.0,20.0,0.0,21.12,285.12,Cash,,,2025-08-13 18:20:18
1645,REQ00001645,350,69.0,76.0,9,41.0,44,2025-08-16 01:48:26,2025-08-16 01:50:02,2025-08-16 02:00:12,2025-08-16 02:37:18,Completed,13.0,37.1,70.0,1.2,12.0,0.0,0.0,33.72,455.16,Credit Card,,,2025-08-16 02:37:18
1646,REQ00001646,211,12.0,14.0,2,10.0,9,2025-11-03 23:16:15,2025-11-03 23:18:42,2025-11-03 23:21:31,2025-11-03 23:41:43,Completed,7.53,20.2,50.0,1.0,10.0,20.0,0.0,16.05,216.71,Credit Card,,,2025-11-03 23:41:43
1647,REQ00001647,66,78.0,86.0,4,16.0,17,2024-09-14 03:17:48,2024-09-14 03:20:49,2024-09-14 03:30:54,2024-09-14 03:54:18,Completed,14.2,23.4,50.0,1.5,10.0,0.0,0.0,31.86,430.11,Cash,,,2024-09-14 03:54:18
1648,REQ00001648,91,54.0,60.0,2,10.0,7,2025-05-05 08:01:21,2025-05-05 08:04:07,2025-05-05 08:06:06,2025-05-05 08:19:54,Completed,5.71,13.8,50.0,1.5,10.0,20.0,0.0,20.31,274.14,Bank Transfer,,,2025-05-05 08:19:54
1649,REQ00001649,437,2.0,2.0,6,27.0,26,2025-11-27 14:07:39,2025-11-27 14:11:34,,,Rider_Cancelled,,,,1.2,,,,,,,Other,Rider,2025-11-27 14:11:34
1650,REQ00001650,406,86.0,96.0,9,43.0,44,2025-11-30 03:58:07,2025-11-30 04:01:20,2025-11-30 04:13:14,2025-11-30 05:10:32,Completed,30.07,57.3,100.0,1.5,15.0,0.0,0.0,103.16,1392.63,Mobile Wallet,,,2025-11-30 05:10:32
1651,REQ00001651,47,96.0,106.0,1,5.0,2,2025-07-03 09:01:55,2025-07-03 09:06:36,2025-07-03 09:17:40,2025-07-03 09:31:16,Completed,7.35,13.6,30.0,1.5,5.0,0.0,0.0,12.89,173.99,Cash,,,2025-07-03 09:31:16
1652,REQ00001652,15,86.0,96.0,9,41.0,44,2025-07-06 09:57:47,2025-07-06 09:58:28,2025-07-06 10:01:22,2025-07-06 10:18:10,Completed,6.65,16.8,100.0,2.0,15.0,0.0,26.97,46.4,599.43,Mobile Wallet,,,2025-07-06 10:18:10
1653,REQ00001653,16,33.0,37.0,1,3.0,2,2024-11-08 06:04:11,2024-11-08 06:05:57,2024-11-08 06:15:48,2024-11-08 07:24:18,Completed,26.47,68.5,50.0,1.2,10.0,0.0,0.0,46.12,622.59,Mobile Wallet,,,2024-11-08 07:24:18
1654,REQ00001654,103,93.0,103.0,5,22.0,23,2024-11-15 08:43:47,2024-11-15 08:47:11,2024-11-15 09:01:14,2024-11-15 09:18:44,Completed,8.78,17.5,50.0,1.5,10.0,0.0,0.0,22.99,310.4,Cash,,,2024-11-15 09:18:44
1655,REQ00001655,144,81.0,89.0,5,25.0,22,2024-07-29 10:55:28,2024-07-29 10:59:28,,,Driver_Cancelled,,,,1.0,,,,,,,Vehicle Issue,Driver,2024-07-29 10:59:28
1656,REQ00001656,207,32.0,36.0,8,36.0,39,2024-09-21 18:15:16,2024-09-21 18:15:45,,,Rider_Cancelled,,,,1.5,,,,,,,High Fare,Rider,2024-09-21 18:15:45
1657,REQ00001657,472,90.0,100.0,2,10.0,9,2024-10-14 09:50:12,2024-10-14 09:53:44,,,Rider_Cancelled,,,,2.0,,,,,,,Long ETA,Rider,2024-10-14 09:53:44
1658,REQ00001658,214,29.0,32.0,1,3.0,4,2024-10-29 00:38:21,2024-10-29 00:39:10,2024-10-29 00:50:08,2024-10-29 01:34:26,Completed,18.54,44.3,70.0,1.2,12.0,0.0,43.87,43.08,537.65,Debit Card,,,2024-10-29 01:34:26
1659,REQ00001659,423,68.0,75.0,8,39.0,40,2025-05-12 09:34:43,2025-05-12 09:37:51,2025-05-12 09:47:22,2025-05-12 10:13:28,Completed,8.42,26.1,150.0,1.5,25.0,0.0,0.0,63.84,861.84,Mobile Wallet,,,2025-05-12 10:13:28
1660,REQ00001660,377,14.0,17.0,10,49.0,46,2025-09-29 13:55:10,2025-09-29 13:56:26,2025-09-29 14:02:48,2025-09-29 14:11:12,Completed,3.89,8.4,30.0,1.0,5.0,0.0,0.0,5.96,80.48,Cash,,,2025-09-29 14:11:12
1661,REQ00001661,196,59.0,65.0,5,23.0,25,2024-06-04 16:05:32,2024-06-04 16:07:45,2024-06-04 16:17:02,2024-06-04 17:12:26,Completed,29.12,55.4,70.0,1.0,12.0,20.0,0.0,51.97,701.57,Mobile Wallet,,,2024-06-04 17:12:26
1662,REQ00001662,456,58.0,64.0,7,35.0,33,2024-02-13 17:57:07,2024-02-13 18:00:31,2024-02-13 18:01:43,2024-02-13 18:28:01,Completed,12.25,26.3,70.0,1.5,12.0,0.0,0.0,38.2,515.73,Debit Card,,,2024-02-13 18:28:01
1663,REQ00001663,447,1.0,1.0,5,21.0,22,2024-07-21 02:35:48,2024-07-21 02:36:04,,,Rider_Cancelled,,,,1.5,,,,,,,Other,Rider,2024-07-21 02:36:04
1664,REQ00001664,77,4.0,4.0,1,5.0,2,2025-08-11 15:38:27,2025-08-11 15:41:30,2025-08-11 15:55:27,2025-08-11 16:23:51,Completed,5.88,28.4,70.0,1.2,12.0,20.0,0.0,23.71,320.11,Cash,,,2025-08-11 16:23:51
1665,REQ00001665,238,96.0,106.0,1,5.0,2,2024-08-29 01:17:20,2024-08-29 01:21:23,2024-08-29 01:22:44,2024-08-29 01:25:44,Completed,1.48,3.0,30.0,1.2,5.0,20.0,0.0,6.7,90.51,Credit Card,,,2024-08-29 01:25:44
1666,REQ00001666,157,45.0,50.0,3,12.0,13,2024-10-18 06:15:44,2024-10-18 06:19:36,,,Rider_Cancelled,,,,1.2,,,,,,,Changed Mind,Rider,2024-10-18 06:19:36
1667,REQ00001667,201,87.0,97.0,1,5.0,2,2025-02-01 18:23:04,2025-02-01 18:27:11,2025-02-01 18:37:38,2025-02-01 18:48:08,Completed,4.85,10.5,120.0,1.5,18.0,0.0,0.0,33.14,447.44,Cash,,,2025-02-01 18:48:08
1668,REQ00001668,93,72.0,79.0,10,48.0,50,2025-04-19 10:48:26,2025-04-19 10:49:29,2025-04-19 10:51:58,2025-04-19 12:00:40,Completed,32.93,68.7,50.0,1.2,10.0,0.0,0.0,53.59,723.44,Cash,,,2025-04-19 12:00:40
1669,REQ00001669,3,98.0,108.0,1,5.0,2,2025-03-20 07:27:40,2025-03-20 07:29:26,,,Accepted,,,,1.5,,,,,,,,,2025-03-20 07:29:26
1670,REQ00001670,397,,,2,6.0,8,2025-01-23 09:23:26,,,,No_Driver_Available,,,,1.5,,,,,,,,,2025-01-23 09:23:26
1671,REQ00001671,7,9.0,11.0,1,2.0,1,2025-11-22 13:42:56,2025-11-22 13:44:13,2025-11-22 13:46:50,2025-11-22 13:56:14,Completed,3.51,9.4,70.0,1.2,12.0,0.0,16.82,14.73,182.05,Credit Card,,,2025-11-22 13:56:14
1672,REQ00001672,240,29.0,32.0,1,1.0,4,2024-10-13 18:48:51,2024-10-13 18:52:45,2024-10-13 19:05:59,2024-10-13 19:13:05,Completed,3.22,7.1,70.0,1.5,12.0,0.0,0.0,17.34,234.09,Mobile Wallet,,,2024-10-13 19:13:05
1673,REQ00001673,66,75.0,82.0,4,16.0,18,2025-08-21 06:49:22,2025-08-21 06:49:52,,,Rider_Cancelled,,,,1.2,,,,,,,Long ETA,Rider,2025-08-21 06:49:52
1674,REQ00001674,348,33.0,37.0,1,5.0,3,2025-06-23 09:33:33,2025-06-23 09:38:12,2025-06-23 09:47:42,2025-06-23 10:37:42,Completed,19.98,50.0,50.0,2.0,10.0,0.0,14.49,59.96,794.99,Mobile Wallet,,,2025-06-23 10:37:42
1675,REQ00001675,53,25.0,28.0,5,25.0,24,2025-12-02 20:47:12,2025-12-02 20:50:23,2025-12-02 21:03:46,2025-12-02 21:17:22,Completed,9.24,13.6,30.0,1.5,5.0,0.0,0.0,14.7,198.48,Credit Card,,,2025-12-02 21:17:22
1676,REQ00001676,55,33.0,37.0,1,2.0,4,2025-09-12 18:43:04,2025-09-12 18:47:45,2025-09-12 18:59:53,2025-09-12 19:24:17,Completed,7.96,24.4,50.0,1.5,10.0,0.0,0.0,23.05,311.23,Cash,,,2025-09-12 19:24:17
1677,REQ00001677,272,49.0,54.0,2,8.0,9,2024-09-19 22:53:09,2024-09-19 22:55:16,2024-09-19 23:05:02,2024-09-19 23:33:32,Completed,15.09,28.5,70.0,1.0,12.0,0.0,0.0,29.23,394.58,Credit Card,,,2024-09-19 23:33:32
1678,REQ00001678,201,29.0,32.0,1,5.0,3,2025-11-22 02:45:37,2025-11-22 02:48:26,2025-11-22 02:53:33,2025-11-22 03:35:09,Completed,18.2,41.6,70.0,1.5,12.0,0.0,0.0,52.58,709.88,Cash,,,2025-11-22 03:35:09
1679,REQ00001679,161,48.0,53.0,10,47.0,50,2025-10-25 01:23:28,2025-10-25 01:27:05,2025-10-25 01:33:28,2025-10-25 01:44:22,Completed,4.61,10.9,50.0,1.5,10.0,0.0,5.27,15.8,208.04,Cash,,,2025-10-25 01:44:22
1680,REQ00001680,130,82.0,91.0,10,46.0,47,2024-04-21 23:02:49,2024-04-21 23:06:03,2024-04-21 23:15:55,2024-04-21 23:31:43,Completed,7.66,15.8,50.0,1.2,10.0,0.0,0.0,16.86,227.6,Mobile Wallet,,,2024-04-21 23:31:43
1681,REQ00001681,388,90.0,100.0,2,9.0,8,2024-09-23 14:22:00,2024-09-23 14:25:01,,,Rider_Cancelled,,,,1.2,,,,,,,Changed Mind,Rider,2024-09-23 14:25:01
1682,REQ00001682,411,74.0,81.0,9,41.0,45,2024-10-06 22:21:46,2024-10-06 22:23:20,2024-10-06 22:33:42,2024-10-06 22:36:42,Completed,3.23,3.0,70.0,1.2,12.0,0.0,27.19,13.1,149.65,Debit Card,,,2024-10-06 22:36:42
1683,REQ00001683,293,49.0,54.0,2,6.0,7,2025-12-17 04:22:03,2025-12-17 04:22:58,2025-12-17 04:26:03,2025-12-17 04:37:15,Completed,5.36,11.2,70.0,1.2,12.0,0.0,0.0,17.74,239.5,Mobile Wallet,,,2025-12-17 04:37:15
1684,REQ00001684,276,,,3,13.0,14,2025-01-06 09:23:22,,,,No_Driver_Available,,,,1.5,,,,,,,,,2025-01-06 09:23:22
1685,REQ00001685,328,81.0,89.0,5,22.0,21,2025-09-25 01:21:27,2025-09-25 01:23:48,2025-09-25 01:35:20,2025-09-25 02:18:14,Completed,17.32,42.9,100.0,1.2,15.0,0.0,0.0,54.59,736.97,Credit Card,,,2025-09-25 02:18:14
1686,REQ00001686,76,3.0,3.0,8,37.0,39,2024-02-15 17:29:47,2024-02-15 17:30:37,2024-02-15 17:37:01,2024-02-15 17:40:25,Completed,0.94,3.4,50.0,1.5,10.0,0.0,0.0,9.17,123.74,Credit Card,,,2024-02-15 17:40:25
1687,REQ00001687,209,46.0,51.0,1,3.0,5,2025-04-05 03:01:17,2025-04-05 03:05:08,,,Driver_Cancelled,,,,1.5,,,,,,,Too Far,Driver,2025-04-05 03:05:08
1688,REQ00001688,225,74.0,81.0,9,44.0,45,2025-09-27 00:40:38,2025-09-27 00:43:50,2025-09-27 00:53:31,2025-09-27 01:20:07,Completed,12.08,26.6,70.0,1.2,12.0,20.0,0.0,32.29,435.97,Mobile Wallet,,,2025-09-27 01:20:07
1689,REQ00001689,103,59.0,65.0,5,25.0,23,2024-04-24 18:19:43,2024-04-24 18:22:24,2024-04-24 18:33:23,2024-04-24 19:36:35,Completed,32.51,63.2,70.0,1.5,12.0,0.0,0.0,83.53,1127.6,Credit Card,,,2024-04-24 19:36:35
1690,REQ00001690,404,82.0,91.0,10,46.0,47,2025-09-11 02:49:41,2025-09-11 02:53:34,2025-09-11 02:55:03,2025-09-11 03:28:09,Completed,9.91,33.1,50.0,1.2,10.0,0.0,0.0,21.94,296.22,Mobile Wallet,,,2025-09-11 03:28:09
1691,REQ00001691,206,60.0,66.0,5,24.0,25,2025-04-24 04:19:50,2025-04-24 04:23:20,2025-04-24 04:33:44,2025-04-24 04:36:44,Completed,3.49,3.0,70.0,1.2,12.0,0.0,0.0,13.47,181.89,Cash,,,2025-04-24 04:36:44
1692,REQ00001692,247,8.0,9.0,8,39.0,38,2024-11-13 08:59:37,2024-11-13 09:00:07,2024-11-13 09:07:49,2024-11-13 09:45:43,Completed,15.41,37.9,70.0,1.5,12.0,0.0,0.0,46.67,630.09,Cash,,,2024-11-13 09:45:43
1693,REQ00001693,286,96.0,106.0,1,1.0,2,2025-04-09 01:54:19,2025-04-09 01:58:50,2025-04-09 02:02:18,2025-04-09 02:33:00,Completed,13.22,30.7,30.0,1.2,5.0,0.0,0.0,16.46,222.21,Cash,,,2025-04-09 02:33:00
1694,REQ00001694,50,82.0,91.0,10,48.0,49,2025-01-06 18:13:18,2025-01-06 18:15:34,2025-01-06 18:28:48,2025-01-06 19:04:00,Completed,19.07,35.2,50.0,1.5,10.0,20.0,0.0,43.4,585.86,Credit Card,,,2025-01-06 19:04:00
1695,REQ00001695,63,55.0,61.0,2,6.0,7,2024-12-28 09:39:17,2024-12-28 09:42:41,2024-12-28 09:48:57,2024-12-28 10:10:57,Completed,8.23,22.0,50.0,1.5,10.0,0.0,37.19,23.01,273.46,Debit Card,,,2024-12-28 10:10:57
1696,REQ00001696,3,9.0,11.0,1,5.0,4,2024-04-26 10:12:00,2024-04-26 10:13:39,2024-04-26 10:28:26,2024-04-26 10:36:32,Completed,2.76,8.1,70.0,1.5,12.0,0.0,0.0,16.75,226.15,Cash,,,2024-04-26 10:36:32
1697,REQ00001697,407,81.0,89.0,5,23.0,21,2024-02-25 15:15:58,2024-02-25 15:19:54,,,Rider_Cancelled,,,,1.2,,,,,,,Driver Delayed,Rider,2024-02-25 15:19:54
1698,REQ00001698,237,80.0,88.0,10,50.0,48,2024-08-28 11:26:44,2024-08-28 11:28:03,2024-08-28 11:29:45,2024-08-28 12:36:15,Completed,23.66,66.5,150.0,1.2,25.0,0.0,65.09,110.48,1426.35,Credit Card,,,2024-08-28 12:36:15
1699,REQ00001699,428,2.0,2.0,6,27.0,29,2024-11-28 03:43:02,2024-11-28 03:43:32,2024-11-28 03:47:36,2024-11-28 03:51:24,Completed,1.66,3.8,70.0,1.2,12.0,0.0,0.0,10.99,148.39,Mobile Wallet,,,2024-11-28 03:51:24
1700,REQ00001700,344,38.0,43.0,4,17.0,19,2024-07-25 05:11:26,2024-07-25 05:13:03,2024-07-25 05:14:49,2024-07-25 05:20:25,Completed,3.39,5.6,70.0,1.0,12.0,0.0,5.53,11.52,150.04,Cash,,,2024-07-25 05:20:25
1701,REQ00001701,377,48.0,53.0,10,50.0,47,2025-10-08 22:44:08,2025-10-08 22:46:53,2025-10-08 22:59:58,2025-10-08 23:18:22,Completed,8.65,18.4,50.0,1.2,10.0,50.0,0.0,23.17,312.85,Cash,,,2025-10-08 23:18:22
1702,REQ00001702,434,45.0,50.0,3,11.0,14,2024-01-10 23:29:15,2024-01-10 23:32:11,2024-01-10 23:40:16,2024-01-10 23:51:04,Completed,6.2,10.8,70.0,1.2,12.0,0.0,0.0,18.87,254.79,Debit Card,,,2024-01-10 23:51:04
1703,REQ00001703,226,61.0,67.0,4,16.0,20,2024-06-28 07:47:22,2024-06-28 07:49:36,,,Rider_Cancelled,,,,1.5,,,,,,,High Fare,Rider,2024-06-28 07:49:36
1704,REQ00001704,18,16.0,19.0,3,13.0,12,2025-12-08 14:17:17,2025-12-08 14:18:46,2025-12-08 14:20:43,2025-12-08 14:53:31,Completed,14.12,32.8,150.0,1.0,25.0,0.0,0.0,58.38,788.18,Cash,,,2025-12-08 14:53:31
1705,REQ00001705,338,5.0,5.0,7,31.0,35,2024-05-23 13:53:53,2024-05-23 13:57:21,2024-05-23 14:06:56,2024-05-23 14:11:14,Completed,3.83,4.3,30.0,1.0,5.0,20.0,0.0,7.2,97.14,Cash,,,2024-05-23 14:11:14
1706,REQ00001706,338,5.0,5.0,7,32.0,31,2025-10-09 00:13:25,2025-10-09 00:17:13,2025-10-09 00:21:38,2025-10-09 00:33:26,Completed,3.33,11.8,30.0,1.2,5.0,0.0,10.49,7.05,84.69,Cash,,,2025-10-09 00:33:26
1707,REQ00001707,106,78.0,86.0,4,17.0,19,2024-02-15 04:54:36,2024-02-15 04:57:53,,,Rider_Cancelled,,,,1.2,,,,,,,Changed Mind,Rider,2024-02-15 04:57:53
1708,REQ00001708,333,2.0,2.0,6,30.0,26,2025-11-03 13:18:52,2025-11-03 13:20:47,2025-11-03 13:31:36,2025-11-03 13:49:18,Completed,5.88,17.7,70.0,1.2,12.0,0.0,0.0,19.74,266.46,Cash,,,2025-11-03 13:49:18
1709,REQ00001709,10,78.0,86.0,4,17.0,20,2024-03-14 07:15:22,2024-03-14 07:18:21,2024-03-14 07:30:07,2024-03-14 07:34:07,Completed,2.9,4.0,50.0,2.0,10.0,0.0,0.0,16.13,217.73,Mobile Wallet,,,2024-03-14 07:34:07
1710,REQ00001710,259,12.0,14.0,2,10.0,7,2024-08-07 12:55:19,2024-08-07 12:58:14,2024-08-07 13:12:02,2024-08-07 13:21:02,Completed,3.77,9.0,50.0,1.2,10.0,0.0,0.0,11.4,153.89,Mobile Wallet,,,2024-08-07 13:21:02
1711,REQ00001711,350,69.0,76.0,9,44.0,42,2024-12-09 09:47:13,2024-12-09 09:50:09,,,Driver_Cancelled,,,,1.5,,,,,,,Too Far,Driver,2024-12-09 09:50:09
1712,REQ00001712,354,10.0,12.0,3,15.0,11,2025-08-25 17:02:30,2025-08-25 17:05:03,2025-08-25 17:07:18,2025-08-25 17:17:00,Completed,4.4,9.7,100.0,1.5,15.0,0.0,0.0,27.27,368.14,Cash,,,2025-08-25 17:17:00
1713,REQ00001713,127,9.0,11.0,1,5.0,1,2024-06-01 23:05:04,2024-06-01 23:05:58,,,Accepted,,,,1.5,,,,,,,,,2024-06-01 23:05:58
1714,REQ00001714,320,70.0,77.0,9,44.0,42,2024-06-09 06:17:32,2024-06-09 06:20:13,2024-06-09 06:22:23,2024-06-09 06:36:47,Completed,4.63,14.4,120.0,1.2,18.0,0.0,0.0,27.17,366.84,Cash,,,2024-06-09 06:36:47
1715,REQ00001715,228,49.0,54.0,2,10.0,9,2025-10-25 01:47:53,2025-10-25 01:49:08,2025-10-25 01:53:53,2025-10-25 01:59:53,Completed,2.2,6.0,70.0,1.5,12.0,0.0,0.0,15.24,205.74,Mobile Wallet,,,2025-10-25 01:59:53
1716,REQ00001716,298,58.0,64.0,7,35.0,31,2024-05-06 04:42:12,2024-05-06 04:43:45,2024-05-06 04:52:19,2024-05-06 05:01:19,Completed,4.63,9.0,70.0,1.2,12.0,0.0,12.56,16.27,207.05,Credit Card,,,2024-05-06 05:01:19
1717,REQ00001717,430,70.0,77.0,9,44.0,43,2024-08-24 16:49:46,2024-08-24 16:52:11,2024-08-24 17:06:29,2024-08-24 17:45:35,Completed,20.83,39.1,120.0,1.2,18.0,0.0,0.0,68.5,924.77,Cash,,,2024-08-24 17:45:35
1718,REQ00001718,214,46.0,51.0,1,3.0,1,2024-08-01 22:35:27,2024-08-01 22:37:37,2024-08-01 22:50:38,2024-08-01 23:15:38,Completed,14.18,25.0,50.0,1.5,10.0,0.0,55.04,32.12,378.57,Mobile Wallet,,,2024-08-01 23:15:38
1719,REQ00001719,321,33.0,37.0,1,1.0,5,2024-10-07 08:54:23,2024-10-07 08:55:04,,,Rider_Cancelled,,,,1.5,,,,,,,High Fare,Rider,2024-10-07 08:55:04
1720,REQ00001720,149,72.0,79.0,10,49.0,48,2024-07-07 21:53:55,2024-07-07 21:56:40,2024-07-07 21:59:26,2024-07-07 23:27:50,Completed,33.49,88.4,50.0,1.2,10.0,0.0,0.0,57.07,770.45,Cash,,,2024-07-07 23:27:50
1721,REQ00001721,347,15.0,18.0,2,10.0,9,2024-04-08 10:44:45,2024-04-08 10:45:55,2024-04-08 10:53:24,2024-04-08 11:06:42,Completed,3.92,13.3,30.0,1.0,5.0,100.0,0.0,14.37,194.03,Mobile Wallet,,,2024-04-08 11:06:42
1722,REQ00001722,107,70.0,77.0,9,45.0,42,2024-11-20 23:10:20,2024-11-20 23:13:12,2024-11-20 23:26:00,2024-11-20 23:40:42,Completed,3.7,14.7,120.0,1.0,18.0,0.0,0.0,21.08,284.58,Cash,,,2024-11-20 23:40:42
1723,REQ00001723,410,98.0,108.0,1,4.0,2,2025-02-07 19:08:40,2025-02-07 19:11:02,2025-02-07 19:21:39,2025-02-07 19:30:45,Completed,4.86,9.1,100.0,1.5,15.0,0.0,0.0,28.19,380.61,Cash,,,2025-02-07 19:30:45
1724,REQ00001724,111,31.0,35.0,7,31.0,33,2024-11-26 09:44:43,2024-11-26 09:45:57,2024-11-26 09:52:39,2024-11-26 10:50:09,Completed,30.31,57.5,100.0,1.5,15.0,0.0,0.0,103.79,1401.21,Cash,,,2024-11-26 10:50:09
1725,REQ00001725,76,67.0,74.0,8,38.0,40,2025-08-13 16:16:42,2025-08-13 16:17:24,2025-08-13 16:20:12,2025-08-13 17:27:54,Completed,33.2,67.7,50.0,1.0,10.0,0.0,0.0,44.8,604.75,Cash,,,2025-08-13 17:27:54
1726,REQ00001726,79,9.0,11.0,1,2.0,1,2025-08-13 15:40:16,2025-08-13 15:43:29,2025-08-13 15:56:11,2025-08-13 15:59:11,Completed,3.61,3.0,70.0,1.0,12.0,0.0,0.0,11.37,153.52,Mobile Wallet,,,2025-08-13 15:59:11
1727,REQ00001727,370,13.0,16.0,6,27.0,30,2024-05-09 05:25:09,2024-05-09 05:29:34,,,Accepted,,,,1.0,,,,,,,,,2024-05-09 05:29:34
1728,REQ00001728,248,42.0,47.0,2,9.0,8,2024-01-01 08:43:27,2024-01-01 08:44:01,2024-01-01 08:53:36,2024-01-01 09:40:42,Completed,23.11,47.1,150.0,1.5,25.0,0.0,0.0,126.8,1711.85,Cash,,,2024-01-01 09:40:42
1729,REQ00001729,138,14.0,17.0,10,50.0,48,2024-05-28 01:34:37,2024-05-28 01:38:06,2024-05-28 01:47:40,2024-05-28 02:14:22,Completed,10.28,26.7,30.0,1.2,5.0,0.0,0.0,13.82,186.55,Cash,,,2024-05-28 02:14:22
1730,REQ00001730,240,29.0,32.0,1,2.0,4,2024-10-13 02:43:04,2024-10-13 02:46:55,2024-10-13 02:53:35,2024-10-13 03:00:41,Completed,3.31,7.1,70.0,1.2,12.0,0.0,0.0,14.0,189.02,Debit Card,,,2024-10-13 03:00:41
1731,REQ00001731,331,31.0,35.0,7,35.0,31,2024-06-07 16:31:03,2024-06-07 16:35:07,,,Driver_Cancelled,,,,1.2,,,,,,,Too Far,Driver,2024-06-07 16:35:07
1732,REQ00001732,214,96.0,106.0,1,1.0,4,2024-12-16 07:19:14,2024-12-16 07:20:08,2024-12-16 07:27:52,2024-12-16 07:40:34,Completed,3.46,12.7,30.0,1.5,5.0,0.0,0.0,9.05,122.12,Mobile Wallet,,,2024-12-16 07:40:34
1733,REQ00001733,238,96.0,106.0,1,2.0,5,2025-05-03 12:11:39,2025-05-03 12:13:40,,,Rider_Cancelled,,,,1.2,,,,,,,High Fare,Rider,2025-05-03 12:13:40
1734,REQ00001734,294,20.0,23.0,3,11.0,13,2024-03-22 02:00:33,2024-03-22 02:02:22,2024-03-22 02:11:50,2024-03-22 03:04:20,Completed,27.64,52.5,70.0,1.2,12.0,0.0,40.17,57.75,739.5,Credit Card,,,2024-03-22 03:04:20
1735,REQ00001735,370,52.0,58.0,6,27.0,29,2025-07-16 21:45:45,2025-07-16 21:49:00,2025-07-16 22:03:39,2025-07-16 22:15:39,Completed,4.6,12.0,150.0,1.0,25.0,20.0,0.0,30.48,411.48,Mobile Wallet,,,2025-07-16 22:15:39
1736,REQ00001736,31,12.0,14.0,2,7.0,6,2024-03-02 03:17:03,2024-03-02 03:19:09,,,Rider_Cancelled,,,,1.5,,,,,,,Changed Mind,Rider,2024-03-02 03:19:09
1737,REQ00001737,432,70.0,77.0,9,43.0,45,2025-10-12 17:58:15,2025-10-12 18:00:39,2025-10-12 18:04:27,2025-10-12 19:25:09,Completed,27.71,80.7,120.0,1.5,18.0,0.0,67.88,118.77,1535.47,Cash,,,2025-10-12 19:25:09
1738,REQ00001738,76,40.0,45.0,8,38.0,37,2024-01-18 20:29:42,2024-01-18 20:32:04,,,Rider_Cancelled,,,,1.5,,,,,,,High Fare,Rider,2024-01-18 20:32:04
1739,REQ00001739,361,62.0,68.0,6,30.0,26,2025-09-28 12:12:18,2025-09-28 12:13:42,2025-09-28 12:28:19,2025-09-28 12:47:07,Completed,6.84,18.8,50.0,1.5,10.0,0.0,19.81,20.43,256.04,Bank Transfer,,,2025-09-28 12:47:07
1740,REQ00001740,271,70.0,77.0,9,41.0,44,2025-01-03 04:48:48,2025-01-03 04:52:01,2025-01-03 05:04:26,2025-01-03 05:15:50,Completed,5.08,11.4,120.0,1.2,18.0,50.0,27.14,32.06,405.67,Cash,,,2025-01-03 05:15:50
1741,REQ00001741,220,72.0,79.0,10,47.0,49,2025-10-26 12:16:00,2025-10-26 12:17:09,,,Driver_Cancelled,,,,1.2,,,,,,,Vehicle Issue,Driver,2025-10-26 12:17:09
1742,REQ00001742,375,46.0,51.0,1,1.0,2,2025-02-09 00:40:12,2025-02-09 00:44:05,2025-02-09 00:45:23,2025-02-09 00:59:29,Completed,5.4,14.1,50.0,1.5,10.0,0.0,5.74,17.51,230.69,Mobile Wallet,,,2025-02-09 00:59:29
1743,REQ00001743,226,78.0,86.0,4,16.0,17,2024-03-14 20:52:57,2024-03-14 20:54:40,2024-03-14 21:00:56,2024-03-14 21:03:56,Completed,5.66,3.0,50.0,1.5,10.0,0.0,5.9,15.89,208.62,Cash,,,2024-03-14 21:03:56
1744,REQ00001744,484,74.0,81.0,9,45.0,43,2025-08-13 23:41:53,2025-08-13 23:44:28,2025-08-13 23:53:52,2025-08-14 01:06:58,Completed,34.15,73.1,70.0,1.0,12.0,0.0,0.0,59.24,799.69,Mobile Wallet,,,2025-08-14 01:06:58
1745,REQ00001745,6,,,2,7.0,6,2024-03-20 18:45:49,,,,No_Driver_Available,,,,1.5,,,,,,,,,2024-03-20 18:45:49
1746,REQ00001746,296,18.0,21.0,6,26.0,30,2024-11-15 04:50:17,2024-11-15 04:55:11,2024-11-15 04:56:56,2024-11-15 05:13:38,Completed,4.46,16.7,50.0,1.2,10.0,0.0,10.35,13.3,169.23,Cash,,,2024-11-15 05:13:38
1747,REQ00001747,7,96.0,106.0,1,2.0,4,2024-02-15 11:42:28,2024-02-15 11:46:26,,,Rider_Cancelled,,,,1.0,,,,,,,Driver Delayed,Rider,2024-02-15 11:46:26
1748,REQ00001748,189,9.0,11.0,1,1.0,3,2025-08-30 22:25:56,2025-08-30 22:30:04,2025-08-30 22:42:54,2025-08-30 23:47:00,Completed,33.94,64.1,70.0,1.2,12.0,0.0,0.0,69.05,932.21,Cash,,,2025-08-30 23:47:00
1749,REQ00001749,396,67.0,74.0,8,37.0,38,2024-06-05 03:47:33,2024-06-05 03:51:28,,,Rider_Cancelled,,,,1.2,,,,,,,Other,Rider,2024-06-05 03:51:28
1750,REQ00001750,68,65.0,71.0,4,17.0,18,2024-03-21 18:37:43,2024-03-21 18:39:51,,,Rider_Cancelled,,,,1.5,,,,,,,Changed Mind,Rider,2024-03-21 18:39:51
1751,REQ00001751,281,58.0,64.0,7,33.0,35,2025-01-04 20:58:30,2025-01-04 21:00:53,2025-01-04 21:15:44,2025-01-04 21:40:14,Completed,13.68,24.5,70.0,1.5,12.0,0.0,0.0,40.34,544.64,Bank Transfer,,,2025-01-04 21:40:14
1752,REQ00001752,431,12.0,14.0,2,8.0,10,2025-07-17 18:55:09,2025-07-17 18:56:42,2025-07-17 19:08:19,2025-07-17 19:31:31,Completed,11.81,23.2,50.0,1.5,10.0,0.0,0.0,28.38,383.16,Mobile Wallet,,,2025-07-17 19:31:31
1753,REQ00001753,20,1.0,1.0,5,23.0,24,2024-06-08 12:54:56,2024-06-08 12:55:56,,,Rider_Cancelled,,,,1.2,,,,,,,Changed Mind,Rider,2024-06-08 12:55:56
1754,REQ00001754,94,5.0,5.0,7,33.0,31,2024-09-13 14:16:27,2024-09-13 14:18:29,,,Driver_Cancelled,,,,1.0,,,,,,,Too Far,Driver,2024-09-13 14:18:29
1755,REQ00001755,435,89.0,99.0,3,14.0,12,2024-06-23 20:52:52,2024-06-23 20:56:16,2024-06-23 21:07:44,2024-06-23 21:20:08,Completed,4.38,12.4,100.0,1.5,15.0,0.0,0.0,28.03,378.43,Cash,,,2024-06-23 21:20:08
1756,REQ00001756,244,20.0,23.0,3,12.0,11,2025-11-26 16:01:18,2025-11-26 16:04:22,2025-11-26 16:18:39,2025-11-26 16:30:39,Completed,5.92,12.0,70.0,1.2,12.0,0.0,0.0,18.7,252.46,Mobile Wallet,,,2025-11-26 16:30:39
1757,REQ00001757,260,,,2,6.0,7,2024-07-01 12:12:53,,,,Requested,,,,1.0,,,,,,,,,2024-07-01 12:12:53
1758,REQ00001758,476,34.0,38.0,4,18.0,19,2024-08-15 22:07:22,2024-08-15 22:10:09,2024-08-15 22:16:30,2024-08-15 22:54:24,Completed,17.04,37.9,150.0,1.2,25.0,0.0,0.0,80.43,1085.79,Credit Card,,,2024-08-15 22:54:24
1759,REQ00001759,301,69.0,76.0,9,45.0,43,2025-10-11 12:55:13,2025-10-11 12:58:36,2025-10-11 13:11:04,2025-10-11 14:15:22,Completed,23.67,64.3,70.0,1.2,12.0,0.0,0.0,54.3,733.08,Mobile Wallet,,,2025-10-11 14:15:22
1760,REQ00001760,210,45.0,50.0,3,15.0,11,2024-09-15 09:52:47,2024-09-15 09:54:41,2024-09-15 10:07:13,2024-09-15 10:21:07,Completed,4.97,13.9,70.0,1.5,12.0,0.0,0.0,22.12,298.65,Mobile Wallet,,,2024-09-15 10:21:07
1761,REQ00001761,357,5.0,5.0,7,33.0,34,2024-01-17 13:15:36,2024-01-17 13:16:19,2024-01-17 13:26:49,2024-01-17 14:05:01,Completed,16.27,38.2,30.0,1.0,5.0,0.0,0.0,16.27,219.63,Debit Card,,,2024-01-17 14:05:01
1762,REQ00001762,71,55.0,61.0,2,6.0,10,2025-09-09 23:21:55,2025-09-09 23:26:08,2025-09-09 23:38:14,2025-09-09 23:48:08,Completed,4.33,9.9,50.0,1.0,10.0,0.0,0.0,10.14,136.95,Credit Card,,,2025-09-09 23:48:08
1763,REQ00001763,354,16.0,19.0,3,14.0,11,2024-04-20 04:45:47,2024-04-20 04:46:42,2024-04-20 04:57:23,2024-04-20 05:00:23,Completed,1.25,3.0,150.0,1.5,25.0,20.0,0.0,29.34,396.09,Credit Card,,,2024-04-20 05:00:23
1764,REQ00001764,279,49.0,54.0,2,6.0,9,2024-07-02 13:25:10,2024-07-02 13:27:09,2024-07-02 13:28:14,2024-07-02 13:39:02,Completed,4.3,10.8,70.0,1.0,12.0,0.0,0.0,13.45,181.55,Mobile Wallet,,,2024-07-02 13:39:02
1765,REQ00001765,36,70.0,77.0,9,45.0,43,2025-10-22 01:19:13,2025-10-22 01:21:25,2025-10-22 01:22:44,2025-10-22 02:19:20,Completed,30.78,56.6,120.0,1.2,18.0,0.0,0.0,94.56,1276.51,Credit Card,,,2025-10-22 02:19:20
1766,REQ00001766,215,49.0,54.0,2,8.0,7,2025-04-29 04:44:08,2025-04-29 04:46:11,2025-04-29 04:52:59,2025-04-29 05:17:05,Completed,14.84,24.1,70.0,1.2,12.0,0.0,0.0,33.87,457.23,Cash,,,2025-04-29 05:17:05
1767,REQ00001767,381,89.0,99.0,3,14.0,13,2024-08-03 19:56:20,2024-08-03 20:00:02,2024-08-03 20:13:31,2024-08-03 20:56:19,Completed,23.03,42.8,100.0,1.5,15.0,0.0,0.0,81.91,1105.81,Mobile Wallet,,,2024-08-03 20:56:19
1768,REQ00001768,4,62.0,68.0,6,27.0,29,2024-03-16 04:40:03,2024-03-16 04:42:17,,,Rider_Cancelled,,,,1.2,,,,,,,High Fare,Rider,2024-03-16 04:42:17
1769,REQ00001769,155,36.0,40.0,7,35.0,33,2025-06-12 17:06:42,2025-06-12 17:08:59,2025-06-12 17:19:58,2025-06-12 18:23:28,Completed,22.99,63.5,70.0,1.5,12.0,0.0,0.0,66.46,897.23,Debit Card,,,2025-06-12 18:23:28
1770,REQ00001770,331,58.0,64.0,7,32.0,35,2025-05-12 06:42:31,2025-05-12 06:47:19,2025-05-12 06:54:03,2025-05-12 06:59:15,Completed,2.49,5.2,70.0,1.2,12.0,0.0,0.0,12.46,168.16,Mobile Wallet,,,2025-05-12 06:59:15
1771,REQ00001771,230,86.0,96.0,9,44.0,45,2024-04-23 17:13:24,2024-04-23 17:14:15,2024-04-23 17:23:54,2024-04-23 17:27:12,Completed,3.18,3.3,100.0,1.5,15.0,0.0,0.0,22.42,302.69,Mobile Wallet,,,2024-04-23 17:27:12
1772,REQ00001772,224,59.0,65.0,5,23.0,21,2025-05-07 09:25:42,2025-05-07 09:26:31,,,Rider_Cancelled,,,,1.5,,,,,,,Changed Mind,Rider,2025-05-07 09:26:31
1773,REQ00001773,63,15.0,18.0,2,9.0,6,2025-03-31 11:30:53,2025-03-31 11:34:48,,,Rider_Cancelled,,,,1.0,,,,,,,Driver Delayed,Rider,2025-03-31 11:34:48
1774,REQ00001774,207,8.0,9.0,8,39.0,38,2024-01-14 18:25:21,2024-01-14 18:29:41,2024-01-14 18:31:12,2024-01-14 20:10:36,Completed,32.83,99.4,70.0,1.5,12.0,0.0,0.0,92.79,1252.66,Cash,,,2024-01-14 20:10:36
1775,REQ00001775,346,16.0,19.0,3,11.0,14,2024-12-05 04:54:26,2024-12-05 04:57:47,2024-12-05 05:02:37,2024-12-05 05:05:37,Completed,2.45,3.0,150.0,1.2,25.0,0.0,0.0,25.01,337.61,Mobile Wallet,,,2024-12-05 05:05:37
1776,REQ00001776,337,96.0,106.0,1,2.0,3,2025-11-02 01:29:58,2025-11-02 01:33:22,,,Driver_Cancelled,,,,1.2,,,,,,,Low Fare,Driver,2025-11-02 01:33:22
1777,REQ00001777,123,96.0,106.0,1,1.0,4,2025-06-19 08:40:50,2025-06-19 08:42:42,,,Rider_Cancelled,,,,1.5,,,,,,,Long ETA,Rider,2025-06-19 08:42:42
1778,REQ00001778,460,43.0,48.0,4,16.0,20,2024-05-13 21:51:36,2024-05-13 21:52:04,2024-05-13 22:03:31,2024-05-13 22:28:31,Completed,14.4,25.0,150.0,1.0,25.0,0.0,0.0,56.56,763.56,Mobile Wallet,,,2024-05-13 22:28:31
1779,REQ00001779,499,45.0,50.0,3,14.0,11,2025-09-23 17:46:09,2025-09-23 17:49:24,2025-09-23 17:56:32,2025-09-23 18:06:26,Completed,5.85,9.9,70.0,1.5,12.0,0.0,0.0,22.75,307.08,Cash,,,2025-09-23 18:06:26
1780,REQ00001780,68,61.0,67.0,4,16.0,19,2024-02-03 03:57:33,2024-02-03 03:57:56,,,Rider_Cancelled,,,,1.2,,,,,,,Changed Mind,Rider,2024-02-03 03:57:56
1781,REQ00001781,48,22.0,25.0,3,13.0,12,2024-05-16 15:39:35,2024-05-16 15:42:10,2024-05-16 15:44:54,2024-05-16 16:04:42,Completed,10.58,19.8,50.0,1.2,10.0,0.0,0.0,20.8,280.79,Credit Card,,,2024-05-16 16:04:42
1782,REQ00001782,255,15.0,18.0,2,6.0,10,2025-09-29 00:48:02,2025-09-29 00:48:43,2025-09-29 01:00:12,2025-09-29 01:06:48,Completed,5.54,6.6,30.0,1.2,5.0,0.0,9.65,8.25,101.7,Credit Card,,,2025-09-29 01:06:48
1783,REQ00001783,371,89.0,99.0,3,12.0,15,2024-12-19 16:28:27,2024-12-19 16:33:16,,,Rider_Cancelled,,,,1.2,,,,,,,Long ETA,Rider,2024-12-19 16:33:16
1784,REQ00001784,117,61.0,67.0,4,16.0,17,2025-03-23 03:42:23,2025-03-23 03:46:10,2025-03-23 03:48:53,2025-03-23 03:59:11,Completed,2.83,10.3,50.0,1.2,10.0,0.0,0.0,10.5,141.79,Cash,,,2025-03-23 03:59:11
1785,REQ00001785,68,64.0,70.0,4,16.0,20,2025-02-20 07:35:03,2025-02-20 07:37:48,2025-02-20 07:43:24,2025-02-20 07:49:54,Completed,4.92,6.5,150.0,2.0,25.0,0.0,52.26,55.78,700.72,Cash,,,2025-02-20 07:49:54
1786,REQ00001786,490,49.0,54.0,2,9.0,6,2025-06-29 02:24:25,2025-06-29 02:25:45,2025-06-29 02:28:42,2025-06-29 02:43:00,Completed,6.23,14.3,70.0,1.5,12.0,0.0,28.95,24.49,301.62,Bank Transfer,,,2025-06-29 02:43:00
1787,REQ00001787,442,65.0,71.0,4,18.0,16,2024-04-17 03:52:50,2024-04-17 03:57:00,2024-04-17 04:03:26,2024-04-17 04:48:44,Completed,15.74,45.3,50.0,1.2,10.0,0.0,0.0,30.42,410.62,Credit Card,,,2024-04-17 04:48:44
1788,REQ00001788,321,96.0,106.0,1,1.0,2,2024-11-17 00:06:40,2024-11-17 00:09:56,2024-11-17 00:12:38,2024-11-17 00:25:32,Completed,4.42,12.9,30.0,1.5,5.0,0.0,0.0,9.99,134.88,Bank Transfer,,,2024-11-17 00:25:32
1789,REQ00001789,108,15.0,18.0,2,7.0,9,2025-09-17 11:45:10,2025-09-17 11:47:45,2025-09-17 11:56:24,2025-09-17 12:10:24,Completed,7.02,14.0,30.0,1.2,5.0,20.0,0.0,12.02,162.21,Credit Card,,,2025-09-17 12:10:24
1790,REQ00001790,112,72.0,79.0,10,47.0,49,2025-05-28 06:27:01,2025-05-28 06:29:29,2025-05-28 06:44:10,2025-05-28 06:55:28,Completed,5.73,11.3,50.0,1.2,10.0,0.0,0.0,13.99,188.84,Cash,,,2025-05-28 06:55:28
1791,REQ00001791,4,83.0,92.0,6,28.0,30,2024-06-16 22:58:40,2024-06-16 23:02:07,2024-06-16 23:05:55,2024-06-16 23:45:43,Completed,13.58,39.8,100.0,1.2,15.0,0.0,0.0,46.67,629.99,Credit Card,,,2024-06-16 23:45:43
1792,REQ00001792,279,55.0,61.0,2,6.0,8,2024-05-16 18:35:05,2024-05-16 18:38:12,,,Accepted,,,,1.5,,,,,,,,,2024-05-16 18:38:12
1793,REQ00001793,136,75.0,82.0,4,18.0,16,2024-12-15 02:38:24,2024-12-15 02:39:24,2024-12-15 02:52:35,2024-12-15 04:03:11,Completed,21.39,70.6,30.0,1.5,5.0,0.0,0.0,33.21,448.29,Credit Card,,,2024-12-15 04:03:11
1794,REQ00001794,397,49.0,54.0,2,10.0,7,2025-10-13 08:57:38,2025-10-13 09:01:05,,,Rider_Cancelled,,,,1.5,,,,,,,Long ETA,Rider,2025-10-13 09:01:05
1795,REQ00001795,465,36.0,40.0,7,35.0,32,2025-12-19 00:21:19,2025-12-19 00:21:55,2025-12-19 00:29:43,2025-12-19 00:38:25,Completed,3.71,8.7,70.0,1.2,12.0,0.0,0.0,14.88,200.94,Debit Card,,,2025-12-19 00:38:25
1796,REQ00001796,265,37.0,41.0,5,25.0,24,2024-10-13 10:00:23,2024-10-13 10:05:05,2024-10-13 10:07:19,2024-10-13 10:30:19,Completed,8.06,23.0,150.0,1.2,25.0,0.0,0.0,48.84,659.4,Cash,,,2024-10-13 10:30:19
1797,REQ00001797,204,55.0,61.0,2,6.0,10,2025-03-09 22:07:10,2025-03-09 22:08:01,2025-03-09 22:15:35,2025-03-09 22:22:35,Completed,3.29,7.0,50.0,1.2,10.0,0.0,0.0,10.56,142.54,Credit Card,,,2025-03-09 22:22:35
1798,REQ00001798,383,15.0,18.0,2,10.0,9,2025-11-16 21:52:32,2025-11-16 21:53:48,2025-11-16 22:04:25,2025-11-16 22:15:19,Completed,3.59,10.9,30.0,1.2,5.0,0.0,0.0,7.16,96.7,Cash,,,2025-11-16 22:15:19
1799,REQ00001799,55,98.0,108.0,1,5.0,4,2025-09-27 22:20:41,2025-09-27 22:24:46,,,Rider_Cancelled,,,,1.2,,,,,,,High Fare,Rider,2025-09-27 22:24:46
1800,REQ00001800,494,49.0,54.0,2,8.0,10,2024-09-16 18:49:10,2024-09-16 18:50:47,2024-09-16 18:58:36,2024-09-16 19:53:48,Completed,18.3,55.2,70.0,1.5,12.0,100.0,0.0,68.03,918.38,Mobile Wallet,,,2024-09-16 19:53:48
1801,REQ00001801,430,86.0,96.0,9,45.0,42,2024-08-01 14:41:15,2024-08-01 14:41:38,,,Accepted,,,,1.0,,,,,,,,,2024-08-01 14:41:38
1802,REQ00001802,384,96.0,106.0,1,1.0,2,2024-04-26 23:04:16,2024-04-26 23:06:38,2024-04-26 23:08:39,2024-04-26 23:34:51,Completed,13.48,26.2,30.0,1.0,5.0,100.0,0.0,21.52,290.56,Credit Card,,,2024-04-26 23:34:51
1803,REQ00001803,164,55.0,61.0,2,7.0,8,2025-02-28 14:20:00,2025-02-28 14:22:48,2025-02-28 14:29:22,2025-02-28 14:54:34,Completed,16.69,25.2,50.0,1.2,10.0,0.0,0.0,28.62,386.32,Credit Card,,,2025-02-28 14:54:34
1804,REQ00001804,287,97.0,107.0,8,38.0,37,2025-02-27 13:30:49,2025-02-27 13:34:16,2025-02-27 13:41:03,2025-02-27 14:46:15,Completed,19.16,65.2,70.0,1.2,12.0,20.0,0.0,49.9,673.66,Cash,,,2025-02-27 14:46:15
1805,REQ00001805,4,94.0,104.0,6,26.0,29,2025-05-05 08:41:32,2025-05-05 08:44:18,,,Driver_Cancelled,,,,1.5,,,,,,,Low Fare,Driver,2025-05-05 08:44:18
1806,REQ00001806,471,55.0,61.0,2,6.0,8,2025-08-05 03:46:34,2025-08-05 03:48:26,2025-08-05 03:54:47,2025-08-05 04:26:17,Completed,17.22,31.5,50.0,1.2,10.0,20.0,0.0,32.05,432.72,Mobile Wallet,,,2025-08-05 04:26:17
1807,REQ00001807,183,56.0,62.0,8,,37,2025-10-04 17:13:56,2025-10-04 17:17:35,2025-10-04 17:26:09,2025-10-04 17:30:39,Completed,3.12,4.5,50.0,1.5,10.0,0.0,0.0,12.5,168.78,Debit Card,,,2025-10-04 17:30:39
1808,REQ00001808,17,6.0,6.0,5,22.0,23,2025-05-30 16:54:28,2025-05-30 16:57:06,2025-05-30 16:58:27,2025-05-30 17:56:33,Completed,32.99,58.1,150.0,1.0,25.0,0.0,0.0,111.77,1508.87,Cash,,,2025-05-30 17:56:33
1809,REQ00001809,398,33.0,37.0,1,3.0,4,2025-03-22 03:45:00,2025-03-22 03:48:33,2025-03-22 03:55:20,2025-03-22 05:05:26,Completed,27.62,70.1,50.0,1.5,10.0,0.0,0.0,59.59,804.48,Cash,,,2025-03-22 05:05:26
1810,REQ00001810,103,37.0,41.0,5,21.0,22,2024-07-13 18:05:06,2024-07-13 18:05:39,2024-07-13 18:10:04,2024-07-13 18:32:10,Completed,11.7,22.1,150.0,1.5,25.0,0.0,0.0,73.73,995.33,Mobile Wallet,,,2024-07-13 18:32:10
1811,REQ00001811,344,64.0,70.0,4,19.0,16,2025-07-02 12:15:27,2025-07-02 12:17:49,2025-07-02 12:21:16,2025-07-02 12:28:16,Completed,3.36,7.0,150.0,1.0,25.0,0.0,0.0,24.3,328.1,Cash,,,2025-07-02 12:28:16
1812,REQ00001812,467,67.0,74.0,8,39.0,36,2025-10-04 06:03:51,2025-10-04 06:05:33,2025-10-04 06:13:19,2025-10-04 06:28:55,Completed,9.58,15.6,50.0,1.2,10.0,50.0,0.0,23.84,321.87,Cash,,,2025-10-04 06:28:55
1813,REQ00001813,106,65.0,71.0,4,17.0,20,2024-07-17 10:37:24,2024-07-17 10:38:46,2024-07-17 10:46:46,2024-07-17 11:00:04,Completed,7.8,13.3,50.0,1.0,10.0,0.0,0.0,13.88,187.43,Cash,,,2024-07-17 11:00:04
1814,REQ00001814,87,9.0,11.0,1,5.0,1,2025-07-06 04:07:59,2025-07-06 04:12:19,2025-07-06 04:21:32,2025-07-06 04:26:44,Completed,4.67,5.2,70.0,1.5,12.0,0.0,0.0,19.49,263.17,Cash,,,2025-07-06 04:26:44
1815,REQ00001815,103,47.0,52.0,5,22.0,25,2025-04-11 12:57:53,2025-04-11 13:01:17,2025-04-11 13:02:57,2025-04-11 13:11:09,Completed,4.27,8.2,70.0,1.0,12.0,20.0,0.0,14.6,197.05,Debit Card,,,2025-04-11 13:11:09
1816,REQ00001816,259,42.0,47.0,2,7.0,9,2025-08-06 17:02:42,2025-08-06 17:07:24,2025-08-06 17:21:01,2025-08-06 17:32:55,Completed,7.4,11.9,150.0,1.5,25.0,0.0,0.0,53.35,720.25,Cash,,,2025-08-06 17:32:55
1817,REQ00001817,350,86.0,96.0,9,42.0,41,2024-03-07 22:36:19,2024-03-07 22:40:48,2024-03-07 22:44:38,2024-03-07 22:50:14,Completed,1.66,5.6,100.0,1.0,15.0,0.0,0.0,12.98,175.18,Mobile Wallet,,,2024-03-07 22:50:14
1818,REQ00001818,262,96.0,106.0,1,1.0,3,2025-08-06 14:48:28,2025-08-06 14:50:46,,,Driver_Cancelled,,,,1.0,,,,,,,Vehicle Issue,Driver,2025-08-06 14:50:46
1819,REQ00001819,488,14.0,17.0,10,49.0,46,2024-01-27 11:19:49,2024-01-27 11:21:05,2024-01-27 11:30:47,2024-01-27 12:05:35,Completed,11.17,34.8,30.0,1.2,5.0,0.0,8.2,15.28,198.07,Debit Card,,,2024-01-27 12:05:35
1820,REQ00001820,289,12.0,14.0,2,8.0,10,2025-08-26 05:21:53,2025-08-26 05:25:15,2025-08-26 05:30:00,2025-08-26 06:38:36,Completed,30.62,68.6,50.0,1.0,10.0,0.0,0.0,42.43,572.77,Cash,,,2025-08-26 06:38:36
1821,REQ00001821,360,6.0,6.0,5,24.0,22,2024-12-09 06:28:57,2024-12-09 06:30:09,2024-12-09 06:44:10,2024-12-09 06:50:58,Completed,3.56,6.8,150.0,1.0,25.0,0.0,0.0,24.72,333.72,Credit Card,,,2024-12-09 06:50:58
1822,REQ00001822,64,10.0,12.0,3,11.0,13,2024-07-15 10:39:50,2024-07-15 10:40:10,2024-07-15 10:53:10,2024-07-15 11:52:46,Completed,33.24,59.6,100.0,1.0,15.0,0.0,0.0,74.3,1003.1,Credit Card,,,2024-07-15 11:52:46
1823,REQ00001823,172,89.0,99.0,3,12.0,15,2025-07-28 21:06:02,2025-07-28 21:07:49,2025-07-28 21:12:39,2025-07-28 21:22:09,Completed,1.61,9.5,100.0,1.2,15.0,0.0,0.0,16.41,221.55,Cash,,,2025-07-28 21:22:09
1824,REQ00001824,472,49.0,54.0,2,6.0,7,2025-11-27 18:30:41,2025-11-27 18:32:29,2025-11-27 18:46:08,2025-11-27 18:56:26,Completed,5.18,10.3,70.0,1.5,12.0,0.0,0.0,21.64,292.09,Mobile Wallet,,,2025-11-27 18:56:26
1825,REQ00001825,397,15.0,18.0,2,7.0,9,2025-11-28 19:36:39,2025-11-28 19:39:27,2025-11-28 19:54:16,2025-11-28 20:14:40,Completed,9.84,20.4,30.0,1.5,5.0,0.0,0.0,16.09,217.27,Mobile Wallet,,,2025-11-28 20:14:40
1826,REQ00001826,18,16.0,19.0,3,13.0,14,2024-09-22 11:47:13,2024-09-22 11:47:56,2024-09-22 11:52:56,2024-09-22 12:29:32,Completed,23.4,36.6,150.0,1.2,25.0,0.0,0.0,98.25,1326.33,Debit Card,,,2024-09-22 12:29:32
1827,REQ00001827,241,22.0,25.0,3,14.0,13,2024-08-07 18:41:05,2024-08-07 18:42:51,2024-08-07 18:48:29,2024-08-07 19:35:05,Completed,27.1,46.6,50.0,1.5,10.0,50.0,0.0,60.61,818.26,Mobile Wallet,,,2024-08-07 19:35:05
1828,REQ00001828,452,74.0,81.0,9,44.0,45,2024-10-27 10:31:58,2024-10-27 10:36:19,2024-10-27 10:46:25,2024-10-27 10:58:37,Completed,5.41,12.2,70.0,1.2,12.0,0.0,0.0,18.0,243.06,Cash,,,2024-10-27 10:58:37
1829,REQ00001829,499,11.0,13.0,3,13.0,15,2024-02-19 02:03:17,2024-02-19 02:05:07,2024-02-19 02:15:40,2024-02-19 02:38:16,Completed,13.93,22.6,100.0,1.2,15.0,0.0,0.0,43.21,583.33,Mobile Wallet,,,2024-02-19 02:38:16
1830,REQ00001830,58,25.0,28.0,5,21.0,23,2024-04-29 18:33:14,2024-04-29 18:36:57,2024-04-29 18:41:58,2024-04-29 19:07:28,Completed,12.01,25.5,30.0,1.5,5.0,0.0,0.0,18.79,253.66,Mobile Wallet,,,2024-04-29 19:07:28
1831,REQ00001831,253,42.0,47.0,2,7.0,9,2025-05-08 07:47:28,2025-05-08 07:52:17,2025-05-08 08:04:46,2025-05-08 08:16:46,Completed,3.34,12.0,150.0,1.5,25.0,0.0,0.0,38.78,523.58,Mobile Wallet,,,2025-05-08 08:16:46
1832,REQ00001832,41,21.0,24.0,5,22.0,25,2025-11-23 04:33:23,2025-11-23 04:33:48,2025-11-23 04:45:08,2025-11-23 05:01:08,Completed,5.49,16.0,30.0,1.2,5.0,0.0,0.0,9.11,123.01,Debit Card,,,2025-11-23 05:01:08
1833,REQ00001833,386,45.0,50.0,3,13.0,14,2024-02-14 15:59:25,2024-02-14 16:04:04,2024-02-14 16:12:34,2024-02-14 17:05:28,Completed,18.36,52.9,70.0,1.0,12.0,0.0,0.0,37.06,500.26,Cash,,,2024-02-14 17:05:28
1834,REQ00001834,223,29.0,32.0,1,2.0,5,2025-01-16 02:12:39,2025-01-16 02:16:19,2025-01-16 02:30:59,2025-01-16 02:52:41,Completed,6.47,21.7,70.0,1.2,12.0,20.0,22.15,23.28,292.07,Mobile Wallet,,,2025-01-16 02:52:41
1835,REQ00001835,279,15.0,18.0,2,8.0,6,2025-03-30 12:22:11,2025-03-30 12:22:55,2025-03-30 12:24:23,2025-03-30 12:59:35,Completed,16.72,35.2,30.0,1.2,5.0,0.0,0.0,19.58,264.33,Cash,,,2025-03-30 12:59:35
1836,REQ00001836,350,86.0,96.0,9,41.0,44,2024-08-15 03:42:26,2024-08-15 03:44:46,2024-08-15 03:57:40,2024-08-15 04:06:46,Completed,2.26,9.1,100.0,1.2,15.0,0.0,0.0,17.56,237.1,Credit Card,,,2024-08-15 04:06:46
1837,REQ00001837,92,87.0,97.0,1,1.0,2,2024-04-10 17:57:03,2024-04-10 17:59:54,2024-04-10 18:12:06,2024-04-10 18:39:18,Completed,14.5,27.2,120.0,1.5,18.0,0.0,29.4,64.63,843.13,Cash,,,2024-04-10 18:39:18
1838,REQ00001838,154,83.0,92.0,6,27.0,30,2024-05-09 14:23:48,2024-05-09 14:25:57,2024-05-09 14:30:35,2024-05-09 15:19:35,Completed,15.86,49.0,100.0,1.0,15.0,0.0,0.0,44.38,599.08,Mobile Wallet,,,2024-05-09 15:19:35
1839,REQ00001839,186,45.0,50.0,3,14.0,11,2025-12-08 10:48:32,2025-12-08 10:49:55,2025-12-08 10:59:00,2025-12-08 11:08:36,Completed,2.37,9.6,70.0,1.0,12.0,0.0,0.0,10.94,147.69,Cash,,,2025-12-08 11:08:36
1840,REQ00001840,63,12.0,14.0,2,7.0,10,2025-06-10 10:37:55,2025-06-10 10:42:46,2025-06-10 10:45:08,2025-06-10 11:05:32,Completed,5.91,20.4,50.0,1.2,10.0,0.0,0.0,15.51,209.33,Cash,,,2025-06-10 11:05:32
1841,REQ00001841,255,49.0,54.0,2,10.0,8,2024-11-02 11:51:26,2024-11-02 11:53:57,2024-11-02 11:58:08,2024-11-02 13:10:32,Completed,23.3,72.4,70.0,1.5,12.0,0.0,0.0,69.16,933.61,Cash,,,2024-11-02 13:10:32
1842,REQ00001842,216,46.0,51.0,1,2.0,5,2025-06-14 10:53:05,2025-06-14 10:54:14,2025-06-14 11:08:12,2025-06-14 11:18:36,Completed,5.58,10.4,50.0,1.2,10.0,0.0,0.0,13.69,184.76,Cash,,,2025-06-14 11:18:36
1843,REQ00001843,173,6.0,6.0,5,22.0,21,2025-07-19 17:35:19,2025-07-19 17:40:13,2025-07-19 17:44:25,2025-07-19 18:14:01,Completed,9.12,29.6,150.0,1.5,25.0,0.0,0.0,68.04,918.54,Cash,,,2025-07-19 18:14:01
1844,REQ00001844,265,59.0,65.0,5,24.0,22,2025-05-19 19:41:20,2025-05-19 19:45:46,2025-05-19 19:54:05,2025-05-19 19:58:05,Completed,2.77,4.0,70.0,2.0,12.0,0.0,10.32,21.05,273.83,Cash,,,2025-05-19 19:58:05
1845,REQ00001845,447,81.0,89.0,5,22.0,24,2024-04-07 14:45:45,2024-04-07 14:50:34,2024-04-07 14:53:02,2024-04-07 14:59:26,Completed,4.39,6.4,100.0,1.2,15.0,0.0,0.0,21.0,283.56,Mobile Wallet,,,2024-04-07 14:59:26
1846,REQ00001846,144,81.0,89.0,5,25.0,23,2024-01-19 07:53:30,2024-01-19 07:53:46,,,Rider_Cancelled,,,,1.5,,,,,,,Changed Mind,Rider,2024-01-19 07:53:46
1847,REQ00001847,462,12.0,14.0,2,8.0,6,2025-01-12 16:52:34,2025-01-12 16:55:17,,,Driver_Cancelled,,,,1.5,,,,,,,Low Fare,Driver,2025-01-12 16:55:17
1848,REQ00001848,332,81.0,89.0,5,23.0,22,2025-02-04 02:17:19,2025-02-04 02:18:35,,,Driver_Cancelled,,,,1.2,,,,,,,Low Fare,Driver,2025-02-04 02:18:35
1849,REQ00001849,46,3.0,3.0,8,37.0,39,2024-05-02 18:11:05,2024-05-02 18:12:30,,,Rider_Cancelled,,,,1.5,,,,,,,Driver Delayed,Rider,2024-05-02 18:12:30
1850,REQ00001850,7,87.0,97.0,1,1.0,4,2024-03-13 22:33:36,2024-03-13 22:37:26,,,Driver_Cancelled,,,,1.0,,,,,,,Low Fare,Driver,2024-03-13 22:37:26
1851,REQ00001851,259,90.0,100.0,2,10.0,7,2025-05-10 20:49:45,2025-05-10 20:50:04,2025-05-10 21:01:26,2025-05-10 21:05:26,Completed,2.1,4.0,50.0,1.5,10.0,0.0,0.0,10.94,147.74,Credit Card,,,2025-05-10 21:05:26
1852,REQ00001852,294,45.0,50.0,3,12.0,13,2024-05-18 07:00:05,2024-05-18 07:01:44,2024-05-18 07:07:30,2024-05-18 07:50:24,Completed,16.57,42.9,70.0,1.5,12.0,0.0,0.0,49.96,674.49,Cash,,,2024-05-18 07:50:24
1853,REQ00001853,285,93.0,103.0,5,22.0,25,2024-03-08 08:33:24,2024-03-08 08:36:02,2024-03-08 08:44:43,2024-03-08 09:04:55,Completed,6.28,20.2,50.0,1.5,10.0,0.0,0.0,19.88,268.37,Bank Transfer,,,2024-03-08 09:04:55
1854,REQ00001854,261,59.0,65.0,5,21.0,23,2025-04-25 06:53:55,2025-04-25 06:58:21,2025-04-25 07:07:36,2025-04-25 08:12:00,Completed,32.45,64.4,70.0,1.2,12.0,0.0,0.0,66.96,904.02,Cash,,,2025-04-25 08:12:00
1855,REQ00001855,86,98.0,108.0,1,4.0,2,2024-10-14 12:26:17,2024-10-14 12:27:20,2024-10-14 12:41:56,2024-10-14 12:45:20,Completed,4.83,3.4,100.0,1.0,15.0,0.0,0.0,17.61,237.71,Mobile Wallet,,,2024-10-14 12:45:20
1856,REQ00001856,101,12.0,14.0,2,6.0,7,2025-03-29 08:40:09,2025-03-29 08:40:29,2025-03-29 08:45:44,2025-03-29 08:59:02,Completed,5.27,13.3,50.0,1.5,10.0,0.0,0.0,17.18,231.97,Mobile Wallet,,,2025-03-29 08:59:02
1857,REQ00001857,465,58.0,64.0,7,35.0,32,2025-06-22 17:23:02,2025-06-22 17:23:45,,,Driver_Cancelled,,,,1.5,,,,,,,Too Far,Driver,2025-06-22 17:23:45
1858,REQ00001858,159,74.0,81.0,9,44.0,42,2024-02-27 17:23:01,2024-02-27 17:23:43,,,Rider_Cancelled,,,,1.5,,,,,,,Other,Rider,2024-02-27 17:23:43
1859,REQ00001859,165,29.0,32.0,1,4.0,5,2024-04-19 17:36:43,2024-04-19 17:39:18,2024-04-19 17:49:05,2024-04-19 18:08:23,Completed,9.11,19.3,70.0,1.5,12.0,0.0,0.0,30.87,416.75,Mobile Wallet,,,2024-04-19 18:08:23
1860,REQ00001860,218,74.0,81.0,9,43.0,45,2024-03-14 13:28:38,2024-03-14 13:32:20,2024-03-14 13:40:51,2024-03-14 15:19:33,Completed,32.2,98.7,70.0,1.2,12.0,0.0,0.0,73.19,988.07,Debit Card,,,2024-03-14 15:19:33
1861,REQ00001861,413,74.0,81.0,9,44.0,45,2024-08-07 06:13:19,2024-08-07 06:17:34,2024-08-07 06:20:55,2024-08-07 06:31:43,Completed,6.3,10.8,70.0,1.0,12.0,0.0,0.0,15.85,213.95,Mobile Wallet,,,2024-08-07 06:31:43
1862,REQ00001862,413,86.0,96.0,9,43.0,45,2025-03-14 08:55:55,2025-03-14 08:58:54,2025-03-14 09:07:04,2025-03-14 09:26:52,Completed,9.82,19.8,100.0,1.5,15.0,0.0,0.0,43.31,584.66,Cash,,,2025-03-14 09:26:52
1863,REQ00001863,334,89.0,99.0,3,13.0,12,2025-08-25 02:25:40,2025-08-25 02:26:18,2025-08-25 02:31:55,2025-08-25 03:00:13,Completed,15.09,28.3,100.0,1.2,15.0,0.0,0.0,46.8,631.86,Debit Card,,,2025-08-25 03:00:13
1864,REQ00001864,144,93.0,103.0,5,22.0,23,2025-01-10 05:01:38,2025-01-10 05:02:27,2025-01-10 05:08:10,2025-01-10 06:03:40,Completed,26.06,55.5,50.0,1.5,10.0,20.0,0.0,57.12,771.07,Debit Card,,,2025-01-10 06:03:40
1865,REQ00001865,241,89.0,99.0,3,11.0,12,2025-02-04 21:22:09,2025-02-04 21:23:15,2025-02-04 21:35:08,2025-02-04 21:38:08,Completed,3.01,3.0,100.0,1.5,15.0,0.0,0.0,21.92,295.97,Debit Card,,,2025-02-04 21:38:08
1866,REQ00001866,196,21.0,24.0,5,24.0,22,2025-08-31 17:48:21,2025-08-31 17:52:29,2025-08-31 18:02:27,2025-08-31 18:32:15,Completed,10.03,29.8,30.0,1.5,5.0,0.0,0.0,17.4,234.96,Mobile Wallet,,,2025-08-31 18:32:15
1867,REQ00001867,232,28.0,31.0,8,37.0,36,2024-04-07 22:42:53,2024-04-07 22:43:50,2024-04-07 22:50:23,2024-04-07 22:57:41,Completed,5.23,7.3,70.0,1.2,12.0,0.0,6.64,16.8,220.22,Mobile Wallet,,,2024-04-07 22:57:41
1868,REQ00001868,194,14.0,17.0,10,47.0,46,2025-10-10 04:40:07,2025-10-10 04:43:09,2025-10-10 04:45:21,2025-10-10 05:28:33,Completed,13.02,43.2,30.0,1.5,5.0,50.0,0.0,27.88,376.42,Cash,,,2025-10-10 05:28:33
1869,REQ00001869,391,,,1,5.0,1,2025-11-20 19:12:10,,,,No_Driver_Available,,,,1.5,,,,,,,,,2025-11-20 19:12:10
1870,REQ00001870,7,4.0,4.0,1,5.0,3,2025-07-16 09:59:52,2025-07-16 10:02:39,2025-07-16 10:14:46,2025-07-16 11:12:10,Completed,28.46,57.4,70.0,1.5,12.0,0.0,0.0,74.84,1010.39,Mobile Wallet,,,2025-07-16 11:12:10
1871,REQ00001871,11,52.0,58.0,6,29.0,27,2024-02-24 17:33:42,2024-02-24 17:35:17,2024-02-24 17:44:54,2024-02-24 17:49:18,Completed,3.69,4.4,150.0,1.5,25.0,0.0,0.0,36.4,491.35,Cash,,,2024-02-24 17:49:18
1872,REQ00001872,292,33.0,37.0,1,5.0,4,2025-06-16 07:19:59,2025-06-16 07:21:21,2025-06-16 07:34:59,2025-06-16 07:50:29,Completed,5.3,15.5,50.0,1.5,10.0,0.0,0.0,17.62,237.89,Cash,,,2025-06-16 07:50:29
1873,REQ00001873,89,48.0,53.0,10,50.0,49,2024-08-11 01:56:58,2024-08-11 02:00:52,2024-08-11 02:09:34,2024-08-11 02:33:28,Completed,10.18,23.9,50.0,1.5,10.0,0.0,0.0,26.16,353.18,Mobile Wallet,,,2024-08-11 02:33:28
1874,REQ00001874,411,,,9,45.0,42,2024-02-23 12:27:42,,,,No_Driver_Available,,,,1.0,,,,,,,,,2024-02-23 12:27:42
1875,REQ00001875,417,55.0,61.0,2,10.0,8,2024-02-25 10:12:34,2024-02-25 10:14:52,,,Rider_Cancelled,,,,1.5,,,,,,,Driver Delayed,Rider,2024-02-25 10:14:52
1876,REQ00001876,123,87.0,97.0,1,2.0,3,2025-01-14 17:48:52,2025-01-14 17:49:33,,,Driver_Cancelled,,,,1.5,,,,,,,Too Far,Driver,2025-01-14 17:49:33
1877,REQ00001877,437,83.0,92.0,6,28.0,26,2024-10-21 05:25:45,2024-10-21 05:26:32,2024-10-21 05:33:57,2024-10-21 06:43:21,Completed,29.15,69.4,100.0,1.0,15.0,0.0,0.0,69.72,941.22,Bank Transfer,,,2024-10-21 06:43:21
1878,REQ00001878,15,86.0,96.0,9,43.0,41,2025-10-01 05:58:46,2025-10-01 06:00:15,2025-10-01 06:12:04,2025-10-01 07:33:58,Completed,31.58,81.9,100.0,1.2,15.0,0.0,0.0,91.33,1232.95,Mobile Wallet,,,2025-10-01 07:33:58
1879,REQ00001879,488,48.0,53.0,10,49.0,46,2025-01-31 18:04:44,2025-01-31 18:06:51,2025-01-31 18:20:09,2025-01-31 18:23:09,Completed,2.75,3.0,50.0,1.5,10.0,0.0,8.3,11.7,149.65,Mobile Wallet,,,2025-01-31 18:23:09
1880,REQ00001880,165,4.0,4.0,1,3.0,4,2024-08-28 19:50:04,2024-08-28 19:51:26,2024-08-28 19:54:37,2024-08-28 20:42:25,Completed,21.62,47.8,70.0,1.5,12.0,20.0,0.0,62.63,845.48,Debit Card,,,2024-08-28 20:42:25
1881,REQ00001881,218,74.0,81.0,9,41.0,43,2024-09-10 22:31:57,2024-09-10 22:34:32,2024-09-10 22:46:27,2024-09-10 23:23:27,Completed,16.91,37.0,70.0,1.0,12.0,0.0,0.0,32.77,442.42,Mobile Wallet,,,2024-09-10 23:23:27
1882,REQ00001882,370,2.0,2.0,6,27.0,29,2024-03-22 22:31:08,2024-03-22 22:31:53,2024-03-22 22:46:36,2024-03-22 23:08:48,Completed,11.24,22.2,70.0,1.0,12.0,0.0,0.0,23.6,318.6,Mobile Wallet,,,2024-03-22 23:08:48
1883,REQ00001883,338,5.0,5.0,7,33.0,32,2024-02-19 08:52:30,2024-02-19 08:57:19,,,Driver_Cancelled,,,,1.5,,,,,,,Traffic,Driver,2024-02-19 08:57:19
1884,REQ00001884,262,,,1,5.0,1,2024-01-25 21:07:52,,,,No_Driver_Available,,,,1.2,,,,,,,,,2024-01-25 21:07:52
1885,REQ00001885,229,31.0,35.0,7,33.0,31,2025-02-16 22:00:14,2025-02-16 22:04:34,2025-02-16 22:06:50,2025-02-16 22:58:02,Completed,29.49,51.2,100.0,1.2,15.0,0.0,0.0,79.95,1079.31,Cash,,,2025-02-16 22:58:02
1886,REQ00001886,61,75.0,82.0,4,20.0,17,2024-06-07 13:08:38,2024-06-07 13:12:26,2024-06-07 13:22:19,2024-06-07 13:34:13,Completed,2.2,11.9,30.0,1.0,5.0,0.0,0.0,5.16,69.66,Cash,,,2024-06-07 13:34:13
1887,REQ00001887,440,,,1,1.0,3,2024-09-29 04:07:49,,,,No_Driver_Available,,,,1.5,,,,,,,,,2024-09-29 04:07:49
1888,REQ00001888,331,58.0,64.0,7,34.0,33,2024-10-24 21:32:54,2024-10-24 21:33:38,,,Driver_Cancelled,,,,1.0,,,,,,,Too Far,Driver,2024-10-24 21:33:38
1889,REQ00001889,131,33.0,37.0,1,4.0,5,2025-10-30 00:12:32,2025-10-30 00:17:03,2025-10-30 00:19:48,2025-10-30 00:44:30,Completed,9.78,24.7,50.0,1.2,10.0,0.0,0.0,20.58,277.87,Credit Card,,,2025-10-30 00:44:30
1890,REQ00001890,253,12.0,14.0,2,6.0,7,2024-10-13 20:13:37,2024-10-13 20:17:07,2024-10-13 20:31:57,2024-10-13 20:34:57,Completed,2.28,3.0,50.0,1.5,10.0,0.0,0.0,11.02,148.81,Mobile Wallet,,,2024-10-13 20:34:57
1891,REQ00001891,332,59.0,65.0,5,24.0,22,2024-03-22 04:31:20,2024-03-22 04:31:45,2024-03-22 04:37:27,2024-03-22 05:01:09,Completed,9.56,23.7,70.0,1.2,12.0,0.0,0.0,26.19,353.55,Cash,,,2024-03-22 05:01:09
1892,REQ00001892,214,29.0,32.0,1,3.0,4,2024-04-21 21:57:28,2024-04-21 21:57:55,2024-04-21 22:00:12,2024-04-21 22:42:54,Completed,18.57,42.7,70.0,1.2,12.0,0.0,0.0,42.81,577.95,Credit Card,,,2024-04-21 22:42:54
1893,REQ00001893,381,20.0,23.0,3,13.0,12,2025-07-04 09:11:38,2025-07-04 09:12:35,2025-07-04 09:17:49,2025-07-04 10:08:37,Completed,29.05,50.8,70.0,1.5,12.0,0.0,0.0,74.32,1003.35,Debit Card,,,2025-07-04 10:08:37
1894,REQ00001894,359,69.0,76.0,9,41.0,44,2024-01-18 04:59:03,2024-01-18 05:02:19,2024-01-18 05:09:33,2024-01-18 05:12:33,Completed,2.81,3.0,70.0,1.2,12.0,0.0,0.0,12.49,168.67,Cash,,,2024-01-18 05:12:33
1895,REQ00001895,93,72.0,79.0,10,48.0,49,2024-03-25 10:53:54,2024-03-25 10:55:02,2024-03-25 11:08:53,2024-03-25 11:51:41,Completed,21.04,42.8,50.0,1.0,10.0,0.0,0.0,30.13,406.81,Cash,,,2024-03-25 11:51:41
1896,REQ00001896,477,84.0,94.0,4,16.0,17,2024-04-14 02:35:24,2024-04-14 02:37:43,2024-04-14 02:52:39,2024-04-14 02:58:33,Completed,3.68,5.9,70.0,1.2,12.0,0.0,0.0,14.3,193.1,Debit Card,,,2024-04-14 02:58:33
1897,REQ00001897,75,,,1,3.0,2,2025-08-20 07:05:26,,,,No_Driver_Available,,,,1.5,,,,,,,,,2025-08-20 07:05:26
1898,REQ00001898,40,25.0,28.0,5,24.0,21,2024-02-22 10:23:55,2024-02-22 10:27:34,2024-02-22 10:37:03,2024-02-22 10:40:03,Completed,2.59,3.0,30.0,1.0,5.0,0.0,0.0,4.7,63.42,Credit Card,,,2024-02-22 10:40:03
1899,REQ00001899,496,42.0,47.0,2,8.0,10,2024-06-30 06:20:40,2024-06-30 06:23:55,,,Rider_Cancelled,,,,1.2,,,,,,,Driver Delayed,Rider,2024-06-30 06:23:55
1900,REQ00001900,389,60.0,66.0,5,25.0,21,2024-07-08 14:46:16,2024-07-08 14:49:30,2024-07-08 15:03:55,2024-07-08 15:43:07,Completed,19.08,39.2,70.0,1.0,12.0,0.0,74.74,35.73,407.59,Cash,,,2024-07-08 15:43:07
1901,REQ00001901,153,87.0,97.0,1,1.0,3,2024-12-16 10:54:44,2024-12-16 10:55:37,2024-12-16 10:59:49,2024-12-16 11:53:19,Completed,25.61,53.5,120.0,1.0,18.0,0.0,0.0,68.95,930.87,Mobile Wallet,,,2024-12-16 11:53:19
1902,REQ00001902,348,33.0,37.0,1,4.0,2,2025-12-31 23:05:34,2025-12-31 23:07:22,,,Rider_Cancelled,,,,1.0,,,,,,,Changed Mind,Rider,2025-12-31 23:07:22
1903,REQ00001903,408,21.0,24.0,5,21.0,22,2025-05-11 07:34:14,2025-05-11 07:36:13,2025-05-11 07:42:10,2025-05-11 07:55:34,Completed,8.53,13.4,30.0,1.5,5.0,0.0,0.0,14.0,188.96,Mobile Wallet,,,2025-05-11 07:55:34
1904,REQ00001904,306,49.0,54.0,2,8.0,7,2025-03-03 18:27:57,2025-03-03 18:30:20,2025-03-03 18:32:19,2025-03-03 20:18:19,Completed,34.89,106.0,70.0,1.5,12.0,0.0,97.74,98.08,1226.37,Credit Card,,,2025-03-03 20:18:19
1905,REQ00001905,289,49.0,54.0,2,8.0,6,2024-03-26 08:11:53,2024-03-26 08:15:55,2024-03-26 08:28:39,2024-03-26 09:00:03,Completed,16.81,31.4,70.0,1.5,12.0,0.0,0.0,47.63,643.05,Mobile Wallet,,,2024-03-26 09:00:03
1906,REQ00001906,112,80.0,88.0,10,48.0,49,2025-05-22 11:52:08,2025-05-22 11:54:58,,,Driver_Cancelled,,,,1.0,,,,,,,Low Fare,Driver,2025-05-22 11:54:58
1907,REQ00001907,490,15.0,18.0,2,8.0,10,2024-06-11 06:24:25,2024-06-11 06:28:08,2024-06-11 06:35:51,2024-06-11 07:59:27,Completed,25.17,83.6,30.0,1.0,5.0,0.0,0.0,25.6,345.56,Mobile Wallet,,,2024-06-11 07:59:27
1908,REQ00001908,367,,,3,14.0,11,2024-03-04 06:24:13,,,,No_Driver_Available,,,,1.0,,,,,,,,,2024-03-04 06:24:13
1909,REQ00001909,465,36.0,40.0,7,31.0,34,2024-03-19 04:41:44,2024-03-19 04:44:11,2024-03-19 04:53:24,2024-03-19 05:06:24,Completed,4.92,13.0,70.0,1.2,12.0,0.0,32.26,17.45,203.35,Bank Transfer,,,2024-03-19 05:06:24
1910,REQ00001910,377,14.0,17.0,10,49.0,46,2025-08-04 03:34:48,2025-08-04 03:36:39,2025-08-04 03:46:58,2025-08-04 03:55:34,Completed,3.68,8.6,30.0,1.2,5.0,0.0,0.0,7.01,94.66,Cash,,,2025-08-04 03:55:34
1911,REQ00001911,499,10.0,12.0,3,15.0,12,2025-04-16 23:36:39,2025-04-16 23:39:27,2025-04-16 23:48:30,2025-04-16 23:57:18,Completed,5.28,8.8,100.0,1.2,15.0,0.0,0.0,23.29,314.41,Cash,,,2025-04-16 23:57:18
1912,REQ00001912,350,70.0,77.0,9,43.0,45,2025-12-09 16:47:13,2025-12-09 16:51:21,2025-12-09 17:05:23,2025-12-09 17:29:41,Completed,11.34,24.3,120.0,1.2,18.0,0.0,0.0,44.2,596.66,Cash,,,2025-12-09 17:29:41
1913,REQ00001913,20,81.0,89.0,5,25.0,22,2025-05-17 16:11:14,2025-05-17 16:12:09,2025-05-17 16:14:17,2025-05-17 16:28:23,Completed,8.48,14.1,100.0,1.2,15.0,0.0,0.0,30.71,414.53,Credit Card,,,2025-05-17 16:28:23
1914,REQ00001914,165,33.0,37.0,1,1.0,3,2024-04-02 11:33:30,2024-04-02 11:33:49,,,Rider_Cancelled,,,,1.0,,,,,,,Long ETA,Rider,2024-04-02 11:33:49
1915,REQ00001915,95,87.0,97.0,1,5.0,2,2025-10-06 21:02:50,2025-10-06 21:06:47,2025-10-06 21:09:14,2025-10-06 21:27:44,Completed,8.58,18.5,120.0,1.2,18.0,20.0,0.0,38.62,521.33,Debit Card,,,2025-10-06 21:27:44
1916,REQ00001916,63,54.0,60.0,2,6.0,7,2024-02-01 04:59:43,2024-02-01 05:02:23,2024-02-01 05:05:45,2024-02-01 05:27:45,Completed,6.82,22.0,50.0,1.2,10.0,0.0,0.0,16.78,226.59,Mobile Wallet,,,2024-02-01 05:27:45
1917,REQ00001917,133,97.0,107.0,8,36.0,39,2024-05-19 17:14:06,2024-05-19 17:14:42,,,Driver_Cancelled,,,,1.5,,,,,,,Too Far,Driver,2024-05-19 17:14:42
1918,REQ00001918,78,45.0,50.0,3,13.0,14,2024-06-15 06:09:50,2024-06-15 06:13:28,2024-06-15 06:28:03,2024-06-15 07:14:39,Completed,25.85,46.6,70.0,1.2,12.0,0.0,0.0,54.04,729.58,Credit Card,,,2024-06-15 07:14:39
1919,REQ00001919,75,33.0,37.0,1,3.0,1,2025-10-20 16:51:15,2025-10-20 16:53:41,2025-10-20 17:02:39,2025-10-20 17:22:21,Completed,9.85,19.7,50.0,1.2,10.0,0.0,0.0,19.94,269.24,Cash,,,2025-10-20 17:22:21
1920,REQ00001920,488,14.0,17.0,10,49.0,48,2025-03-04 18:59:17,2025-03-04 19:02:14,2025-03-04 19:16:33,2025-03-04 20:42:27,Completed,33.39,85.9,30.0,1.5,5.0,0.0,21.53,46.56,607.06,Cash,,,2025-03-04 20:42:27
1921,REQ00001921,468,11.0,13.0,3,13.0,14,2024-08-27 08:00:24,2024-08-27 08:02:49,2024-08-27 08:08:41,2024-08-27 09:22:35,Completed,29.21,73.9,100.0,1.5,15.0,0.0,0.0,106.07,1432.0,Mobile Wallet,,,2024-08-27 09:22:35
1922,REQ00001922,6,42.0,47.0,2,8.0,7,2025-05-05 16:18:57,2025-05-05 16:19:23,2025-05-05 16:32:05,2025-05-05 17:38:23,Completed,26.49,66.3,150.0,1.0,25.0,0.0,0.0,98.79,1333.69,Mobile Wallet,,,2025-05-05 17:38:23
1923,REQ00001923,145,42.0,47.0,2,10.0,7,2025-08-02 08:53:30,2025-08-02 08:55:47,2025-08-02 08:57:44,2025-08-02 09:03:50,Completed,2.92,6.1,150.0,1.5,25.0,0.0,0.0,34.44,464.94,Mobile Wallet,,,2025-08-02 09:03:50
1924,REQ00001924,194,14.0,17.0,10,49.0,50,2025-06-18 05:01:57,2025-06-18 05:03:35,,,Driver_Cancelled,,,,1.0,,,,,,,Other,Driver,2025-06-18 05:03:35
1925,REQ00001925,394,96.0,106.0,1,3.0,4,2024-02-16 13:51:39,2024-02-16 13:52:00,2024-02-16 13:57:31,2024-02-16 14:23:13,Completed,9.84,25.7,30.0,1.2,5.0,0.0,14.81,13.38,165.87,Credit Card,,,2024-02-16 14:23:13
1926,REQ00001926,66,84.0,94.0,4,18.0,19,2025-12-02 04:33:44,2025-12-02 04:36:29,2025-12-02 04:51:12,2025-12-02 05:11:30,Completed,11.45,20.3,70.0,1.2,12.0,0.0,0.0,28.26,381.48,Mobile Wallet,,,2025-12-02 05:11:30
1927,REQ00001927,281,36.0,40.0,7,32.0,33,2024-07-31 12:21:56,2024-07-31 12:23:24,,,Rider_Cancelled,,,,1.2,,,,,,,High Fare,Rider,2024-07-31 12:23:24
1928,REQ00001928,301,70.0,77.0,9,42.0,43,2024-01-25 07:03:55,2024-01-25 07:06:29,,,Rider_Cancelled,,,,1.5,,,,,,,High Fare,Rider,2024-01-25 07:06:29
1929,REQ00001929,473,70.0,77.0,9,45.0,43,2024-03-26 13:41:18,2024-03-26 13:42:00,2024-03-26 13:47:19,2024-03-26 15:03:55,Completed,33.8,76.6,120.0,1.0,18.0,0.0,0.0,88.91,1200.31,Cash,,,2024-03-26 15:03:55
1930,REQ00001930,380,46.0,51.0,1,4.0,3,2024-03-12 07:30:36,2024-03-12 07:31:32,2024-03-12 07:43:52,2024-03-12 08:56:22,Completed,21.96,72.5,50.0,1.5,10.0,0.0,0.0,51.87,700.27,Cash,,,2024-03-12 08:56:22
1931,REQ00001931,242,90.0,100.0,2,8.0,10,2025-12-19 13:36:33,2025-12-19 13:39:45,2025-12-19 13:42:06,2025-12-19 14:37:18,Completed,30.61,55.2,50.0,1.0,10.0,0.0,0.0,40.81,550.93,Cash,,,2025-12-19 14:37:18
1932,REQ00001932,486,11.0,13.0,3,14.0,13,2024-12-06 19:47:19,2024-12-06 19:49:05,2024-12-06 19:53:11,2024-12-06 20:38:53,Completed,26.83,45.7,100.0,1.5,15.0,0.0,0.0,91.9,1240.67,Credit Card,,,2024-12-06 20:38:53
1933,REQ00001933,479,49.0,54.0,2,6.0,9,2025-05-27 07:42:02,2025-05-27 07:45:42,2025-05-27 07:54:39,2025-05-27 08:17:09,Completed,8.37,22.5,70.0,1.5,12.0,0.0,0.0,30.31,409.13,Debit Card,,,2025-05-27 08:17:09
1934,REQ00001934,123,46.0,51.0,1,5.0,2,2025-08-02 04:18:20,2025-08-02 04:20:07,2025-08-02 04:27:34,2025-08-02 04:41:52,Completed,3.82,14.3,50.0,1.5,10.0,0.0,23.96,15.27,182.25,Mobile Wallet,,,2025-08-02 04:41:52
1935,REQ00001935,56,93.0,103.0,5,22.0,25,2024-08-01 01:26:37,2024-08-01 01:27:32,2024-08-01 01:41:24,2024-08-01 01:44:24,Completed,1.3,3.0,50.0,1.2,10.0,0.0,0.0,7.69,103.81,Credit Card,,,2024-08-01 01:44:24
1936,REQ00001936,419,82.0,91.0,10,46.0,47,2024-10-28 03:15:13,2024-10-28 03:16:15,,,Driver_Cancelled,,,,1.2,,,,,,,Too Far,Driver,2024-10-28 03:16:15
1937,REQ00001937,369,46.0,51.0,1,3.0,4,2025-06-18 04:21:23,2025-06-18 04:24:32,2025-06-18 04:36:26,2025-06-18 05:16:38,Completed,17.28,40.2,50.0,1.2,10.0,0.0,0.0,31.46,424.65,Cash,,,2025-06-18 05:16:38
1938,REQ00001938,106,64.0,70.0,4,16.0,20,2024-04-30 15:40:11,2024-04-30 15:41:14,2024-04-30 15:55:26,2024-04-30 16:12:20,Completed,5.18,16.9,150.0,1.0,25.0,0.0,0.0,31.84,429.84,Credit Card,,,2024-04-30 16:12:20
1939,REQ00001939,263,75.0,82.0,4,16.0,20,2025-02-17 04:11:01,2025-02-17 04:15:39,2025-02-17 04:28:55,2025-02-17 04:45:19,Completed,4.12,16.4,30.0,1.2,5.0,0.0,0.0,8.1,109.33,Cash,,,2025-02-17 04:45:19
1940,REQ00001940,159,74.0,81.0,9,41.0,42,2024-06-23 05:05:59,2024-06-23 05:07:42,2024-06-23 05:18:14,2024-06-23 05:26:44,Completed,1.18,8.5,70.0,1.2,12.0,0.0,0.0,11.2,151.24,Credit Card,,,2024-06-23 05:26:44
1941,REQ00001941,450,69.0,76.0,9,41.0,44,2024-05-13 14:49:12,2024-05-13 14:51:57,2024-05-13 15:00:10,2024-05-13 15:28:58,Completed,12.29,28.8,70.0,1.0,12.0,0.0,0.0,25.92,349.87,Mobile Wallet,,,2024-05-13 15:28:58
1942,REQ00001942,103,47.0,52.0,5,24.0,23,2025-01-10 15:27:01,2025-01-10 15:31:10,,,Driver_Cancelled,,,,1.0,,,,,,,Too Far,Driver,2025-01-10 15:31:10
1943,REQ00001943,42,86.0,96.0,9,45.0,43,2024-01-05 22:27:59,2024-01-05 22:31:17,,,Accepted,,,,1.0,,,,,,,,,2024-01-05 22:31:17
1944,REQ00001944,144,25.0,28.0,5,25.0,22,2025-08-28 04:08:30,2025-08-28 04:13:05,2025-08-28 04:26:25,2025-08-28 04:29:37,Completed,2.48,3.2,30.0,1.2,5.0,0.0,0.0,5.57,75.22,Credit Card,,,2025-08-28 04:29:37
1945,REQ00001945,458,93.0,103.0,5,24.0,25,2024-05-01 19:12:08,2024-05-01 19:16:47,2024-05-01 19:27:50,2024-05-01 19:42:44,Completed,5.03,14.9,50.0,1.5,10.0,0.0,0.0,17.13,231.19,Mobile Wallet,,,2024-05-01 19:42:44
1946,REQ00001946,499,20.0,23.0,3,15.0,14,2024-11-04 08:38:55,2024-11-04 08:40:02,2024-11-04 08:49:39,2024-11-04 08:59:03,Completed,5.4,9.4,70.0,1.5,12.0,20.0,0.0,24.22,326.92,Mobile Wallet,,,2024-11-04 08:59:03
1947,REQ00001947,165,4.0,4.0,1,5.0,1,2025-11-21 01:52:16,2025-11-21 01:56:41,2025-11-21 01:59:28,2025-11-21 02:02:28,Completed,2.99,3.0,70.0,2.0,12.0,20.0,0.0,24.46,330.16,Debit Card,,,2025-11-21 02:02:28
1948,REQ00001948,333,79.0,87.0,6,30.0,28,2025-04-20 16:08:52,2025-04-20 16:11:09,2025-04-20 16:21:54,2025-04-20 16:53:00,Completed,12.6,31.1,150.0,1.5,25.0,100.0,0.0,93.29,1259.39,Credit Card,,,2025-04-20 16:53:00
1949,REQ00001949,229,58.0,64.0,7,35.0,32,2024-01-07 13:20:08,2024-01-07 13:25:03,,,Rider_Cancelled,,,,1.2,,,,,,,Other,Rider,2024-01-07 13:25:03
1950,REQ00001950,364,42.0,47.0,2,7.0,6,2024-11-20 00:46:52,2024-11-20 00:48:30,,,Rider_Cancelled,,,,1.5,,,,,,,Driver Delayed,Rider,2024-11-20 00:48:30
1951,REQ00001951,423,28.0,31.0,8,37.0,40,2024-02-20 09:14:21,2024-02-20 09:18:55,2024-02-20 09:29:44,2024-02-20 10:21:44,Completed,23.4,52.0,70.0,1.5,12.0,20.0,0.0,66.84,902.34,Credit Card,,,2024-02-20 10:21:44
1952,REQ00001952,87,4.0,4.0,1,3.0,4,2024-04-17 06:53:21,2024-04-17 06:54:58,2024-04-17 07:09:02,2024-04-17 07:34:20,Completed,9.93,25.3,70.0,1.2,12.0,0.0,0.0,27.03,364.89,Mobile Wallet,,,2024-04-17 07:34:20
1953,REQ00001953,361,79.0,87.0,6,27.0,29,2024-07-17 05:03:39,2024-07-17 05:06:34,2024-07-17 05:19:49,2024-07-17 05:34:25,Completed,4.08,14.6,150.0,1.0,25.0,0.0,0.0,28.46,384.26,Cash,,,2024-07-17 05:34:25
1954,REQ00001954,378,90.0,100.0,2,10.0,8,2025-09-03 13:56:34,2025-09-03 14:01:04,2025-09-03 14:03:03,2025-09-03 14:47:45,Completed,14.35,44.7,50.0,1.0,10.0,0.0,0.0,23.94,323.19,Debit Card,,,2025-09-03 14:47:45
1955,REQ00001955,427,,,2,6.0,9,2025-11-25 02:39:21,,,,No_Driver_Available,,,,1.2,,,,,,,,,2025-11-25 02:39:21
1956,REQ00001956,383,49.0,54.0,2,7.0,8,2025-03-08 17:50:26,2025-03-08 17:55:03,2025-03-08 17:57:21,2025-03-08 18:47:03,Completed,17.93,49.7,70.0,2.0,12.0,0.0,0.0,72.06,972.76,Cash,,,2025-03-08 18:47:03
1957,REQ00001957,233,49.0,54.0,2,6.0,10,2025-08-09 12:01:50,2025-08-09 12:04:02,2025-08-09 12:09:05,2025-08-09 12:15:59,Completed,4.0,6.9,70.0,1.2,12.0,0.0,0.0,14.96,201.92,Credit Card,,,2025-08-09 12:15:59
1958,REQ00001958,239,68.0,75.0,8,40.0,36,2024-11-03 10:21:04,2024-11-03 10:21:47,2024-11-03 10:29:46,2024-11-03 10:33:52,Completed,3.41,4.1,150.0,1.2,25.0,0.0,0.0,28.2,380.64,Cash,,,2024-11-03 10:33:52
1959,REQ00001959,278,,,2,7.0,8,2024-10-29 21:46:34,,,,No_Driver_Available,,,,1.2,,,,,,,,,2024-10-29 21:46:34
1960,REQ00001960,488,82.0,91.0,10,49.0,48,2024-01-30 10:15:19,2024-01-30 10:15:51,2024-01-30 10:25:12,2024-01-30 11:29:48,Completed,24.63,64.6,50.0,1.0,10.0,0.0,0.0,36.2,488.66,Cash,,,2024-01-30 11:29:48
1961,REQ00001961,251,46.0,51.0,1,1.0,2,2024-06-14 04:50:34,2024-06-14 04:53:15,,,Accepted,,,,1.2,,,,,,,,,2024-06-14 04:53:15
1962,REQ00001962,106,78.0,86.0,4,16.0,19,2025-03-16 11:43:30,2025-03-16 11:47:42,2025-03-16 11:51:26,2025-03-16 12:03:56,Completed,5.89,12.5,50.0,1.2,10.0,0.0,0.0,14.35,193.67,Debit Card,,,2025-03-16 12:03:56
1963,REQ00001963,499,11.0,13.0,3,12.0,13,2024-10-17 17:37:45,2024-10-17 17:39:46,2024-10-17 17:49:42,2024-10-17 18:38:24,Completed,18.76,48.7,100.0,1.5,15.0,0.0,0.0,73.43,991.36,Cash,,,2024-10-17 18:38:24
1964,REQ00001964,260,54.0,60.0,2,8.0,9,2024-12-31 01:02:59,2024-12-31 01:03:50,2024-12-31 01:11:09,2024-12-31 02:10:27,Completed,30.37,59.3,50.0,1.2,10.0,20.0,0.0,51.21,691.28,Cash,,,2024-12-31 02:10:27
1965,REQ00001965,301,69.0,76.0,9,44.0,45,2025-04-23 16:06:30,2025-04-23 16:07:40,2025-04-23 16:11:44,2025-04-23 16:16:14,Completed,2.0,4.5,70.0,1.0,12.0,0.0,0.0,9.68,130.68,Credit Card,,,2025-04-23 16:16:14
1966,REQ00001966,126,6.0,6.0,5,21.0,22,2024-04-16 22:33:39,2024-04-16 22:37:53,2024-04-16 22:51:45,2024-04-16 23:00:03,Completed,3.01,8.3,150.0,1.2,25.0,100.0,0.0,38.26,516.46,Mobile Wallet,,,2024-04-16 23:00:03
1967,REQ00001967,15,86.0,96.0,9,42.0,41,2024-01-15 18:25:34,2024-01-15 18:26:24,,,Driver_Cancelled,,,,1.5,,,,,,,Too Far,Driver,2024-01-15 18:26:24
1968,REQ00001968,136,84.0,94.0,4,20.0,18,2025-12-16 11:38:41,2025-12-16 11:40:11,2025-12-16 11:53:59,2025-12-16 12:30:17,Completed,20.66,36.3,70.0,1.0,12.0,0.0,0.0,37.16,501.66,Cash,,,2025-12-16 12:30:17
1969,REQ00001969,459,47.0,52.0,5,23.0,22,2025-07-13 13:21:40,2025-07-13 13:23:07,2025-07-13 13:32:21,2025-07-13 14:56:39,Completed,29.3,84.3,70.0,1.2,12.0,0.0,84.32,66.25,810.05,Mobile Wallet,,,2025-07-13 14:56:39
1970,REQ00001970,248,12.0,14.0,2,8.0,6,2025-04-29 06:49:03,2025-04-29 06:53:45,2025-04-29 07:06:10,2025-04-29 07:23:52,Completed,9.42,17.7,50.0,1.0,10.0,0.0,0.0,15.97,215.56,Mobile Wallet,,,2025-04-29 07:23:52
1971,REQ00001971,299,86.0,96.0,9,42.0,41,2024-12-05 03:45:42,2024-12-05 03:50:04,2024-12-05 03:56:20,2024-12-05 04:13:14,Completed,5.82,16.9,100.0,1.2,15.0,0.0,0.0,26.27,354.65,Credit Card,,,2024-12-05 04:13:14
1972,REQ00001972,496,54.0,60.0,2,8.0,10,2024-06-18 00:16:22,2024-06-18 00:17:21,2024-06-18 00:23:54,2024-06-18 01:39:30,Completed,28.87,75.6,50.0,1.2,10.0,100.0,0.0,59.5,803.31,Debit Card,,,2024-06-18 01:39:30
1973,REQ00001973,276,16.0,19.0,3,11.0,13,2024-08-13 03:22:21,2024-08-13 03:26:04,2024-08-13 03:33:50,2024-08-13 04:13:50,Completed,18.74,40.0,150.0,1.2,25.0,0.0,0.0,86.13,1162.77,Cash,,,2024-08-13 04:13:50
1974,REQ00001974,499,16.0,19.0,3,12.0,14,2024-10-27 16:09:55,2024-10-27 16:11:09,2024-10-27 16:24:06,2024-10-27 16:33:06,Completed,3.88,9.0,150.0,1.2,25.0,0.0,0.0,31.43,424.31,Cash,,,2024-10-27 16:33:06
1975,REQ00001975,350,70.0,77.0,9,44.0,41,2024-04-17 19:17:34,2024-04-17 19:20:09,2024-04-17 19:34:42,2024-04-17 19:48:12,Completed,5.71,13.5,120.0,1.5,18.0,0.0,0.0,36.49,492.67,Cash,,,2024-04-17 19:48:12
1976,REQ00001976,209,96.0,106.0,1,5.0,1,2024-09-02 23:13:37,2024-09-02 23:15:21,,,Driver_Cancelled,,,,1.2,,,,,,,Low Fare,Driver,2024-09-02 23:15:21
1977,REQ00001977,246,9.0,11.0,1,5.0,3,2025-03-25 03:03:07,2025-03-25 03:06:50,,,Driver_Cancelled,,,,1.2,,,,,,,Personal Reason,Driver,2025-03-25 03:06:50
1978,REQ00001978,345,90.0,100.0,2,10.0,6,2025-03-29 21:01:38,2025-03-29 21:06:29,,,Rider_Cancelled,,,,1.2,,,,,,,Long ETA,Rider,2025-03-29 21:06:29
1979,REQ00001979,201,87.0,97.0,1,5.0,4,2025-01-09 10:27:00,2025-01-09 10:31:42,2025-01-09 10:43:11,2025-01-09 11:39:53,Completed,25.35,56.7,120.0,1.2,18.0,0.0,0.0,83.12,1122.08,Credit Card,,,2025-01-09 11:39:53
1980,REQ00001980,311,49.0,54.0,2,9.0,8,2024-05-25 00:44:07,2024-05-25 00:44:53,2024-05-25 00:55:42,2024-05-25 01:55:24,Completed,18.66,59.7,70.0,1.2,12.0,0.0,29.39,46.2,594.37,Cash,,,2024-05-25 01:55:24
1981,REQ00001981,239,,,8,37.0,38,2024-01-02 07:08:49,,,,No_Driver_Available,,,,1.5,,,,,,,,,2024-01-02 07:08:49
1982,REQ00001982,467,28.0,31.0,8,39.0,38,2025-08-23 17:21:36,2025-08-23 17:22:03,,,Rider_Cancelled,,,,1.5,,,,,,,Other,Rider,2025-08-23 17:22:03
1983,REQ00001983,55,29.0,32.0,1,4.0,5,2025-03-15 10:16:06,2025-03-15 10:20:09,2025-03-15 10:22:53,2025-03-15 10:37:35,Completed,8.08,14.7,70.0,1.2,12.0,0.0,0.0,22.33,301.45,Cash,,,2025-03-15 10:37:35
1984,REQ00001984,140,75.0,82.0,4,16.0,19,2024-06-09 22:02:44,2024-06-09 22:07:02,2024-06-09 22:13:54,2024-06-09 22:16:54,Completed,1.77,3.0,30.0,1.2,5.0,0.0,0.0,5.01,67.6,Credit Card,,,2024-06-09 22:16:54
1985,REQ00001985,467,8.0,9.0,8,37.0,38,2024-03-14 16:01:12,2024-03-14 16:03:51,2024-03-14 16:10:48,2024-03-14 17:44:30,Completed,33.18,93.7,70.0,1.0,12.0,0.0,0.0,61.37,828.47,Mobile Wallet,,,2024-03-14 17:44:30
1986,REQ00001986,33,3.0,3.0,8,36.0,40,2025-08-29 10:52:12,2025-08-29 10:56:43,2025-08-29 11:09:45,2025-08-29 11:13:51,Completed,3.65,4.1,50.0,1.2,10.0,0.0,0.0,10.56,142.5,Credit Card,,,2025-08-29 11:13:51
1987,REQ00001987,430,74.0,81.0,9,42.0,43,2024-12-15 15:51:33,2024-12-15 15:52:17,2024-12-15 15:58:08,2024-12-15 17:51:56,Completed,34.94,113.8,70.0,1.2,12.0,0.0,0.0,80.04,1080.48,Credit Card,,,2024-12-15 17:51:56
1988,REQ00001988,257,,,2,8.0,10,2025-03-21 15:26:24,,,,No_Driver_Available,,,,1.0,,,,,,,,,2025-03-21 15:26:24
1989,REQ00001989,264,45.0,50.0,3,12.0,14,2025-01-09 19:07:20,2025-01-09 19:10:31,2025-01-09 19:14:11,2025-01-09 19:22:35,Completed,2.58,8.4,70.0,1.5,12.0,0.0,0.0,16.5,222.75,Credit Card,,,2025-01-09 19:22:35
1990,REQ00001990,255,42.0,47.0,2,9.0,8,2024-07-10 16:31:14,2024-07-10 16:31:53,,,Rider_Cancelled,,,,1.0,,,,,,,Driver Delayed,Rider,2024-07-10 16:31:53
1991,REQ00001991,343,69.0,76.0,9,42.0,43,2024-02-01 09:11:31,2024-02-01 09:14:34,2024-02-01 09:19:55,2024-02-01 09:59:25,Completed,17.28,39.5,70.0,1.5,12.0,0.0,0.0,50.42,680.72,Credit Card,,,2024-02-01 09:59:25
1992,REQ00001992,187,21.0,24.0,5,22.0,24,2024-01-11 04:10:12,2024-01-11 04:11:50,2024-01-11 04:18:51,2024-01-11 04:36:57,Completed,4.88,18.1,30.0,1.2,5.0,0.0,0.0,8.85,119.42,Cash,,,2024-01-11 04:36:57
1993,REQ00001993,127,46.0,51.0,1,2.0,4,2025-02-14 23:29:55,2025-02-14 23:30:47,,,Rider_Cancelled,,,,1.0,,,,,,,Long ETA,Rider,2025-02-14 23:30:47
1994,REQ00001994,230,70.0,77.0,9,42.0,43,2024-02-28 06:06:22,2024-02-28 06:07:09,2024-02-28 06:21:46,2024-02-28 07:09:34,Completed,21.21,47.8,120.0,1.0,18.0,0.0,0.0,59.84,807.86,Mobile Wallet,,,2024-02-28 07:09:34
1995,REQ00001995,497,49.0,54.0,2,8.0,9,2024-04-27 11:52:58,2024-04-27 11:53:36,2024-04-27 12:08:03,2024-04-27 13:08:57,Completed,33.42,60.9,70.0,1.2,12.0,100.0,117.76,77.29,925.65,Cash,,,2024-04-27 13:08:57
1996,REQ00001996,414,47.0,52.0,5,23.0,25,2025-12-19 15:39:11,2025-12-19 15:42:07,,,Rider_Cancelled,,,,1.0,,,,,,,Driver Delayed,Rider,2025-12-19 15:42:07
1997,REQ00001997,443,49.0,54.0,2,8.0,10,2024-10-23 02:57:20,2024-10-23 03:01:14,2024-10-23 03:08:03,2024-10-23 03:58:33,Completed,19.61,50.5,70.0,1.2,12.0,20.0,0.0,47.73,644.31,Mobile Wallet,,,2024-10-23 03:58:33
1998,REQ00001998,264,22.0,25.0,3,14.0,15,2025-07-04 12:02:17,2025-07-04 12:05:40,2025-07-04 12:08:00,2025-07-04 12:11:42,Completed,2.53,3.7,50.0,1.2,10.0,0.0,0.0,9.21,124.3,Mobile Wallet,,,2025-07-04 12:11:42
1999,REQ00001999,52,86.0,96.0,9,44.0,42,2025-03-05 13:06:44,2025-03-05 13:10:47,2025-03-05 13:18:08,2025-03-05 13:40:38,Completed,9.76,22.5,100.0,1.2,15.0,50.0,0.0,39.98,539.72,Bank Transfer,,,2025-03-05 13:40:38
2000,REQ00002000,469,12.0,14.0,2,6.0,10,2025-04-26 22:55:00,2025-04-26 22:59:12,,,Driver_Cancelled,,,,1.2,,,,,,,Vehicle Issue,Driver,2025-04-26 22:59:12
726,REQ00000726,15,70.0,77.0,9,44.0,41,2025-04-20 04:27:05,2025-04-20 04:32:04,2025-04-20 04:33:26,2025-04-20 04:44:56,Completed,2.67,11.5,120.0,1.2,18.0,0.0,0.0,22.2,299.69,Debit Card,,,2025-04-20 04:44:56
1705,REQ00001705,338,5.0,5.0,7,31.0,35,2024-05-23 13:53:53,2024-05-23 13:57:21,2024-05-23 14:06:56,2024-05-23 14:11:14,Completed,3.83,4.3,30.0,1.0,5.0,20.0,0.0,7.2,97.14,Cash,,,2024-05-23 14:11:14
